{
    "pools":[
        {
            "rolls":4,
            "entries":[
                {
                    "type": "minecraft:tag",
                    "name": "minecraft:fishes",
                    "expand": true
                }
            ]
        },
        {
            "rolls":1,
            "entries":[
                {
                    "type":"minecraft:item",
                    "name":"minecraft:fishing_rod"
                }
            ]
        }
    ]
}