{
    "pools":[
        {
            "rolls":2,
            "entries":[
                {
                    "type":"minecraft:tag",
                    "name":"ctov:leather_armour",
                    "expand": true
                }
            ]
        },
        {
            "rolls":1,
            "entries":[
                {
                    "type":"minecraft:item",
                    "name":"minecraft:leather",
                    "functions": [
                        {
                            "function":"set_count",
                            "count": {
                                "min": 2,
                                "max": 5
                            }
                        }
                    ]
                }
            ]
        }
    ]
}