{
  "display": {
    "icon": {
      "item": "minecraft:totem_of_undying"
    },
    "title": "And another one",
    "description": {
      "text": "I'm sick of all this water ",
      "extra": [
        {
          "text": "xBCrafted",
          "color": "dark_gray",
          "italic": true
        }
      ]
    },
    "frame": "goal"
  },
  "parent": "hermitcraft:xbcrafted/make_it_home",
  "criteria": {
    "be_in_mansion": {
      "trigger": "minecraft:location",
      "conditions": {
        "location": {
          "feature": "mansion"
        }
      }
    }
  }
}
