{
  "display": {
    "icon": {
      "item": "minecraft:prismarine"
    },
    "title": "Make it your home",
    "description": {
      "text": "Ocean monuments make a great base! ",
      "extra": [
        {
          "text": "xBCrafted",
          "color": "dark_gray",
          "italic": true
        }
      ]
    }
  },
  "parent": "hermitcraft:xbcrafted/root",
  "criteria": {
    "mine_all_blocks": {
      "trigger": "minecraft:tick",
      "conditions": {
        "player": [
          {
            "condition": "minecraft:entity_properties",
            "entity": "this",
            "predicate": {
              "location": {
                "feature": "monument"
              },
              "player": {
                "stats": [
                  {
                    "type": "minecraft:mined",
                    "stat": "minecraft:sea_lantern",
                    "value": {
                      "min": 1
                    }
                  },
                  {
                    "type": "minecraft:mined",
                    "stat": "minecraft:sponge",
                    "value": {
                      "min": 1
                    }
                  },
                  {
                    "type": "minecraft:mined",
                    "stat": "minecraft:gold_block",
                    "value": {
                      "min": 1
                    }
                  },
                  {
                    "type": "minecraft:mined",
                    "stat": "minecraft:dark_prismarine",
                    "value": {
                      "min": 1
                    }
                  },
                  {
                    "type": "minecraft:mined",
                    "stat": "minecraft:prismarine_bricks",
                    "value": {
                      "min": 1
                    }
                  },
                  {
                    "type": "minecraft:mined",
                    "stat": "minecraft:prismarine",
                    "value": {
                      "min": 1
                    }
                  }
                ]
              }
            }
          }
        ]
      }
    }
  }
}