{
  "display": {
    "icon": {
      "item": "minecraft:player_head",
      "nbt": "{display:{Name:\"{\\\"text\\\":\\\"\\\"}\"},SkullOwner:{Id:[I;996717776,-1342488074,-1268093501,318547314],Properties:{textures:[{Value:\"eyJ0ZXh0dXJlcyI6eyJTS0lOIjp7InVybCI6Imh0dHA6Ly90ZXh0dXJlcy5taW5lY3JhZnQubmV0L3RleHR1cmUvOGMxOGQ0MzZmZGFkZTU1MmM1NTNiMDMzZWM3OGZlZTcyYjIxNjBmNTA0MTE5MDkyM2Q1NDk5M2JmY2I1NjI3MyJ9fX0=\"}]}}}"
    },
    "title": "xBCrafted",
    "description": "xBCrafted's Challenges",
    "show_toast": false,
    "announce_to_chat": false
  },
  "parent": "hermitcraft:root",
  "criteria": {
    "empty": {
      "trigger": "minecraft:location"
    }
  }
}
