{
  "display": {
    "icon": {
      "item": "minecraft:red_wool"
    },
    "title": "Wololo",
    "description": {
      "text": "Red sheep, blue sheep ",
      "extra": [
        {
          "text": "xBCrafted",
          "color": "dark_gray",
          "italic": true
        }
      ]
    },
    "frame": "challenge"
  },
  "parent": "hermitcraft:xbcrafted/and_another_one",
  "criteria": {
    "wooloo": {
      "trigger": "minecraft:player_interacted_with_entity",
      "conditions": {
        "item": {
          "items": [
            "minecraft:name_tag"
          ],
          "nbt": "{display:{Name:'{\"text\":\"Wololo\"}'}}"
        },
        "entity": [
          {
            "condition": "minecraft:entity_properties",
            "entity": "this",
            "predicate": {
              "type": "minecraft:evoker"
            }
          }
        ]
      }
    }
  }
}