{
  "name": "kaisyn:village/jungle_tribal/streets",
  "fallback": "kaisyn:village/jungle_tribal/terminators",
  "elements": [
    {
      "weight": 2,
      "element": {
        "location": "kaisyn:village/jungle_tribal/streets/corner_01",
        "processors": "kaisyn:street_jungle",
        "projection": "terrain_matching",
        "element_type": "minecraft:legacy_single_pool_element"
      }
    },
    {
      "weight": 2,
      "element": {
        "location": "kaisyn:village/jungle_tribal/streets/corner_02",
        "processors": "kaisyn:street_jungle",
        "projection": "terrain_matching",
        "element_type": "minecraft:legacy_single_pool_element"
      }
    },
    {
      "weight": 2,
      "element": {
        "location": "kaisyn:village/jungle_tribal/streets/corner_03",
        "processors": "kaisyn:street_jungle",
        "projection": "terrain_matching",
        "element_type": "minecraft:legacy_single_pool_element"
      }
    },
    {
      "weight": 4,
      "element": {
        "location": "kaisyn:village/jungle_tribal/streets/straight_01",
        "processors": "kaisyn:street_jungle",
        "projection": "terrain_matching",
        "element_type": "minecraft:legacy_single_pool_element"
      }
    },
    {
      "weight": 4,
      "element": {
        "location": "kaisyn:village/jungle_tribal/streets/straight_02",
        "processors": "kaisyn:street_jungle",
        "projection": "terrain_matching",
        "element_type": "minecraft:legacy_single_pool_element"
      }
    },
    {
      "weight": 7,
      "element": {
        "location": "kaisyn:village/jungle_tribal/streets/straight_03",
        "processors": "kaisyn:street_jungle",
        "projection": "terrain_matching",
        "element_type": "minecraft:legacy_single_pool_element"
      }
    },
    {
      "weight": 7,
      "element": {
        "location": "kaisyn:village/jungle_tribal/streets/straight_04",
        "processors": "kaisyn:street_jungle",
        "projection": "terrain_matching",
        "element_type": "minecraft:legacy_single_pool_element"
      }
    },
    {
      "weight": 3,
      "element": {
        "location": "kaisyn:village/jungle_tribal/streets/straight_05",
        "processors": "kaisyn:street_jungle",
        "projection": "terrain_matching",
        "element_type": "minecraft:legacy_single_pool_element"
      }
    },
    {
      "weight": 4,
      "element": {
        "location": "kaisyn:village/jungle_tribal/streets/straight_06",
        "processors": "kaisyn:street_jungle",
        "projection": "terrain_matching",
        "element_type": "minecraft:legacy_single_pool_element"
      }
    },
    {
      "weight": 2,
      "element": {
        "location": "kaisyn:village/jungle_tribal/streets/crossroad_01",
        "processors": "kaisyn:street_jungle",
        "projection": "terrain_matching",
        "element_type": "minecraft:legacy_single_pool_element"
      }
    },
    {
      "weight": 1,
      "element": {
        "location": "kaisyn:village/jungle_tribal/streets/crossroad_02",
        "processors": "kaisyn:street_jungle",
        "projection": "terrain_matching",
        "element_type": "minecraft:legacy_single_pool_element"
      }
    },
    {
      "weight": 2,
      "element": {
        "location": "kaisyn:village/jungle_tribal/streets/crossroad_03",
        "processors": "kaisyn:street_jungle",
        "projection": "terrain_matching",
        "element_type": "minecraft:legacy_single_pool_element"
      }
    },
    {
      "weight": 2,
      "element": {
        "location": "kaisyn:village/jungle_tribal/streets/crossroad_04",
        "processors": "kaisyn:street_jungle",
        "projection": "terrain_matching",
        "element_type": "minecraft:legacy_single_pool_element"
      }
    },
    {
      "weight": 2,
      "element": {
        "location": "kaisyn:village/jungle_tribal/streets/crossroad_05",
        "processors": "kaisyn:street_jungle",
        "projection": "terrain_matching",
        "element_type": "minecraft:legacy_single_pool_element"
      }
    },
    {
      "weight": 2,
      "element": {
        "location": "kaisyn:village/jungle_tribal/streets/crossroad_06",
        "processors": "kaisyn:street_jungle",
        "projection": "terrain_matching",
        "element_type": "minecraft:legacy_single_pool_element"
      }
    },
    {
      "weight": 3,
      "element": {
        "location": "kaisyn:village/jungle_tribal/streets/turn_01",
        "processors": "kaisyn:street_jungle",
        "projection": "terrain_matching",
        "element_type": "minecraft:legacy_single_pool_element"
      }
    }
  ]
}
