{
  "starts": [
    "minecraft:mineshaft",
    "minecraft:stronghold"
  ],
  "spawners": {
    "water_ambient": [],
    "ambient": [
      {
        "type": "minecraft:bat",
        "weight": 10,
        "minCount": 8,
        "maxCount": 8
      }
    ],
    "misc": [],
    "water_creature": [],
    "creature": [],
    "monster": [
      {
        "type": "minecraft:spider",
        "weight": 100,
        "minCount": 4,
        "maxCount": 4
      },
      {
        "type": "minecraft:zombie",
        "weight": 95,
        "minCount": 4,
        "maxCount": 4
      },
      {
        "type": "minecraft:zombie_villager",
        "weight": 5,
        "minCount": 1,
        "maxCount": 1
      },
      {
        "type": "minecraft:skeleton",
        "weight": 200,
        "minCount": 4,
        "maxCount": 4
      },
      {
        "type": "minecraft:slime",
        "weight": 100,
        "minCount": 4,
        "maxCount": 4
      },
      {
        "type": "minecraft:witch",
        "weight": 5,
        "minCount": 1,
        "maxCount": 1
      }
    ]
  },
  "spawn_costs": {},
  "player_spawn_friendly": false,
  "surface_builder": "mmb:petrified_forest",
  "carvers": {
    "air": [
      "mmb:cave_double",
      "mmb:canyon_double"
    ]
  },
  "features": [
    [],
    [
      "mmb:lake_lava_common"
    ],
    [],
    [
      "minecraft:monster_room"
    ],
    [],
    [],
    [
      "minecraft:ore_dirt",
      "minecraft:ore_gravel",
      "minecraft:ore_coal",
      "minecraft:ore_iron",
      "minecraft:ore_gold",
      "minecraft:ore_redstone",
      "minecraft:ore_diamond",
      "minecraft:ore_lapis"
    ],
    [],
    [
      "minecraft:spring_lava",
      "mmb:petrified_forest/trees",
      "mmb:minimal_grass"
    ],
    [
      "minecraft:freeze_top_layer"
    ]
  ],
  "scale": 0.125,
  "temperature": 0.5,
  "downfall": 0.0,
  "effects": {
    "mood_sound": {
      "sound": "minecraft:ambient.cave",
      "tick_delay": 2000,
      "block_search_extent": 8,
      "offset": 2.0
    },
    "sky_color": 9478328,
    "fog_color": 12112096,
    "foliage_color": 11579568,
    "grass_color": 11053224,
    "water_color": 8958144,
    "water_fog_color": 5281960,
    "particle": {
      "options": {
        "type": "minecraft:mycelium"
      },
      "probability": 0.00025
    }
  },
  "precipitation": "none",
  "category": "forest",
  "depth": 0.35
}