{
  "starts": [
    "minecraft:pillager_outpost",
    "mmb:pillager_settlement",
    "minecraft:mineshaft",
    "minecraft:stronghold",
    "minecraft:ruined_portal"
  ],
  "spawners": {
    "monster": [
      {
        "type": "minecraft:spider",
        "weight": 100,
        "minCount": 4,
        "maxCount": 4
      },
      {
        "type": "minecraft:zombie",
        "weight": 19,
        "minCount": 4,
        "maxCount": 4
      },
      {
        "type": "minecraft:zombie_villager",
        "weight": 1,
        "minCount": 1,
        "maxCount": 1
      },
      {
        "type": "minecraft:skeleton",
        "weight": 100,
        "minCount": 4,
        "maxCount": 4
      },
      {
        "type": "minecraft:creeper",
        "weight": 100,
        "minCount": 4,
        "maxCount": 4
      },
      {
        "type": "minecraft:slime",
        "weight": 100,
        "minCount": 4,
        "maxCount": 4
      },
      {
        "type": "minecraft:enderman",
        "weight": 10,
        "minCount": 1,
        "maxCount": 4
      },
      {
        "type": "minecraft:witch",
        "weight": 20,
        "minCount": 1,
        "maxCount": 4
      },
      {
        "type": "minecraft:husk",
        "weight": 80,
        "minCount": 4,
        "maxCount": 4
      },
      {
        "type": "minecraft:pillager",
        "weight": 100,
        "minCount": 4,
        "maxCount": 4
      },
      {
        "type": "minecraft:ravager",
        "weight": 1,
        "minCount": 1,
        "maxCount": 1
      }
    ],
    "creature": [],
    "ambient": [
      {
        "type": "minecraft:bat",
        "weight": 10,
        "minCount": 8,
        "maxCount": 8
      }
    ],
    "water_creature": [],
    "water_ambient": [],
    "misc": []
  },
  "spawn_costs": {
    "minecraft:pillager": {
      "energy_budget": 0.1,
      "charge": 0.5
    },
    "minecraft:ravager": {
      "energy_budget": 0.3,
      "charge": 1.0
    }
  },
  "player_spawn_friendly": false,
  "surface_builder": "mmb:scorched_dryland",
  "carvers": {
    "air": [
      "minecraft:cave",
      "minecraft:canyon"
    ]
  },
  "features": [
    [],
    [
      "minecraft:lake_lava"
    ],
    [],
    [
      "minecraft:monster_room"
    ],
    [],
    [],
    [
      "minecraft:ore_dirt",
      "minecraft:ore_gravel",
      "minecraft:ore_granite",
      "minecraft:ore_diorite",
      "minecraft:ore_andesite",
      "minecraft:ore_coal",
      "minecraft:ore_iron",
      "minecraft:ore_gold",
      "minecraft:ore_redstone",
      "minecraft:ore_diamond",
      "minecraft:ore_lapis",
      "mmb:scorched_dryland/coarse_dirt",
      "mmb:scorched_dryland/sand",
      "minecraft:disk_sand",
      "minecraft:disk_gravel"
    ],
    [],
    [
      "mmb:minimal_grass",
      "mmb:dead_bush_common",
      "mmb:scorched_dryland/trees",
      "minecraft:brown_mushroom_normal",
      "minecraft:red_mushroom_normal",
      "minecraft:spring_water",
      "minecraft:spring_lava"
    ],
    [
      "minecraft:freeze_top_layer"
    ]
  ],
  "scale": 0.075,
  "temperature": 1.5,
  "downfall": 0.0,
  "effects": {
    "mood_sound": {
      "sound": "minecraft:ambient.cave",
      "tick_delay": 6000,
      "block_search_extent": 8,
      "offset": 2.0
    },
    "sky_color": 8961023,
    "fog_color": 12108016,
    "foliage_color": 11049040,
    "grass_color": 8939584,
    "water_color": 4159204,
    "water_fog_color": 329011
  },
  "precipitation": "none",
  "category": "desert",
  "depth": 0.25
}