{
  "starts": [
    "minecraft:ocean_ruin_warm",
    "minecraft:mineshaft",
    "minecraft:buried_treasure",
    "minecraft:shipwreck_beached",
    "minecraft:ruined_portal_ocean"
  ],
  "spawners": {
    "water_ambient": [
      {
        "type": "minecraft:pufferfish",
        "weight": 5,
        "minCount": 1,
        "maxCount": 3
      },
      {
        "type": "minecraft:tropical_fish",
        "weight": 25,
        "minCount": 8,
        "maxCount": 8
      }
    ],
    "ambient": [
      {
        "type": "minecraft:bat",
        "weight": 10,
        "minCount": 8,
        "maxCount": 8
      }
    ],
    "misc": [],
    "water_creature": [
      {
        "type": "minecraft:squid",
        "weight": 5,
        "minCount": 2,
        "maxCount": 4
      },
      {
        "type": "minecraft:dolphin",
        "weight": 10,
        "minCount": 1,
        "maxCount": 2
      }
    ],
    "creature": [
      {
        "type": "minecraft:turtle",
        "weight": 50,
        "minCount": 2,
        "maxCount": 4
      },
      {
        "type": "minecraft:parrot",
        "weight": 10,
        "minCount": 2,
        "maxCount": 4
      }
    ],
    "monster": [
      {
        "type": "minecraft:spider",
        "weight": 100,
        "minCount": 4,
        "maxCount": 4
      },
      {
        "type": "minecraft:zombie",
        "weight": 95,
        "minCount": 4,
        "maxCount": 4
      },
      {
        "type": "minecraft:zombie_villager",
        "weight": 5,
        "minCount": 1,
        "maxCount": 1
      },
      {
        "type": "minecraft:skeleton",
        "weight": 100,
        "minCount": 4,
        "maxCount": 4
      },
      {
        "type": "minecraft:creeper",
        "weight": 100,
        "minCount": 4,
        "maxCount": 4
      },
      {
        "type": "minecraft:slime",
        "weight": 100,
        "minCount": 4,
        "maxCount": 4
      },
      {
        "type": "minecraft:enderman",
        "weight": 10,
        "minCount": 1,
        "maxCount": 4
      },
      {
        "type": "minecraft:witch",
        "weight": 5,
        "minCount": 1,
        "maxCount": 1
      },
      {
        "type": "minecraft:ocelot",
        "weight": 5,
        "minCount": 4,
        "maxCount": 4
      }
    ]
  },
  "spawn_costs": {},
  "player_spawn_friendly": false,
  "surface_builder": "mmb:tropical_islands",
  "carvers": {
    "liquid": [
      "minecraft:underwater_canyon",
      "minecraft:underwater_cave"
    ],
    "air": [
      "minecraft:ocean_cave",
      "minecraft:canyon"
    ]
  },
  "features": [
    [],
    [
      "mmb:lake_water_uncommon",
      "mmb:lake_lava_rare"
    ],
    [],
    [
      "minecraft:monster_room"
    ],
    [],
    [],
    [
      "minecraft:ore_dirt",
      "minecraft:ore_gravel",
      "minecraft:ore_granite",
      "minecraft:ore_diorite",
      "minecraft:ore_andesite",
      "minecraft:ore_coal",
      "minecraft:ore_iron",
      "minecraft:ore_gold",
      "minecraft:ore_redstone",
      "minecraft:ore_diamond",
      "minecraft:ore_lapis",
      "minecraft:disk_sand",
      "mmb:tropical_islands/sand_beaches"
    ],
    [],
    [
      "mmb:tropical_islands/rock",
      "mmb:tropical_islands/palm",
      "mmb:tropical_islands/palm_extra",
      "mmb:tropical_islands/place_magenta",
      "mmb:tropical_islands/remove_magenta",
      "mmb:tropical_islands/grass",
      "mmb:tropical_islands/flowers",
      "minecraft:brown_mushroom_normal",
      "minecraft:red_mushroom_normal",
      "minecraft:patch_sugar_cane",
      "minecraft:patch_melon",
      "minecraft:vines",
      "minecraft:spring_water",
      "minecraft:spring_lava",
      "mmb:tropical_islands/corals",
      "mmb:tropical_islands/seagrass",
      "mmb:tropical_islands/pickles"
    ],
    [
      "minecraft:freeze_top_layer"
    ]
  ],
  "scale": 0.11,
  "temperature": 0.8,
  "downfall": 0.9,
  "effects": {
    "mood_sound": {
      "sound": "minecraft:ambient.cave",
      "tick_delay": 6000,
      "block_search_extent": 8,
      "offset": 2.0
    },
    "sky_color": 8103167,
    "fog_color": 12638463,
    "water_color": 4446698,
    "water_fog_color": 270131
  },
  "precipitation": "rain",
  "category": "beach",
  "depth": -0.375
}