{
  "effects": {
    "mood_sound": {
      "sound": "minecraft:ambient.cave",
      "tick_delay": 6000,
      "block_search_extent": 8,
      "offset": 2.0
    },
    "sky_color": 7906544,
    "fog_color": 12639484,
    "foliage_color": 6338624,
    "grass_color": 6335560,
    "water_color": 6336736,
    "water_fog_color": 536640
  },
  "surface_builder": "mmb:shallow_grass",
  "carvers": {
    "air": [
      "minecraft:cave",
      "minecraft:canyon"
    ]
  },
  "features": [
    [
      "mmb:plateau/fill_magenta",
      "mmb:plateau/river_base",
      "mmb:plateau/river_edge_1",
      "mmb:plateau/river_edge_2",
      "mmb:plateau/river_edge_3",
      "mmb:plateau/river_edge_4",
      "mmb:plateau/river_rocks_1",
      "mmb:plateau/river_rocks_2",
      "mmb:plateau/river_deep",
      "mmb:plateau/river_ores",
      "mmb:plateau/river_cobble",
      "mmb:plateau/stone_1",
      "mmb:plateau/stone_2"
    ],
    [
      "mmb:lake_water_rare",
      "minecraft:lake_lava"
    ],
    [],
    [
      "minecraft:monster_room"
    ],
    [],
    [],
    [
      "minecraft:ore_dirt",
      "minecraft:ore_gravel",
      "minecraft:ore_granite",
      "minecraft:ore_diorite",
      "minecraft:ore_andesite",
      "minecraft:ore_coal",
      "minecraft:ore_iron",
      "minecraft:ore_gold",
      "minecraft:ore_redstone",
      "minecraft:ore_diamond",
      "minecraft:ore_lapis"
    ],
    [],
    [
      "mmb:plateau/rocks_1",
      "mmb:plateau/rocks_2",
      "mmb:plateau/spruce_1",
      "mmb:plateau/spruce_2",
      "mmb:plateau/trees_1",
      "mmb:plateau/trees_2",
      "mmb:plateau/grass_1",
      "mmb:plateau/grass_2",
      "mmb:plateau/berries_1",
      "mmb:plateau/berries_2",
      "mmb:plateau/flowers_1",
      "mmb:plateau/flowers_2",
      "mmb:plateau/tall_flowers_1",
      "mmb:plateau/tall_flowers_2",
      "mmb:plateau/seagrass",
      "mmb:plateau/remove_magenta",
      "minecraft:brown_mushroom_normal",
      "minecraft:red_mushroom_normal",
      "minecraft:spring_water",
      "minecraft:spring_lava"
    ],
    [
      "minecraft:freeze_top_layer"
    ]
  ],
  "starts": [
    "minecraft:mineshaft",
    "minecraft:stronghold",
    "minecraft:ruined_portal"
  ],
  "spawners": {
    "monster": [
      {
        "type": "minecraft:spider",
        "weight": 100,
        "minCount": 4,
        "maxCount": 4
      },
      {
        "type": "minecraft:zombie",
        "weight": 95,
        "minCount": 4,
        "maxCount": 4
      },
      {
        "type": "minecraft:zombie_villager",
        "weight": 5,
        "minCount": 1,
        "maxCount": 1
      },
      {
        "type": "minecraft:skeleton",
        "weight": 100,
        "minCount": 4,
        "maxCount": 4
      },
      {
        "type": "minecraft:creeper",
        "weight": 100,
        "minCount": 4,
        "maxCount": 4
      },
      {
        "type": "minecraft:slime",
        "weight": 100,
        "minCount": 4,
        "maxCount": 4
      },
      {
        "type": "minecraft:enderman",
        "weight": 10,
        "minCount": 1,
        "maxCount": 4
      },
      {
        "type": "minecraft:witch",
        "weight": 5,
        "minCount": 1,
        "maxCount": 1
      }
    ],
    "creature": [
      {
        "type": "minecraft:sheep",
        "weight": 12,
        "minCount": 4,
        "maxCount": 4
      },
      {
        "type": "minecraft:pig",
        "weight": 10,
        "minCount": 4,
        "maxCount": 4
      },
      {
        "type": "minecraft:chicken",
        "weight": 10,
        "minCount": 4,
        "maxCount": 4
      },
      {
        "type": "minecraft:cow",
        "weight": 16,
        "minCount": 4,
        "maxCount": 4
      },
      {
        "type": "minecraft:wolf",
        "weight": 6,
        "minCount": 3,
        "maxCount": 4
      },
      {
        "type": "minecraft:fox",
        "weight": 2,
        "minCount": 2,
        "maxCount": 4
      }
    ],
    "ambient": [
      {
        "type": "minecraft:bat",
        "weight": 10,
        "minCount": 8,
        "maxCount": 8
      }
    ],
    "water_creature": [],
    "water_ambient": [],
    "misc": []
  },
  "spawn_costs": {},
  "player_spawn_friendly": true,
  "precipitation": "rain",
  "temperature": 0.6,
  "downfall": 0.9,
  "category": "forest",
  "depth": 1.8,
  "scale": 0.0125
}