{
  "config": {
    "feature": {
      "config": {
        "feature": {
          "config": {
            "feature": {
              "config": {
                "feature": {
                  "config": {
                    "target": {
                      "block": "minecraft:grass_block",
                      "predicate_type": "minecraft:block_match"
                    },
                    "state": {
                      "Name": "minecraft:coarse_dirt"
                    },
                    "size": 18
                  },
                  "type": "minecraft:ore"
                },
                "decorator": {
                  "config": {
                    "chance": 15
                  },
                  "type": "minecraft:chance"
                }
              },
              "type": "minecraft:decorated"
            },
            "decorator": {
              "config": {
                "outer": {
                  "config": {},
                  "type": "minecraft:square"
                },
                "inner": {
                  "config": {},
                  "type": "minecraft:heightmap_world_surface"
                }
              },
              "type": "minecraft:decorated"
            }
          },
          "type": "minecraft:decorated"
        },
        "decorator": {
          "config": {
            "noise_to_count_ratio": 7,
            "noise_factor": 240.0,
            "noise_offset": 0.9
          },
          "type": "minecraft:count_noise_biased"
        }
      },
      "type": "minecraft:decorated"
    },
    "decorator": {
      "config": {
        "noise_to_count_ratio": 7,
        "noise_factor": 240.0,
        "noise_offset": 0.9
      },
      "type": "minecraft:count_noise_biased"
    }
  },
  "type": "minecraft:decorated"
}