{
  "config": {
    "feature": {
      "config": {
        "feature": {
          "config": {
            "max_water_depth": 2,
            "ignore_vines": true,
            "heightmap": "OCEAN_FLOOR",
            "minimum_size": {
              "limit": 2,
              "lower_size": 0,
              "upper_size": 2,
              "type": "minecraft:two_layers_feature_size"
            },
            "decorators": [],
            "trunk_provider": {
              "entries": [
                {
                  "weight": 4,
                  "data": {
                    "Name": "minecraft:mossy_cobblestone"
                  }
                },
                {
                  "weight": 1,
                  "data": {
                    "Name": "minecraft:cobblestone"
                  }
                }
              ],
              "type": "minecraft:weighted_state_provider"
            },
            "leaves_provider": {
              "entries": [
                {
                  "weight": 4,
                  "data": {
                    "Name": "minecraft:mossy_cobblestone"
                  }
                },
                {
                  "weight": 1,
                  "data": {
                    "Name": "minecraft:cobblestone"
                  }
                }
              ],
              "type": "minecraft:weighted_state_provider"
            },
            "foliage_placer": {
              "radius": {
                "base": 2,
                "spread": 1
              },
              "offset": 0,
              "height": 4,
              "type": "minecraft:fancy_foliage_placer"
            },
            "trunk_placer": {
              "base_height": 2,
              "height_rand_a": 0,
              "height_rand_b": 0,
              "type": "minecraft:straight_trunk_placer"
            }
          },
          "type": "minecraft:tree"
        },
        "decorator": {
          "config": {
            "outer": {
              "config": {},
              "type": "minecraft:square"
            },
            "inner": {
              "config": {},
              "type": "minecraft:heightmap"
            }
          },
          "type": "minecraft:decorated"
        }
      },
      "type": "minecraft:decorated"
    },
    "decorator": {
      "config": {
        "count": 0,
        "extra_chance": 0.5,
        "extra_count": 1
      },
      "type": "minecraft:count_extra"
    }
  },
  "type": "minecraft:decorated"
}