{
  "config": {
    "feature": {
      "config": {
        "feature": {
          "config": {
            "feature": {
              "config": {
                "target": {
                  "block": "minecraft:grass_block",
                  "predicate_type": "minecraft:block_match"
                },
                "state": {
                  "Properties": {
                    "snowy": "false"
                  },
                  "Name": "minecraft:podzol"
                },
                "size": 28
              },
              "type": "minecraft:ore"
            },
            "decorator": {
              "config": {
                "chance": 5
              },
              "type": "minecraft:chance"
            }
          },
          "type": "minecraft:decorated"
        },
        "decorator": {
          "config": {
            "outer": {
              "config": {},
              "type": "minecraft:square"
            },
            "inner": {
              "config": {},
              "type": "minecraft:heightmap_world_surface"
            }
          },
          "type": "minecraft:decorated"
        }
      },
      "type": "minecraft:decorated"
    },
    "decorator": {
      "config": {
        "noise_to_count_ratio": 10,
        "noise_factor": 240.0,
        "noise_offset": -0.3
      },
      "type": "minecraft:count_noise_biased"
    }
  },
  "type": "minecraft:decorated"
}