{
  "config": {
    "feature": {
      "config": {
        "feature": {
          "config": {
            "features": [
              {
                "feature": "mmb:sequoia_forest/sequoia_medium",
                "chance": 0.35
              },
              {
                "feature": "mmb:sequoia_forest/sequoia_supertall",
                "chance": 0.15
              },
              {
                "feature": "mmb:sequoia_forest/sequoia_trunk_remains",
                "chance": 0.005
              }
            ],
            "default": "mmb:sequoia_forest/sequoia_tall"
          },
          "type": "minecraft:random_selector"
        },
        "decorator": {
          "config": {
            "outer": {
              "config": {},
              "type": "minecraft:iceberg"
            },
            "inner": {
              "config": {},
              "type": "minecraft:top_solid_heightmap"
            }
          },
          "type": "minecraft:decorated"
        }
      },
      "type": "minecraft:decorated"
    },
    "decorator": {
      "config": {
        "count": 0,
        "extra_chance": 0.3,
        "extra_count": 1
      },
      "type": "minecraft:count_extra"
    }
  },
  "type": "minecraft:decorated"
}