{
  "config": {
    "feature": {
      "config": {
        "feature": {
          "config": {
            "features": [
              {
                "feature": {
                  "config": {
                    "max_water_depth": 0,
                    "ignore_vines": true,
                    "heightmap": "OCEAN_FLOOR",
                    "minimum_size": {
                      "limit": 3,
                      "lower_size": 3,
                      "upper_size": 3,
                      "type": "minecraft:two_layers_feature_size"
                    },
                    "decorators": [],
                    "trunk_provider": {
                      "state": {
                        "Properties": {
                          "axis": "y"
                        },
                        "Name": "minecraft:spruce_log"
                      },
                      "type": "minecraft:simple_state_provider"
                    },
                    "leaves_provider": {
                      "state": {
                        "Properties": {
                          "persistent": "false",
                          "distance": "7"
                        },
                        "Name": "minecraft:spruce_leaves"
                      },
                      "type": "minecraft:simple_state_provider"
                    },
                    "foliage_placer": {
                      "radius": {
                        "base": 2,
                        "spread": 1
                      },
                      "offset": {
                        "base": 0,
                        "spread": 2
                      },
                      "trunk_height": {
                        "base": 4,
                        "spread": 3
                      },
                      "type": "minecraft:spruce_foliage_placer"
                    },
                    "trunk_placer": {
                      "base_height": 12,
                      "height_rand_a": 5,
                      "height_rand_b": 4,
                      "type": "minecraft:giant_trunk_placer"
                    }
                  },
                  "type": "minecraft:tree"
                },
                "chance": 0.3
              }
            ],
            "default": {
              "config": {
                "max_water_depth": 0,
                "ignore_vines": true,
                "heightmap": "OCEAN_FLOOR",
                "minimum_size": {
                  "limit": 3,
                  "lower_size": 3,
                  "upper_size": 3,
                  "type": "minecraft:two_layers_feature_size"
                },
                "decorators": [],
                "trunk_provider": {
                  "state": {
                    "Properties": {
                      "axis": "y"
                    },
                    "Name": "minecraft:spruce_log"
                  },
                  "type": "minecraft:simple_state_provider"
                },
                "leaves_provider": {
                  "state": {
                    "Properties": {
                      "persistent": "false",
                      "distance": "7"
                    },
                    "Name": "minecraft:spruce_leaves"
                  },
                  "type": "minecraft:simple_state_provider"
                },
                "foliage_placer": {
                  "radius": {
                    "base": 2,
                    "spread": 1
                  },
                  "offset": {
                    "base": 0,
                    "spread": 2
                  },
                  "trunk_height": {
                    "base": 4,
                    "spread": 2
                  },
                  "type": "minecraft:spruce_foliage_placer"
                },
                "trunk_placer": {
                  "base_height": 10,
                  "height_rand_a": 4,
                  "height_rand_b": 4,
                  "type": "minecraft:straight_trunk_placer"
                }
              },
              "type": "minecraft:tree"
            }
          },
          "type": "minecraft:random_selector"
        },
        "decorator": {
          "config": {
            "outer": {
              "config": {},
              "type": "minecraft:square"
            },
            "inner": {
              "config": {},
              "type": "minecraft:heightmap_world_surface"
            }
          },
          "type": "minecraft:decorated"
        }
      },
      "type": "minecraft:decorated"
    },
    "decorator": {
      "config": {
        "count": 1,
        "extra_chance": 0.75,
        "extra_count": 1
      },
      "type": "minecraft:count_extra"
    }
  },
  "type": "minecraft:decorated"
}