{
  "config": {
    "features": [
      {
        "feature": {
          "config": {
            "max_water_depth": 0,
            "ignore_vines": true,
            "heightmap": "OCEAN_FLOOR",
            "minimum_size": {
              "limit": 1,
              "lower_size": 0,
              "upper_size": 2,
              "type": "minecraft:two_layers_feature_size"
            },
            "decorators": [],
            "trunk_provider": {
              "state": {
                "Properties": {
                  "axis": "y"
                },
                "Name": "minecraft:oak_log"
              },
              "type": "minecraft:simple_state_provider"
            },
            "leaves_provider": {
              "state": {
                "Name": "minecraft:air"
              },
              "type": "minecraft:simple_state_provider"
            },
            "foliage_placer": {
              "radius": 2,
              "offset": 0,
              "type": "minecraft:acacia_foliage_placer"
            },
            "trunk_placer": {
              "base_height": 4,
              "height_rand_a": 4,
              "height_rand_b": 3,
              "type": "minecraft:forking_trunk_placer"
            }
          },
          "type": "minecraft:tree"
        },
        "chance": 0.35
      }
    ],
    "default": {
      "config": {
        "max_water_depth": 0,
        "ignore_vines": true,
        "heightmap": "MOTION_BLOCKING",
        "minimum_size": {
          "limit": 0,
          "lower_size": 0,
          "upper_size": 0,
          "min_clipped_height": 4,
          "type": "minecraft:two_layers_feature_size"
        },
        "decorators": [],
        "trunk_provider": {
          "state": {
            "Properties": {
              "axis": "y"
            },
            "Name": "minecraft:oak_log"
          },
          "type": "minecraft:simple_state_provider"
        },
        "leaves_provider": {
          "state": {
            "Name": "minecraft:air"
          },
          "type": "minecraft:simple_state_provider"
        },
        "foliage_placer": {
          "radius": 2,
          "offset": 4,
          "height": 4,
          "type": "minecraft:fancy_foliage_placer"
        },
        "trunk_placer": {
          "base_height": 7,
          "height_rand_a": 6,
          "height_rand_b": 2,
          "type": "minecraft:fancy_trunk_placer"
        }
      },
      "type": "minecraft:tree"
    }
  },
  "type": "minecraft:random_selector"
}