{
    "display": {
        "icon": {
            "item": "minecraft:netherite_boots"
        },
        "title": {"translate":"Explorer of Worlds"},
        "description": {"color":"#FF2A2A","translate":"Discover every biome in every dimension"},
        "announce_to_chat": false,
        "frame": "challenge"
    },
    "parent": "blazeandcave:challenges/a_million_blocks_away",	
    "rewards": {
		"function": "bc_rewards:challenges/explorer_of_worlds"
    },	
    "criteria": {
        "river": {
            "trigger": "minecraft:location",
            "conditions": {
                "biome": "minecraft:river"
            }
        },
        "swamp": {
            "trigger": "minecraft:location",
            "conditions": {
                "biome": "minecraft:swamp"
            }
        },
        "desert": {
            "trigger": "minecraft:location",
            "conditions": {
                "biome": "minecraft:desert"
            }
        },
        "snowy_taiga": {
            "trigger": "minecraft:location",
            "conditions": {
                "biome": "minecraft:snowy_taiga"
            }
        },
        "badlands": {
            "trigger": "minecraft:location",
            "conditions": {
                "biome": "minecraft:badlands"
            }
        },
        "forest": {
            "trigger": "minecraft:location",
            "conditions": {
                "biome": "minecraft:forest"
            }
        },
        "stony_shore": {
            "trigger": "minecraft:location",
            "conditions": {
                "biome": "minecraft:stony_shore"
            }
        },
        "snowy_plains": {
            "trigger": "minecraft:location",
            "conditions": {
                "biome": "minecraft:snowy_plains"
            }
        },
        "wooded_badlands": {
            "trigger": "minecraft:location",
            "conditions": {
                "biome": "minecraft:wooded_badlands"
            }
        },
        "savanna": {
            "trigger": "minecraft:location",
            "conditions": {
                "biome": "minecraft:savanna"
            }
        },
        "plains": {
            "trigger": "minecraft:location",
            "conditions": {
                "biome": "minecraft:plains"
            }
        },
        "frozen_river": {
            "trigger": "minecraft:location",
            "conditions": {
                "biome": "minecraft:frozen_river"
            }
        },
        "old_growth_pine_taiga": {
            "trigger": "minecraft:location",
            "conditions": {
                "biome": "minecraft:old_growth_pine_taiga"
            }
        },
        "snowy_beach": {
            "trigger": "minecraft:location",
            "conditions": {
                "biome": "minecraft:snowy_beach"
            }
        },
        "deep_ocean": {
            "trigger": "minecraft:location",
            "conditions": {
                "biome": "minecraft:deep_ocean"
            }
        },
        "sparse_jungle": {
            "trigger": "minecraft:location",
            "conditions": {
                "biome": "minecraft:sparse_jungle"
            }
        },
        "ocean": {
            "trigger": "minecraft:location",
            "conditions": {
                "biome": "minecraft:ocean"
            }
        },
        "windswept_hills": {
            "trigger": "minecraft:location",
            "conditions": {
                "biome": "minecraft:windswept_hills"
            }
        },
        "jungle": {
            "trigger": "minecraft:location",
            "conditions": {
                "biome": "minecraft:jungle"
            }
        },
        "beach": {
            "trigger": "minecraft:location",
            "conditions": {
                "biome": "minecraft:beach"
            }
        },
        "savanna_plateau": {
            "trigger": "minecraft:location",
            "conditions": {
                "biome": "minecraft:savanna_plateau"
            }
        },
        "dark_forest": {
            "trigger": "minecraft:location",
            "conditions": {
                "biome": "minecraft:dark_forest"
            }
        },
        "taiga": {
            "trigger": "minecraft:location",
            "conditions": {
                "biome": "minecraft:taiga"
            }
        },
        "birch_forest": {
            "trigger": "minecraft:location",
            "conditions": {
                "biome": "minecraft:birch_forest"
            }
        },
        "mushroom_fields": {
            "trigger": "minecraft:location",
            "conditions": {
                "biome": "minecraft:mushroom_fields"
            }
        },
        "windswept_forest": {
            "trigger": "minecraft:location",
            "conditions": {
                "biome": "minecraft:windswept_forest"
            }
        },
        "cold_ocean": {
            "trigger": "minecraft:location",
            "conditions": {
                "biome": "minecraft:cold_ocean"
            }
        },
        "warm_ocean": {
            "trigger": "minecraft:location",
            "conditions": {
                "biome": "minecraft:warm_ocean"
            }
        },
        "lukewarm_ocean": {
            "trigger": "minecraft:location",
            "conditions": {
                "biome": "minecraft:lukewarm_ocean"
            }
        },
        "frozen_ocean": {
            "trigger": "minecraft:location",
            "conditions": {
                "biome": "minecraft:frozen_ocean"
            }
        },
        "deep_frozen_ocean": {
            "trigger": "minecraft:location",
            "conditions": {
                "biome": "minecraft:deep_frozen_ocean"
            }
        },
        "deep_lukewarm_ocean": {
            "trigger": "minecraft:location",
            "conditions": {
                "biome": "minecraft:deep_lukewarm_ocean"
            }
        },
        "deep_cold_ocean": {
            "trigger": "minecraft:location",
            "conditions": {
                "biome": "minecraft:deep_cold_ocean"
            }
        },
        "bamboo_jungle": {
            "trigger": "minecraft:location",
            "conditions": {
                "biome": "minecraft:bamboo_jungle"
            }
        },
        "sunflower_plains": {
            "trigger": "minecraft:location",
            "conditions": {
                "biome": "minecraft:sunflower_plains"
            }
        },
        "windswept_gravelly_hills": {
            "trigger": "minecraft:location",
            "conditions": {
                "biome": "minecraft:windswept_gravelly_hills"
            }
        },
        "flower_forest": {
            "trigger": "minecraft:location",
            "conditions": {
                "biome": "minecraft:flower_forest"
            }
        },
        "ice_spikes": {
            "trigger": "minecraft:location",
            "conditions": {
                "biome": "minecraft:ice_spikes"
            }
        },
        "old_growth_birch_forest": {
            "trigger": "minecraft:location",
            "conditions": {
                "biome": "minecraft:old_growth_birch_forest"
            }
        },
        "old_growth_spruce_taiga": {
            "trigger": "minecraft:location",
            "conditions": {
                "biome": "minecraft:old_growth_spruce_taiga"
            }
        },
        "windswept_savanna": {
            "trigger": "minecraft:location",
            "conditions": {
                "biome": "minecraft:windswept_savanna"
            }
        },
        "eroded_badlands": {
            "trigger": "minecraft:location",
            "conditions": {
                "biome": "minecraft:eroded_badlands"
            }
        },
        "meadow": {
            "trigger": "minecraft:location",
            "conditions": {
                "biome": "minecraft:meadow"
            }
        },
        "grove": {
            "trigger": "minecraft:location",
            "conditions": {
                "biome": "minecraft:grove"
            }
        },
        "snowy_slopes": {
            "trigger": "minecraft:location",
            "conditions": {
                "biome": "minecraft:snowy_slopes"
            }
        },
        "frozen_peaks": {
            "trigger": "minecraft:location",
            "conditions": {
                "biome": "minecraft:frozen_peaks"
            }
        },
        "jagged_peaks": {
            "trigger": "minecraft:location",
            "conditions": {
                "biome": "minecraft:jagged_peaks"
            }
        },
        "stony_peaks": {
            "trigger": "minecraft:location",
            "conditions": {
                "biome": "minecraft:stony_peaks"
            }
        },
        "lush_caves": {
            "trigger": "minecraft:location",
            "conditions": {
                "biome": "minecraft:lush_caves"
            }
        },
        "dripstone_caves": {
            "trigger": "minecraft:location",
            "conditions": {
                "biome": "minecraft:dripstone_caves"
            }
        },
        "nether_wastes": {
            "trigger": "minecraft:location",
            "conditions": {
                "biome": "minecraft:nether_wastes"
            }
        },
        "crimson_forest": {
            "trigger": "minecraft:location",
            "conditions": {
                "biome": "minecraft:crimson_forest"
            }
        },
        "warped_forest": {
            "trigger": "minecraft:location",
            "conditions": {
                "biome": "minecraft:warped_forest"
            }
        },
        "soul_sand_valley": {
            "trigger": "minecraft:location",
            "conditions": {
                "biome": "minecraft:soul_sand_valley"
            }
        },
        "basalt_deltas": {
            "trigger": "minecraft:location",
            "conditions": {
                "biome": "minecraft:basalt_deltas"
            }
        },
        "the_end": {
            "trigger": "minecraft:location",
            "conditions": {
                "biome": "minecraft:the_end"
            }
        },
        "small_end_islands": {
            "trigger": "minecraft:location",
            "conditions": {
                "biome": "minecraft:small_end_islands"
            }
        },
        "end_highlands": {
            "trigger": "minecraft:location",
            "conditions": {
                "biome": "minecraft:end_highlands"
            }
        },
        "end_midlands": {
            "trigger": "minecraft:location",
            "conditions": {
                "biome": "minecraft:end_midlands"
            }
        },
        "end_barrens": {
            "trigger": "minecraft:location",
            "conditions": {
                "biome": "minecraft:end_barrens"
            }
        }
    }
}