{
	"__comment": "Made by Mickey Joe Alpha",
	"textures": {
		"front_top": "block/acacia_door_top",
		"hinged_bottom": "block/door_side_hinged_bottom_1",
		"side_bottom": "block/door_side_bottom_1",
		"top": "block/door_top_1",
		"bottom": "block/door_bottom_1",
		"front_bottom": "block/acacia_door_bottom",
		"hinged_top": "block/door_side_hinged_top_1",
		"side_top": "block/door_side_top_1"
	},
	"elements": [ 	 
		{
			"__comment": "Element",
			"from": [ 6.5, 16, 0 ],
			"to": [ 9.5, 17, 16 ],
			"faces": {
				"up": { "uv": [ 16, 3, 0, 6 ], "texture": "#top", "rotation": 270 },
				"north": { "uv": [ 3, 15, 6, 16 ], "texture": "#hinged_top" },
				"south": { "uv": [ 3, 15, 6, 16 ], "texture": "#side_top" },
				"west": { "uv": [ 0, 15, 16, 16 ], "texture": "#front_top" },
				"east": { "uv": [ 16, 15, 0, 16 ], "texture": "#front_top" }
			}
		},
		{
			"__comment": "Element",
			"from": [ 6.5, 29, 0 ],
			"to": [ 9.5, 32, 16 ],
			"faces": {
				"down": { "uv": [ 16, 3, 0, 6 ], "texture": "#bottom", "rotation": 270 },
				"up": { "uv": [ 0, 3, 16, 6 ], "texture": "#top", "rotation": 90 },
				"north": { "uv": [ 3, 0, 6, 3 ], "texture": "#hinged_top" },
				"south": { "uv": [ 3, 0, 6, 3 ], "texture": "#side_top" },
				"west": { "uv": [ 0, 0, 16, 3 ], "texture": "#front_top" },
				"east": { "uv": [ 16, 0, 0, 3 ], "texture": "#front_top" }
			}
		},
		{
			"__comment": "Element",
			"from": [ 6.5, 17, 13 ],
			"to": [ 9.5, 29, 16 ],
			"faces": {
				"north": { "uv": [ 2, 3, 14, 6 ], "texture": "#top", "rotation": 90 },
				"south": { "uv": [ 3, 3, 6, 15 ], "texture": "#side_top" },
				"west": { "uv": [ 13, 3, 16, 15 ], "texture": "#front_top" },
				"east": { "uv": [ 16, 3, 13, 15 ], "texture": "#front_top" }
			}
		},
		{
			"__comment": "Element",
			"from": [ 6.5, 17, 0 ],
			"to": [ 9.5, 29, 3 ],
			"faces": {
				"north": { "uv": [ 3, 3, 6, 15 ], "texture": "#hinged_top" },
				"south": { "uv": [ 2, 3, 14, 6 ], "texture": "#bottom", "rotation": 90 },
				"west": { "uv": [ 0, 3, 3, 15 ], "texture": "#front_top" },
				"east": { "uv": [ 3, 3, 0, 15 ], "texture": "#front_top" }
			}
		},
		{
			"__comment": "Element",
			"from": [ 6.5, 17, 5 ],
			"to": [ 9.5, 29, 7 ],
			"faces": {
				"north": { "uv": [ 2, 3, 14, 6 ], "texture": "#top", "rotation": 90 },
				"south": { "uv": [ 2, 3, 14, 6 ], "texture": "#bottom", "rotation": 90 },
				"west": { "uv": [ 5, 3, 7, 15 ], "texture": "#front_top" },
				"east": { "uv": [ 7, 3, 5, 15 ], "texture": "#front_top" }
			}
		},
		{
			"__comment": "Element",
			"from": [ 6.5, 17, 9 ],
			"to": [ 9.5, 29, 11 ],
			"faces": {
				"north": { "uv": [ 2, 3, 14, 6 ], "texture": "#top", "rotation": 90 },
				"south": { "uv": [ 2, 3, 14, 6 ], "texture": "#bottom", "rotation": 90 },
				"west": { "uv": [ 9, 3, 11, 15 ], "texture": "#front_top" },
				"east": { "uv": [ 11, 3, 9, 15 ], "texture": "#front_top" }
			}
		},
		{
			"__comment": "Element",
			"from": [ 5.625, 16, 12 ],
			"to": [ 6.5, 17, 15 ],
			"faces": {
				"down": { "uv": [ 12, 15, 15, 16 ], "texture": "#front_top", "rotation": 270 },
				"up": { "uv": [ 15, 15, 12, 16 ], "texture": "#front_top", "rotation": 270 },
				"north": { "uv": [ 12, 15, 13, 16 ], "texture": "#front_top" },
				"south": { "uv": [ 14, 15, 15, 16 ], "texture": "#front_top" },
				"west": { "uv": [ 15, 15, 12, 16 ], "texture": "#front_top", "rotation": 180 }
			}
		},
		{
			"__comment": "Element",
			"from": [ 6.5, 0, 0 ],
			"to": [ 9.5, 3, 16 ],
			"faces": {
				"down": { "uv": [ 16, 6, 0, 3 ], "texture": "#bottom", "rotation": 90 },
				"up": { "uv": [ 0, 3, 16, 6 ], "texture": "#top", "rotation": 90 },
				"north": { "uv": [ 3, 13, 6, 16 ], "texture": "#hinged_bottom" },
				"south": { "uv": [ 3, 13, 6, 16 ], "texture": "#side_bottom" },
				"west": { "uv": [ 0, 13, 16, 16 ], "texture": "#front_bottom" },
				"east": { "uv": [ 16, 13, 0, 16 ], "texture": "#front_bottom" }
			}
		},
		{
			"__comment": "Element",
			"from": [ 6.5, 15, 0 ],
			"to": [ 9.5, 16, 16 ],
			"faces": {
				"down": { "uv": [ 0, 3, 16, 6 ], "texture": "#bottom", "rotation": 270 },
				"north": { "uv": [ 3, 0, 6, 1 ], "texture": "#hinged_bottom" },
				"south": { "uv": [ 3, 0, 6, 1 ], "texture": "#side_bottom" },
				"west": { "uv": [ 0, 0, 16, 1 ], "texture": "#front_bottom" },
				"east": { "uv": [ 16, 0, 0, 1 ], "texture": "#front_bottom" }
			}
		},
		{
			"__comment": "Element",
			"from": [ 6.5, 3, 13 ],
			"to": [ 9.5, 15, 16 ],
			"faces": {
				"north": { "uv": [ 2, 3, 14, 6 ], "texture": "#top", "rotation": 90 },
				"south": { "uv": [ 3, 1, 6, 13 ], "texture": "#side_bottom" },
				"west": { "uv": [ 13, 1, 16, 13 ], "texture": "#front_bottom" },
				"east": { "uv": [ 16, 1, 13, 13 ], "texture": "#front_bottom" }
			}
		},
		{
			"__comment": "Element",
			"from": [ 6.5, 3, 0 ],
			"to": [ 9.5, 15, 3 ],
			"faces": {
				"north": { "uv": [ 3, 1, 6, 13 ], "texture": "#hinged_bottom" },
				"south": { "uv": [ 2, 3, 14, 6 ], "texture": "#bottom", "rotation": 90 },
				"west": { "uv": [ 0, 1, 3, 13 ], "texture": "#front_bottom" },
				"east": { "uv": [ 3, 1, 0, 13 ], "texture": "#front_bottom" }
			}
		},
		{
			"__comment": "Element",
			"from": [ 6.5, 3, 5 ],
			"to": [ 9.5, 15, 7 ],
			"faces": {
				"north": { "uv": [ 2, 3, 14, 6 ], "texture": "#top", "rotation": 90 },
				"south": { "uv": [ 2, 3, 14, 6 ], "texture": "#bottom", "rotation": 90 },
				"west": { "uv": [ 5, 1, 7, 13 ], "texture": "#front_bottom" },
				"east": { "uv": [ 7, 1, 5, 13 ], "texture": "#front_bottom" }
			}
		},
		{
			"__comment": "Element",
			"from": [ 6.5, 3, 9 ],
			"to": [ 9.5, 15, 11 ],
			"faces": {
				"north": { "uv": [ 2, 3, 14, 6 ], "texture": "#top", "rotation": 90 },
				"south": { "uv": [ 2, 3, 14, 6 ], "texture": "#bottom", "rotation": 90 },
				"west": { "uv": [ 9, 1, 11, 13 ], "texture": "#front_bottom" },
				"east": { "uv": [ 11, 1, 9, 13 ], "texture": "#front_bottom" }
			}
		},
		{
			"__comment": "Element",
			"from": [ 5.625, 15, 14 ],
			"to": [ 10.375, 16, 15 ],
			"faces": {
				"down": { "uv": [ 15, 1, 14, 0 ], "texture": "#front_bottom" },
				"north": { "uv": [ 14, 0, 15, 1 ], "texture": "#front_bottom" },
				"south": { "uv": [ 14, 0, 15, 1 ], "texture": "#front_bottom" },
				"west": { "uv": [ 14, 0, 15, 1 ], "texture": "#front_bottom" },
				"east": { "uv": [ 14, 0, 15, 1 ], "texture": "#front_bottom" }
			}
		},
		{
			"__comment": "Box17",
			"from": [ 9.5, 16, 12 ],
			"to": [ 10.375, 17, 15 ],
			"faces": {
				"down": { "uv": [ 15, 15, 12, 16 ], "texture": "#front_top", "rotation": 90 },
				"up": { "uv": [ 12, 15, 15, 16 ], "texture": "#front_top", "rotation": 90 },
				"north": { "uv": [ 12, 15, 13, 16 ], "texture": "#front_top" },
				"south": { "uv": [ 14, 15, 15, 16 ], "texture": "#front_top" },
				"east": { "uv": [ 12, 15, 15, 16 ], "texture": "#front_top", "rotation": 180 }
			}
		}
	],
	"display": {
		"thirdperson_righthand": {
			"rotation":  [ 75, 45, 0 ],
			"translation":  [ 0, 2.5, 0 ],
			"scale":  [ 0.375, 0.375, 0.375 ]
		},
		"thirdperson_lefthand": {
			"rotation":  [ 75, 45, 0 ],
			"translation":  [ 0, 2.5, 0 ],
			"scale":  [ 0.375, 0.375, 0.375 ]
		},
		"firstperson_righthand": {
			"rotation":  [ 0, 45, 0 ],
			"scale":  [ 0.4, 0.4, 0.4 ]
		},
		"firstperson_lefthand": {
			"rotation":  [ 0, 45, 0 ],
			"scale":  [ 0.4, 0.4, 0.4 ]
		},
		"gui": {
			"rotation":  [ 48, 51, -67 ],
			"translation":  [ -2, -3, 0 ],
			"scale":  [ 0.47, 0.47, 0.47 ]
		},
		"head": {
			"rotation":  [ 0, -90, 0 ]
		},
		"ground": {
			"translation":  [ 0, 3, 0 ],
			"scale":  [ 0.25, 0.25, 0.25 ]
		},
		"fixed": {
			"rotation":  [ 0, -90, 0 ],
			"translation":  [ 0, -4, 0 ],
			"scale":  [ 0.5, 0.5, 0.5 ]
		}
	}
}