{
	"__comment": "Made by Mickey Joe Alpha",
	"textures": {
		"front": "block/blue_stained_glass",
		"top": "block/blue_stained_glass_pane_top"
	},
	"elements": [ 	 
		{
			"__comment": "Element",
			"from": [ 7, 0, 0 ],
			"to": [ 9, 16, 16 ],
			"faces": {
				"down": { "uv": [ 7, 0, 9, 16 ], "texture": "#top" },
				"up": { "uv": [ 7, 0, 9, 16 ], "texture": "#top" },
				"north": { "uv": [ 7, 0, 9, 16 ], "texture": "#top" },
				"south": { "uv": [ 7, 0, 9, 16 ], "texture": "#top" },
				"west": { "uv": [ 0, 0, 16, 16 ], "texture": "#front" },
				"east": { "uv": [ 0, 0, 16, 16 ], "texture": "#front" }
			}
		}
	],
	"display": {
		"thirdperson_righthand": {
			"rotation":  [ 75, 45, 0 ],
			"translation":  [ 0, 2.5, 0 ],
			"scale":  [ 0.375, 0.375, 0.375 ]
		},
		"thirdperson_lefthand": {
			"rotation":  [ 75, 45, 0 ],
			"translation":  [ 0, 2.5, 0 ],
			"scale":  [ 0.375, 0.375, 0.375 ]
		},
		"firstperson_righthand": {
			"rotation":  [ 0, 45, 0 ],
			"scale":  [ 0.4, 0.4, 0.4 ]
		},
		"firstperson_lefthand": {
			"rotation":  [ 0, 45, 0 ],
			"scale":  [ 0.4, 0.4, 0.4 ]
		},
		"gui": {
			"rotation":  [ 30, -225, 0 ],
			"scale":  [ 0.625, 0.625, 0.625 ]
		},
		"ground": {
			"translation":  [ 0, 3, 0 ],
			"scale":  [ 0.25, 0.25, 0.25 ]
		},
		"fixed": {
			"rotation":  [ 0, 90, 0 ],
			"translation":  [ 0, 0, 0.5 ],
			"scale":  [ 0.5, 0.5, 0.5 ]
		}
	}
}