{
	"__comment": "Made by Mickey Joe Alpha",
	"textures": {
		"front_top": "block/dark_oak_door_top",
		"hinged_top": "block/door_side_hinged_top_1",
		"side_top": "block/door_side_top_1",
		"top": "block/door_top_1",
		"front_bottom": "block/dark_oak_door_bottom",
		"hinged_bottom": "block/door_side_hinged_bottom_1",
		"side_bottom": "block/door_side_bottom_1",
		"bottom": "block/door_bottom_1"
	},
	"elements": [ 	 
		{
			"__comment": "Element",
			"from": [ 7.5, 18, 3 ],
			"to": [ 8.5, 29, 13 ],
			"faces": {
				"west": { "uv": [ 3, 3, 13, 14 ], "texture": "#front_top" },
				"east": { "uv": [ 13, 3, 3, 14 ], "texture": "#front_top" }
			}
		},
		{
			"__comment": "Element",
			"from": [ 6.5, 16, 0 ],
			"to": [ 9.5, 18, 16 ],
			"faces": {
				"up": { "uv": [ 0, 14, 16, 15 ], "texture": "#front_top", "rotation": 90 },
				"north": { "uv": [ 0, 14, 3, 16 ], "texture": "#hinged_top" },
				"south": { "uv": [ 0, 14, 3, 16 ], "texture": "#side_top" },
				"west": { "uv": [ 0, 14, 16, 16 ], "texture": "#front_top" },
				"east": { "uv": [ 16, 14, 0, 16 ], "texture": "#front_top" }
			}
		},
		{
			"__comment": "Element",
			"from": [ 6.5, 29, 0 ],
			"to": [ 9.5, 32, 16 ],
			"faces": {
				"down": { "uv": [ 0, 2, 16, 3 ], "texture": "#front_top", "rotation": 270 },
				"up": { "uv": [ 0, 0, 16, 3 ], "texture": "#top", "rotation": 90 },
				"north": { "uv": [ 0, 0, 3, 3 ], "texture": "#hinged_top" },
				"south": { "uv": [ 0, 0, 3, 3 ], "texture": "#side_top" },
				"west": { "uv": [ 0, 0, 16, 3 ], "texture": "#front_top" },
				"east": { "uv": [ 16, 0, 0, 3 ], "texture": "#front_top" }
			}
		},
		{
			"__comment": "Element",
			"from": [ 6.5, 18, 0 ],
			"to": [ 9.5, 29, 3 ],
			"faces": {
				"north": { "uv": [ 0, 3, 3, 14 ], "texture": "#hinged_top" },
				"south": { "uv": [ 3, 3, 2, 14 ], "texture": "#front_top" },
				"west": { "uv": [ 0, 3, 3, 14 ], "texture": "#front_top" },
				"east": { "uv": [ 3, 3, 0, 14 ], "texture": "#front_top" }
			}
		},
		{
			"__comment": "Element",
			"from": [ 6.5, 18, 13 ],
			"to": [ 9.5, 29, 16 ],
			"faces": {
				"north": { "uv": [ 13, 3, 14, 14 ], "texture": "#front_top" },
				"south": { "uv": [ 0, 3, 3, 14 ], "texture": "#side_top" },
				"west": { "uv": [ 13, 3, 16, 14 ], "texture": "#front_top" },
				"east": { "uv": [ 16, 3, 13, 14 ], "texture": "#front_top" }
			}
		},
		{
			"__comment": "Element",
			"from": [ 6.5, 18, 6 ],
			"to": [ 9.5, 29, 10 ],
			"faces": {
				"north": { "uv": [ 6, 3, 7, 14 ], "texture": "#front_top" },
				"south": { "uv": [ 9, 3, 10, 14 ], "texture": "#front_top" },
				"west": { "uv": [ 6, 3, 10, 14 ], "texture": "#front_top" },
				"east": { "uv": [ 10, 3, 6, 14 ], "texture": "#front_top" }
			}
		},
		{
			"__comment": "Element",
			"from": [ 5.625, 16, 11 ],
			"to": [ 10.375, 17, 14 ],
			"faces": {
				"down": { "uv": [ 11, 15, 14, 16 ], "texture": "#front_top", "rotation": 270 },
				"up": { "uv": [ 11, 15, 14, 16 ], "texture": "#front_top", "rotation": 90 },
				"north": { "uv": [ 11, 15, 12, 16 ], "texture": "#front_top" },
				"south": { "uv": [ 13, 15, 14, 16 ], "texture": "#front_top" },
				"west": { "uv": [ 11, 15, 14, 16 ], "texture": "#front_top" },
				"east": { "uv": [ 14, 15, 11, 16 ], "texture": "#front_top" }
			}
		},
		{
			"__comment": "Element",
			"from": [ 7.5, 3, 3 ],
			"to": [ 8.5, 14, 13 ],
			"faces": {
				"west": { "uv": [ 3, 2, 13, 13 ], "texture": "#front_bottom" },
				"east": { "uv": [ 13, 2, 3, 13 ], "texture": "#front_bottom" }
			}
		},
		{
			"__comment": "Element",
			"from": [ 6.5, 0, 0 ],
			"to": [ 9.5, 3, 16 ],
			"faces": {
				"down": { "uv": [ 0, 0, 16, 3 ], "texture": "#bottom", "rotation": 270 },
				"up": { "uv": [ 0, 13, 16, 14 ], "texture": "#front_bottom", "rotation": 90 },
				"north": { "uv": [ 0, 13, 3, 16 ], "texture": "#hinged_bottom" },
				"south": { "uv": [ 0, 13, 3, 16 ], "texture": "#side_bottom" },
				"west": { "uv": [ 0, 13, 16, 16 ], "texture": "#front_bottom" },
				"east": { "uv": [ 16, 13, 0, 16 ], "texture": "#front_bottom" }
			}
		},
		{
			"__comment": "Element",
			"from": [ 6.5, 14, 0 ],
			"to": [ 9.5, 16, 16 ],
			"faces": {
				"down": { "uv": [ 0, 1, 16, 2 ], "texture": "#front_bottom", "rotation": 270 },
				"north": { "uv": [ 0, 0, 3, 2 ], "texture": "#hinged_bottom" },
				"south": { "uv": [ 0, 0, 3, 2 ], "texture": "#side_bottom" },
				"west": { "uv": [ 0, 0, 16, 2 ], "texture": "#front_bottom" },
				"east": { "uv": [ 16, 0, 0, 2 ], "texture": "#front_bottom" }
			}
		},
		{
			"__comment": "Element",
			"from": [ 6.5, 3, 0 ],
			"to": [ 9.5, 14, 3 ],
			"faces": {
				"north": { "uv": [ 0, 2, 3, 13 ], "texture": "#hinged_bottom" },
				"south": { "uv": [ 3, 2, 2, 13 ], "texture": "#front_bottom" },
				"west": { "uv": [ 0, 2, 3, 13 ], "texture": "#front_bottom" },
				"east": { "uv": [ 3, 2, 0, 13 ], "texture": "#front_bottom" }
			}
		},
		{
			"__comment": "Element",
			"from": [ 6.5, 3, 13 ],
			"to": [ 9.5, 14, 16 ],
			"faces": {
				"north": { "uv": [ 13, 2, 14, 13 ], "texture": "#front_bottom" },
				"south": { "uv": [ 0, 2, 3, 13 ], "texture": "#side_bottom" },
				"west": { "uv": [ 13, 2, 16, 13 ], "texture": "#front_bottom" },
				"east": { "uv": [ 16, 2, 13, 13 ], "texture": "#front_bottom" }
			}
		},
		{
			"__comment": "Element",
			"from": [ 6.5, 3, 6 ],
			"to": [ 9.5, 14, 10 ],
			"faces": {
				"north": { "uv": [ 6, 2, 7, 13 ], "texture": "#front_bottom" },
				"south": { "uv": [ 9, 2, 10, 13 ], "texture": "#front_bottom" },
				"west": { "uv": [ 6, 2, 10, 13 ], "texture": "#front_bottom" },
				"east": { "uv": [ 10, 2, 6, 13 ], "texture": "#front_bottom" }
			}
		},
		{
			"__comment": "Element",
			"from": [ 5.625, 15, 11 ],
			"to": [ 10.375, 16, 12 ],
			"faces": {
				"down": { "uv": [ 11, 0, 12, 1 ], "texture": "#front_bottom" },
				"north": { "uv": [ 11, 0, 12, 1 ], "texture": "#front_bottom" },
				"south": { "uv": [ 11, 0, 12, 1 ], "texture": "#front_bottom" },
				"west": { "uv": [ 11, 0, 12, 1 ], "texture": "#front_bottom" },
				"east": { "uv": [ 11, 0, 12, 1 ], "texture": "#front_bottom" }
			}
		}
	],
	"display": {
		"thirdperson_righthand": {
			"rotation":  [ 75, 45, 0 ],
			"translation":  [ 0, 2.5, 0 ],
			"scale":  [ 0.375, 0.375, 0.375 ]
		},
		"thirdperson_lefthand": {
			"rotation":  [ 75, 45, 0 ],
			"translation":  [ 0, 2.5, 0 ],
			"scale":  [ 0.375, 0.375, 0.375 ]
		},
		"firstperson_righthand": {
			"rotation":  [ 0, 45, 0 ],
			"scale":  [ 0.4, 0.4, 0.4 ]
		},
		"firstperson_lefthand": {
			"rotation":  [ 0, 45, 0 ],
			"scale":  [ 0.4, 0.4, 0.4 ]
		},
		"gui": {
			"rotation":  [ 48, 51, -67 ],
			"translation":  [ -2, -3, 0 ],
			"scale":  [ 0.47, 0.47, 0.47 ]
		},
		"head": {
			"rotation":  [ 0, -90, 0 ]
		},
		"ground": {
			"translation":  [ 0, 3, 0 ],
			"scale":  [ 0.25, 0.25, 0.25 ]
		},
		"fixed": {
			"rotation":  [ 0, -90, 0 ],
			"translation":  [ 0, -4, 0 ],
			"scale":  [ 0.5, 0.5, 0.5 ]
		}
	}
}