{
	"__comment": "Made by Mickey Joe Alpha",
	"textures": {
		"front_top": "block/jungle_door_top",
		"hinged_top": "block/door_side_hinged_top_0",
		"side_top": "block/door_side_top_0",
		"top": "block/door_top_0",
		"bottom": "block/door_bottom_0",
		"front_bottom": "block/jungle_door_bottom",
		"hinged_bottom": "block/door_side_hinged_bottom_0",
		"side_bottom": "block/door_side_bottom_0"
	},
	"elements": [ 	 
		{
			"__comment": "Element",
			"from": [ 5.625, 16, 11 ],
			"to": [ 10.375, 17, 12 ],
			"faces": {
				"down": { "uv": [ 11, 15, 12, 16 ], "texture": "#front_top", "rotation": 270 },
				"north": { "uv": [ 11, 15, 12, 16 ], "texture": "#front_top" },
				"south": { "uv": [ 11, 15, 12, 16 ], "texture": "#front_top" },
				"west": { "uv": [ 11, 15, 12, 16 ], "texture": "#front_top" },
				"east": { "uv": [ 11, 15, 12, 16 ], "texture": "#front_top" }
			}
		},
		{
			"__comment": "Element",
			"from": [ 5.625, 17, 11 ],
			"to": [ 10.375, 18, 14 ],
			"faces": {
				"down": { "uv": [ 11, 14, 14, 15 ], "texture": "#front_top", "rotation": 270 },
				"up": { "uv": [ 11, 14, 14, 15 ], "texture": "#front_top", "rotation": 90 },
				"north": { "uv": [ 11, 14, 12, 15 ], "texture": "#front_top" },
				"south": { "uv": [ 13, 14, 14, 15 ], "texture": "#front_top" },
				"west": { "uv": [ 11, 14, 14, 15 ], "texture": "#front_top" },
				"east": { "uv": [ 14, 14, 11, 15 ], "texture": "#front_top" }
			}
		},
		{
			"__comment": "Box11",
			"from": [ 6.5, 16, 0 ],
			"to": [ 9.5, 20, 16 ],
			"faces": {
				"up": { "uv": [ 0, 12, 16, 15 ], "texture": "#top", "rotation": 90 },
				"north": { "uv": [ 12, 12, 15, 16 ], "texture": "#hinged_top" },
				"south": { "uv": [ 12, 12, 15, 16 ], "texture": "#side_top" },
				"west": { "uv": [ 0, 12, 16, 16 ], "texture": "#front_top" },
				"east": { "uv": [ 16, 12, 0, 16 ], "texture": "#front_top" }
			}
		},
		{
			"__comment": "Box12",
			"from": [ 6.5, 20, 0 ],
			"to": [ 9.5, 21, 7 ],
			"faces": {
				"up": { "uv": [ 0, 12, 7, 15 ], "texture": "#top", "rotation": 90 },
				"north": { "uv": [ 12, 11, 15, 12 ], "texture": "#hinged_top" },
				"south": { "uv": [ 6, 12, 7, 15 ], "texture": "#top", "rotation": 90 },
				"west": { "uv": [ 0, 11, 7, 12 ], "texture": "#front_top" },
				"east": { "uv": [ 7, 11, 0, 12 ], "texture": "#front_top" }
			}
		},
		{
			"__comment": "Box13",
			"from": [ 6.5, 20, 9 ],
			"to": [ 9.5, 21, 16 ],
			"faces": {
				"up": { "uv": [ 9, 12, 16, 15 ], "texture": "#top", "rotation": 90 },
				"north": { "uv": [ 9, 12, 10, 15 ], "texture": "#top", "rotation": 270 },
				"south": { "uv": [ 12, 11, 15, 12 ], "texture": "#side_top" },
				"west": { "uv": [ 9, 11, 16, 12 ], "texture": "#front_top" },
				"east": { "uv": [ 16, 11, 9, 12 ], "texture": "#front_top" }
			}
		},
		{
			"__comment": "Box14",
			"from": [ 6.5, 21, 0 ],
			"to": [ 9.5, 22, 6 ],
			"faces": {
				"north": { "uv": [ 12, 10, 15, 11 ], "texture": "#hinged_top" },
				"south": { "uv": [ 3, 12, 4, 15 ], "texture": "#bottom", "rotation": 90 },
				"west": { "uv": [ 0, 10, 6, 11 ], "texture": "#front_top" },
				"east": { "uv": [ 6, 10, 0, 11 ], "texture": "#front_top" }
			}
		},
		{
			"__comment": "Box15",
			"from": [ 6.5, 21, 10 ],
			"to": [ 9.5, 22, 16 ],
			"faces": {
				"north": { "uv": [ 14, 12, 15, 15 ], "texture": "#bottom", "rotation": 270 },
				"south": { "uv": [ 12, 10, 15, 11 ], "texture": "#side_top" },
				"west": { "uv": [ 10, 10, 16, 11 ], "texture": "#front_top" },
				"east": { "uv": [ 16, 10, 10, 11 ], "texture": "#front_top" }
			}
		},
		{
			"__comment": "Box16",
			"from": [ 6.5, 22, 0 ],
			"to": [ 9.5, 24, 16 ],
			"faces": {
				"down": { "uv": [ 16, 12, 0, 15 ], "texture": "#bottom", "rotation": 90 },
				"up": { "uv": [ 16, 12, 0, 15 ], "texture": "#top", "rotation": 90 },
				"north": { "uv": [ 12, 8, 15, 10 ], "texture": "#hinged_top" },
				"south": { "uv": [ 12, 8, 15, 10 ], "texture": "#side_top" },
				"west": { "uv": [ 0, 8, 16, 10 ], "texture": "#front_top" },
				"east": { "uv": [ 16, 8, 0, 10 ], "texture": "#front_top" }
			}
		},
		{
			"__comment": "Box17",
			"from": [ 7.5, 24, 6 ],
			"to": [ 8.5, 28, 7 ],
			"faces": {
				"north": { "uv": [ 6, 4, 7, 8 ], "texture": "#front_top" },
				"south": { "uv": [ 6, 4, 7, 8 ], "texture": "#front_top" },
				"west": { "uv": [ 6, 4, 7, 8 ], "texture": "#front_top" },
				"east": { "uv": [ 6, 4, 7, 8 ], "texture": "#front_top" }
			}
		},
		{
			"__comment": "Box18",
			"from": [ 7.5, 24, 9 ],
			"to": [ 8.5, 28, 10 ],
			"faces": {
				"north": { "uv": [ 9, 4, 10, 8 ], "texture": "#front_top" },
				"south": { "uv": [ 9, 4, 10, 8 ], "texture": "#front_top" },
				"west": { "uv": [ 9, 4, 10, 8 ], "texture": "#front_top" },
				"east": { "uv": [ 9, 4, 10, 8 ], "texture": "#front_top" }
			}
		},
		{
			"__comment": "Box19",
			"from": [ 6.5, 24, 0 ],
			"to": [ 9.5, 27, 4 ],
			"faces": {
				"north": { "uv": [ 12, 5, 15, 8 ], "texture": "#hinged_top" },
				"south": { "uv": [ 1, 12, 4, 15 ], "texture": "#bottom", "rotation": 270 },
				"west": { "uv": [ 0, 5, 4, 8 ], "texture": "#front_top" },
				"east": { "uv": [ 4, 5, 0, 8 ], "texture": "#front_top" }
			}
		},
		{
			"__comment": "Box20",
			"from": [ 6.5, 24, 12 ],
			"to": [ 9.5, 27, 16 ],
			"faces": {
				"north": { "uv": [ 12, 12, 15, 15 ], "texture": "#bottom", "rotation": 90 },
				"south": { "uv": [ 12, 5, 15, 8 ], "texture": "#side_top" },
				"west": { "uv": [ 12, 5, 16, 8 ], "texture": "#front_top" },
				"east": { "uv": [ 16, 5, 12, 8 ], "texture": "#front_top" }
			}
		},
		{
			"__comment": "Box21",
			"from": [ 6.5, 27, 0 ],
			"to": [ 9.5, 28, 5 ],
			"faces": {
				"down": { "uv": [ 0, 15, 5, 12 ], "texture": "#bottom", "rotation": 270 },
				"north": { "uv": [ 12, 4, 15, 5 ], "texture": "#hinged_top" },
				"south": { "uv": [ 4, 12, 5, 15 ], "texture": "#bottom", "rotation": 90 },
				"west": { "uv": [ 0, 4, 5, 5 ], "texture": "#front_top" },
				"east": { "uv": [ 5, 4, 0, 5 ], "texture": "#front_top" }
			}
		},
		{
			"__comment": "Box22",
			"from": [ 6.5, 27, 11 ],
			"to": [ 9.5, 28, 16 ],
			"faces": {
				"down": { "uv": [ 11, 15, 16, 12 ], "texture": "#bottom", "rotation": 270 },
				"north": { "uv": [ 11, 12, 12, 15 ], "texture": "#bottom", "rotation": 90 },
				"south": { "uv": [ 12, 4, 15, 5 ], "texture": "#side_top" },
				"west": { "uv": [ 11, 4, 16, 5 ], "texture": "#front_top" },
				"east": { "uv": [ 16, 4, 11, 5 ], "texture": "#front_top" }
			}
		},
		{
			"__comment": "Box23",
			"from": [ 6.5, 29, 0 ],
			"to": [ 9.5, 32, 16 ],
			"faces": {
				"down": { "uv": [ 0, 12, 16, 15 ], "texture": "#bottom", "rotation": 90 },
				"up": { "uv": [ 0, 12, 16, 15 ], "texture": "#top", "rotation": 90 },
				"north": { "uv": [ 12, 0, 15, 3 ], "texture": "#hinged_top" },
				"south": { "uv": [ 12, 0, 15, 3 ], "texture": "#side_top" },
				"west": { "uv": [ 0, 0, 16, 3 ], "texture": "#front_top" },
				"east": { "uv": [ 16, 0, 0, 3 ], "texture": "#front_top" }
			}
		},
		{
			"__comment": "Box24",
			"from": [ 6.5, 28, 0 ],
			"to": [ 9.5, 29, 7 ],
			"faces": {
				"down": { "uv": [ 1, 15, 8, 12 ], "texture": "#bottom", "rotation": 270 },
				"north": { "uv": [ 12, 3, 15, 4 ], "texture": "#hinged_top" },
				"south": { "uv": [ 6, 12, 7, 15 ], "texture": "#bottom", "rotation": 90 },
				"west": { "uv": [ 0, 3, 7, 4 ], "texture": "#front_top" },
				"east": { "uv": [ 7, 3, 0, 4 ], "texture": "#front_top" }
			}
		},
		{
			"__comment": "Box25",
			"from": [ 6.5, 28, 9 ],
			"to": [ 9.5, 29, 16 ],
			"faces": {
				"down": { "uv": [ 8, 15, 15, 12 ], "texture": "#bottom", "rotation": 270 },
				"north": { "uv": [ 9, 12, 10, 15 ], "texture": "#bottom", "rotation": 270 },
				"south": { "uv": [ 12, 3, 15, 4 ], "texture": "#side_top" },
				"west": { "uv": [ 9, 3, 16, 4 ], "texture": "#front_top" },
				"east": { "uv": [ 16, 3, 9, 4 ], "texture": "#front_top" }
			}
		},
		{
			"__comment": "Box9",
			"from": [ 6.5, 0, 0 ],
			"to": [ 9.5, 16, 16 ],
			"faces": {
				"down": { "uv": [ 0, 12, 16, 15 ], "texture": "#bottom", "rotation": 270 },
				"north": { "uv": [ 12, 0, 15, 16 ], "texture": "#hinged_bottom" },
				"south": { "uv": [ 12, 0, 15, 16 ], "texture": "#side_bottom" },
				"west": { "uv": [ 0, 0, 16, 16 ], "texture": "#front_bottom" },
				"east": { "uv": [ 16, 0, 0, 16 ], "texture": "#front_bottom" }
			}
		}
	],
	"display": {
		"thirdperson_righthand": {
			"rotation":  [ 75, 45, 0 ],
			"translation":  [ 0, 2.5, 0 ],
			"scale":  [ 0.375, 0.375, 0.375 ]
		},
		"thirdperson_lefthand": {
			"rotation":  [ 75, 45, 0 ],
			"translation":  [ 0, 2.5, 0 ],
			"scale":  [ 0.375, 0.375, 0.375 ]
		},
		"firstperson_righthand": {
			"rotation":  [ 0, 45, 0 ],
			"scale":  [ 0.4, 0.4, 0.4 ]
		},
		"firstperson_lefthand": {
			"rotation":  [ 0, 45, 0 ],
			"scale":  [ 0.4, 0.4, 0.4 ]
		},
		"gui": {
			"rotation":  [ 48, 51, -67 ],
			"translation":  [ -2, -3, 0 ],
			"scale":  [ 0.47, 0.47, 0.47 ]
		},
		"head": {
			"rotation":  [ 0, -90, 0 ]
		},
		"ground": {
			"translation":  [ 0, 3, 0 ],
			"scale":  [ 0.25, 0.25, 0.25 ]
		},
		"fixed": {
			"rotation":  [ 0, -90, 0 ],
			"translation":  [ 0, -4, 0 ],
			"scale":  [ 0.5, 0.5, 0.5 ]
		}
	}
}