{
	"__comment": "Made by Mickey Joe Alpha",
	"parent": "block/block",
	"ambientocclusion": false,
	"textures": {
		"particle": "block/pumpkin_side",
		"top": "block/pumpkin_top",
		"stem": "block/stem_connected_end",
		"bottom": "block/pumpkin_bottom"
	},
	"elements": [ 	 
		{
			"__comment": "Element",
			"from": [ 0, 0, 0 ],
			"to": [ 16, 16, 16 ],
			"faces": {
				"down": { "uv": [ 0, 0, 16, 16 ], "texture": "#bottom" },
				"up": { "uv": [ 0, 0, 16, 16 ], "texture": "#top" },
				"north": { "uv": [ 0, 0, 16, 16 ], "texture": "#particle" },
				"south": { "uv": [ 0, 0, 16, 16 ], "texture": "#particle" },
				"west": { "uv": [ 0, 0, 16, 16 ], "texture": "#particle" },
				"east": { "uv": [ 0, 0, 16, 16 ], "texture": "#particle" }
			}
		}
	]
}