{
	"__comment": "Made by Mickey Joe Alpha",
	"textures": {
		"front_top": "block/spruce_door_top",
		"hinged_top": "block/door_side_hinged_top_0",
		"side_top": "block/door_side_top_0",
		"top": "block/door_top_0",
		"front_bottom": "block/spruce_door_bottom",
		"hinged_bottom": "block/door_side_hinged_bottom_0",
		"side_bottom": "block/door_side_bottom_0",
		"bottom": "block/door_bottom_0"
	},
	"elements": [ 	 
		{
			"__comment": "Element",
			"from": [ 6.5, 16, 0 ],
			"to": [ 9.5, 32, 16 ],
			"faces": {
				"up": { "uv": [ 0, 6, 16, 9 ], "texture": "#top", "rotation": 90 },
				"north": { "uv": [ 6, 0, 9, 16 ], "texture": "#hinged_top" },
				"south": { "uv": [ 6, 0, 9, 16 ], "texture": "#side_top" },
				"west": { "uv": [ 0, 0, 16, 16 ], "texture": "#front_top" },
				"east": { "uv": [ 16, 0, 0, 16 ], "texture": "#front_top" }
			}
		},
		{
			"__comment": "Element",
			"from": [ 6.5, 0, 0 ],
			"to": [ 9.5, 16, 16 ],
			"faces": {
				"down": { "uv": [ 0, 6, 16, 9 ], "texture": "#bottom", "rotation": 270 },
				"north": { "uv": [ 6, 0, 9, 16 ], "texture": "#hinged_bottom" },
				"south": { "uv": [ 6, 0, 9, 16 ], "texture": "#side_bottom" },
				"west": { "uv": [ 0, 0, 16, 16 ], "texture": "#front_bottom" },
				"east": { "uv": [ 16, 0, 0, 16 ], "texture": "#front_bottom" }
			}
		},
		{
			"__comment": "Element",
			"from": [ 5.625, 15, 11 ],
			"to": [ 10.375, 16, 13 ],
			"faces": {
				"down": { "uv": [ 13, 0, 11, 1 ], "texture": "#front_bottom", "rotation": 90 },
				"up": { "uv": [ 13, 0, 11, 1 ], "texture": "#front_bottom", "rotation": 270 },
				"north": { "uv": [ 11, 0, 12, 1 ], "texture": "#front_bottom" },
				"south": { "uv": [ 12, 0, 13, 1 ], "texture": "#front_bottom" },
				"west": { "uv": [ 13, 0, 11, 1 ], "texture": "#front_bottom", "rotation": 180 },
				"east": { "uv": [ 13, 0, 11, 1 ], "texture": "#front_bottom" }
			}
		},
		{
			"__comment": "Element",
			"from": [ 5.625, 13, 10 ],
			"to": [ 10.375, 15, 11 ],
			"faces": {
				"down": { "uv": [ 10, 2, 11, 3 ], "texture": "#front_bottom" },
				"up": { "uv": [ 10, 1, 11, 2 ], "texture": "#front_bottom" },
				"north": { "uv": [ 10, 1, 11, 3 ], "texture": "#front_bottom" },
				"south": { "uv": [ 10, 1, 11, 3 ], "texture": "#front_bottom" },
				"west": { "uv": [ 10, 1, 11, 3 ], "texture": "#front_bottom" },
				"east": { "uv": [ 10, 1, 11, 3 ], "texture": "#front_bottom" }
			}
		},
		{
			"__comment": "Element",
			"from": [ 5.625, 13, 13 ],
			"to": [ 10.375, 15, 14 ],
			"faces": {
				"down": { "uv": [ 10, 2, 11, 3 ], "texture": "#front_bottom" },
				"up": { "uv": [ 10, 1, 11, 2 ], "texture": "#front_bottom" },
				"north": { "uv": [ 13, 1, 14, 3 ], "texture": "#front_bottom" },
				"south": { "uv": [ 13, 1, 14, 3 ], "texture": "#front_bottom" },
				"west": { "uv": [ 13, 1, 14, 3 ], "texture": "#front_bottom" },
				"east": { "uv": [ 13, 1, 14, 3 ], "texture": "#front_bottom" }
			}
		},
		{
			"__comment": "Element",
			"from": [ 5.625, 12, 11 ],
			"to": [ 10.375, 13, 13 ],
			"faces": {
				"down": { "uv": [ 13, 3, 11, 4 ], "texture": "#front_bottom", "rotation": 90 },
				"up": { "uv": [ 13, 3, 11, 4 ], "texture": "#front_bottom", "rotation": 270 },
				"north": { "uv": [ 11, 3, 12, 4 ], "texture": "#front_bottom" },
				"south": { "uv": [ 12, 3, 13, 4 ], "texture": "#front_bottom" },
				"west": { "uv": [ 13, 3, 11, 4 ], "texture": "#front_bottom" },
				"east": { "uv": [ 13, 3, 11, 4 ], "texture": "#front_bottom" }
			}
		}
	],
	"display": {
		"thirdperson_righthand": {
			"rotation":  [ 75, 45, 0 ],
			"translation":  [ 0, 2.5, 0 ],
			"scale":  [ 0.375, 0.375, 0.375 ]
		},
		"thirdperson_lefthand": {
			"rotation":  [ 75, 45, 0 ],
			"translation":  [ 0, 2.5, 0 ],
			"scale":  [ 0.375, 0.375, 0.375 ]
		},
		"firstperson_righthand": {
			"rotation":  [ 0, 45, 0 ],
			"scale":  [ 0.4, 0.4, 0.4 ]
		},
		"firstperson_lefthand": {
			"rotation":  [ 0, 45, 0 ],
			"scale":  [ 0.4, 0.4, 0.4 ]
		},
		"gui": {
			"rotation":  [ 48, 51, -67 ],
			"translation":  [ -2, -3, 0 ],
			"scale":  [ 0.47, 0.47, 0.47 ]
		},
		"head": {
			"rotation":  [ 0, -90, 0 ]
		},
		"ground": {
			"translation":  [ 0, 3, 0 ],
			"scale":  [ 0.25, 0.25, 0.25 ]
		},
		"fixed": {
			"rotation":  [ 0, -90, 0 ],
			"translation":  [ 0, -4, 0 ],
			"scale":  [ 0.5, 0.5, 0.5 ]
		}
	}
}