{
  "display": {
    "icon": {
      "item": "minecraft:wheat"
    },
    "title": "Field of Dreams",
    "description": {
      "text": "Go the distance ",
      "extra": [
        {
          "text": "JoeHills",
          "color": "dark_gray",
          "italic": true
        }
      ]
    },
    "frame": "challenge"
  },
  "parent": "hermitcraft:joehills/artist",
  "criteria": {
    "all_the_wheat": {
      "trigger": "minecraft:inventory_changed",
      "conditions": {
        "player": [],
        "slots": {
          "full": {
            "min": 30
          }
        },
        "items": [
          {
            "items": [
              "minecraft:wheat"
            ]
          }
        ]
      }
    }
  }
}