{
  "display": {
    "icon": {
      "item": "minecraft:written_book"
    },
    "title": "Poet",
    "description": {
      "text": "Joe would be proud ",
      "extra": [
        {
          "text": "JoeHills",
          "color": "dark_gray",
          "italic": true
        }
      ]
    }
  },
  "parent": "hermitcraft:joehills/root",
  "criteria": {
    "wrote_book": {
      "trigger": "minecraft:inventory_changed",
      "conditions": {
        "items": [
          {
            "items": [
              "minecraft:written_book"
            ]
          }
        ]
      }
    }
  }
}