{
  "display": {
    "icon": {
      "item": "minecraft:player_head",
      "nbt": "{display:{Name:\"{\\\"text\\\":\\\"\\\"}\"},SkullOwner:{Id:[I;-2033174192,-1745008937,-1702807182,1073146177],Properties:{textures:[{Value:\"eyJ0ZXh0dXJlcyI6eyJTS0lOIjp7InVybCI6Imh0dHA6Ly90ZXh0dXJlcy5taW5lY3JhZnQubmV0L3RleHR1cmUvOTQ2MjM2MGRkMzk3YzVkZDc1ODkxNDMwYTE2ZWM3YzA4ZDRjNWQyNGM3YTFhYmY0MzQzN2U5ZDgyMDVhN2I2YyJ9fX0=\"}]}}}"
    },
    "title": "JoeHills",
    "description": "JoeHills's Challenges",
    "show_toast": false,
    "announce_to_chat": false
  },
  "parent": "hermitcraft:root",
  "criteria": {
    "empty": {
      "trigger": "minecraft:location"
    }
  }
}
