{
  "name": "kaisyn:village/exclusives/wandering_trader_camp/llama_pens",
  "fallback": "minecraft:empty",
  "elements": [
    {
      "weight": 1,
      "element": {
        "location": "kaisyn:village/exclusives/wandering_trader_camp/llama_pens/llama_pen_1",
        "processors": "minecraft:empty",
        "projection": "rigid",
        "element_type": "minecraft:legacy_single_pool_element"
      }
    },
    {
      "weight": 1,
      "element": {
        "location": "kaisyn:village/exclusives/wandering_trader_camp/llama_pens/llama_pen_2",
        "processors": "minecraft:empty",
        "projection": "rigid",
        "element_type": "minecraft:legacy_single_pool_element"
      }
    }
  ]
}
