{
  "name": "gatkong:village/jungle/terminators",
  "fallback": "minecraft:empty",
  "elements": [
    {
      "weight": 10,
      "element": {
        "location": "gatkong:village/jungle/terminators/terminator_01",
        "processors": "minecraft:empty",
        "projection": "terrain_matching",
        "element_type": "minecraft:legacy_single_pool_element"
      }
    },
    {
      "weight": 10,
      "element": {
        "location": "gatkong:village/jungle/terminators/terminator_02",
        "processors": "minecraft:empty",
        "projection": "terrain_matching",
        "element_type": "minecraft:legacy_single_pool_element"
      }
    },
    {
      "weight": 1,
      "element": {
        "location": "gatkong:village/jungle/terminators/terminator_03",
        "processors": "minecraft:empty",
        "projection": "terrain_matching",
        "element_type": "minecraft:legacy_single_pool_element"
      }
    },
    {
      "weight": 1,
      "element": {
        "location": "gatkong:village/jungle/terminators/terminator_04",
        "processors": "minecraft:empty",
        "projection": "terrain_matching",
        "element_type": "minecraft:legacy_single_pool_element"
      }
    },
    {
      "weight": 1,
      "element": {
        "location": "gatkong:village/jungle/terminators/terminator_05",
        "processors": "minecraft:empty",
        "projection": "terrain_matching",
        "element_type": "minecraft:legacy_single_pool_element"
      }
    },
    {
      "weight": 1,
      "element": {
        "location": "gatkong:village/jungle/terminators/terminator_06",
        "processors": "minecraft:empty",
        "projection": "terrain_matching",
        "element_type": "minecraft:legacy_single_pool_element"
      }
    },
    {
      "weight": 10,
      "element": {
        "location": "gatkong:village/jungle/terminators/terminator_07",
        "processors": "minecraft:empty",
        "projection": "terrain_matching",
        "element_type": "minecraft:legacy_single_pool_element"
      }
    },
    {
      "weight": 10,
      "element": {
        "location": "gatkong:village/jungle/terminators/terminator_08",
        "processors": "minecraft:empty",
        "projection": "terrain_matching",
        "element_type": "minecraft:legacy_single_pool_element"
      }
    }
  ]
}