{
  "name": "gatkong:village/jungle/town_centers",
  "fallback": "minecraft:empty",
  "elements": [
    {
      "weight": 50,
      "element": {
        "location": "gatkong:village/jungle/town_centers/jungle_meeting_point_1",
        "processors": "minecraft:empty",
        "projection": "rigid",
        "element_type": "minecraft:legacy_single_pool_element"
      }
    },
    {
      "weight": 50,
      "element": {
        "location": "gatkong:village/jungle/town_centers/jungle_meeting_point_2",
        "processors": "minecraft:empty",
        "projection": "rigid",
        "element_type": "minecraft:legacy_single_pool_element"
      }
    },
    {
      "weight": 25,
      "element": {
        "location": "gatkong:village/jungle/town_centers/jungle_meeting_point_3",
        "processors": "minecraft:empty",
        "projection": "rigid",
        "element_type": "minecraft:legacy_single_pool_element"
      }
    },
    {
      "weight": 2,
      "element": {
        "location": "gatkong:village/jungle/zombie/town_centers/jungle_meeting_point_1",
        "processors": "minecraft:zombie_plains",
        "projection": "rigid",
        "element_type": "minecraft:legacy_single_pool_element"
      }
    },
    {
      "weight": 2,
      "element": {
        "location": "gatkong:village/jungle/zombie/town_centers/jungle_meeting_point_2",
        "processors": "minecraft:zombie_plains",
        "projection": "rigid",
        "element_type": "minecraft:legacy_single_pool_element"
      }
    },
    {
      "weight": 1,
      "element": {
        "location": "gatkong:village/jungle/zombie/town_centers/jungle_meeting_point_3",
        "processors": "minecraft:zombie_plains",
        "projection": "rigid",
        "element_type": "minecraft:legacy_single_pool_element"
      }
    },
    {
      "weight": 3,
      "element": {
        "location": "gatkong:village/jungle/idols/jungle_idol_01",
        "processors": "minecraft:empty",
        "projection": "rigid",
        "element_type": "minecraft:legacy_single_pool_element"
      }
    },
    {
      "weight": 2,
      "element": {
        "location": "gatkong:village/jungle/idols/jungle_idol_02",
        "processors": "minecraft:empty",
        "projection": "rigid",
        "element_type": "minecraft:legacy_single_pool_element"
      }
    },
    {
      "weight": 3,
      "element": {
        "location": "gatkong:village/jungle/idols/jungle_idol_03",
        "processors": "minecraft:empty",
        "projection": "rigid",
        "element_type": "minecraft:legacy_single_pool_element"
      }
    },
    {
      "weight": 2,
      "element": {
        "location": "gatkong:village/jungle/idols/jungle_idol_04",
        "processors": "minecraft:empty",
        "projection": "rigid",
        "element_type": "minecraft:legacy_single_pool_element"
      }
    },
    {
      "weight": 2,
      "element": {
        "location": "gatkong:village/jungle/idols/jungle_idol_05",
        "processors": "minecraft:empty",
        "projection": "rigid",
        "element_type": "minecraft:legacy_single_pool_element"
      }
    }
  ]
}