{
  "config": {
    "feature": {
      "config": {
        "feature": {
          "config": {
            "target": {
              "block": "minecraft:grass_block",
              "predicate_type": "minecraft:block_match"
            },
            "state": {
              "Properties": {
                "moisture": "6"
              },
              "Name": "minecraft:farmland"
            },
            "size": 30
          },
          "type": "minecraft:ore"
        },
        "decorator": {
          "config": {
            "outer": {
              "config": {},
              "type": "minecraft:square"
            },
            "inner": {
              "config": {},
              "type": "minecraft:heightmap"
            }
          },
          "type": "minecraft:decorated"
        }
      },
      "type": "minecraft:decorated"
    },
    "decorator": {
      "config": {
        "count": 1,
        "extra_chance": 0.1,
        "extra_count": 2
      },
      "type": "minecraft:count_extra"
    }
  },
  "type": "minecraft:decorated"
}