{
  "config": {
    "feature": {
      "config": {
        "feature": {
          "config": {
            "state_provider": {
              "state": {
                "Name": "minecraft:gravel"
              },
              "type": "minecraft:simple_state_provider"
            }
          },
          "type": "minecraft:block_pile"
        },
        "decorator": {
          "config": {
            "outer": {
              "config": {},
              "type": "minecraft:square"
            },
            "inner": {
              "config": {},
              "type": "minecraft:heightmap"
            }
          },
          "type": "minecraft:decorated"
        }
      },
      "type": "minecraft:decorated"
    },
    "decorator": {
      "config": {
        "count": 0,
        "extra_chance": 0.15,
        "extra_count": 1
      },
      "type": "minecraft:count_extra"
    }
  },
  "type": "minecraft:decorated"
}