{
  "config": {
    "feature": {
      "config": {
        "feature": {
          "config": {
            "can_replace": false,
            "project": false,
            "need_water": false,
            "xspread": 7,
            "yspread": 3,
            "zspread": 7,
            "whitelist": [
              {
                "Properties": {
                  "snowy": "false"
                },
                "Name": "minecraft:grass_block"
              }
            ],
            "blacklist": [],
            "tries": 32,
            "state_provider": {
              "state": {
                "Name": "minecraft:pumpkin"
              },
              "type": "minecraft:simple_state_provider"
            },
            "block_placer": {
              "type": "minecraft:simple_block_placer"
            }
          },
          "type": "minecraft:random_patch"
        },
        "decorator": {
          "config": {
            "outer": {
              "config": {},
              "type": "minecraft:square"
            },
            "inner": {
              "config": {},
              "type": "minecraft:heightmap"
            }
          },
          "type": "minecraft:decorated"
        }
      },
      "type": "minecraft:decorated"
    },
    "decorator": {
      "config": {
        "chance": 8
      },
      "type": "minecraft:chance"
    }
  },
  "type": "minecraft:decorated"
}