{
  "display": {
    "icon": {
      "item": "minecraft:oak_leaves"
    },
    "title": "Booshes",
    "description": "Always build with booshes!",
    "frame": "goal"
  },
  "parent": "hermitcraft:keralis/nametag",
  "criteria": {
    "oak_leaves": {
      "trigger": "minecraft:tick",
      "conditions": {
        "player": [
          {
            "condition": "minecraft:entity_properties",
            "entity": "this",
            "predicate": {
              "player": {
                "stats": [
                  {
                    "type": "minecraft:used",
                    "stat": "minecraft:oak_leaves",
                    "value": {
                      "min": 128
                    }
                  }
                ]
              }
            }
          }
        ]
      }
    },
    "spruce_leaves": {
      "trigger": "minecraft:tick",
      "conditions": {
        "player": [
          {
            "condition": "minecraft:entity_properties",
            "entity": "this",
            "predicate": {
              "player": {
                "stats": [
                  {
                    "type": "minecraft:used",
                    "stat": "minecraft:spruce_leaves",
                    "value": {
                      "min": 128
                    }
                  }
                ]
              }
            }
          }
        ]
      }
    },
    "birch_leaves": {
      "trigger": "minecraft:tick",
      "conditions": {
        "player": [
          {
            "condition": "minecraft:entity_properties",
            "entity": "this",
            "predicate": {
              "player": {
                "stats": [
                  {
                    "type": "minecraft:used",
                    "stat": "minecraft:birch_leaves",
                    "value": {
                      "min": 128
                    }
                  }
                ]
              }
            }
          }
        ]
      }
    },
    "dark_oak_leaves": {
      "trigger": "minecraft:tick",
      "conditions": {
        "player": [
          {
            "condition": "minecraft:entity_properties",
            "entity": "this",
            "predicate": {
              "player": {
                "stats": [
                  {
                    "type": "minecraft:used",
                    "stat": "minecraft:dark_oak_leaves",
                    "value": {
                      "min": 128
                    }
                  }
                ]
              }
            }
          }
        ]
      }
    },
    "jungle_leaves": {
      "trigger": "minecraft:tick",
      "conditions": {
        "player": [
          {
            "condition": "minecraft:entity_properties",
            "entity": "this",
            "predicate": {
              "player": {
                "stats": [
                  {
                    "type": "minecraft:used",
                    "stat": "minecraft:jungle_leaves",
                    "value": {
                      "min": 128
                    }
                  }
                ]
              }
            }
          }
        ]
      }
    },
    "acacia_leaves": {
      "trigger": "minecraft:tick",
      "conditions": {
        "player": [
          {
            "condition": "minecraft:entity_properties",
            "entity": "this",
            "predicate": {
              "player": {
                "stats": [
                  {
                    "type": "minecraft:used",
                    "stat": "minecraft:acacia_leaves",
                    "value": {
                      "min": 128
                    }
                  }
                ]
              }
            }
          }
        ]
      }
    },
    "azalea_leaves": {
      "trigger": "minecraft:tick",
      "conditions": {
        "player": [
          {
            "condition": "minecraft:entity_properties",
            "entity": "this",
            "predicate": {
              "player": {
                "stats": [
                  {
                    "type": "minecraft:used",
                    "stat": "minecraft:azalea_leaves",
                    "value": {
                      "min": 128
                    }
                  }
                ]
              }
            }
          }
        ]
      }
    },
    "flowering_azalea_leaves": {
      "trigger": "minecraft:tick",
      "conditions": {
        "player": [
          {
            "condition": "minecraft:entity_properties",
            "entity": "this",
            "predicate": {
              "player": {
                "stats": [
                  {
                    "type": "minecraft:used",
                    "stat": "minecraft:flowering_azalea_leaves",
                    "value": {
                      "min": 128
                    }
                  }
                ]
              }
            }
          }
        ]
      }
    }
  },
  "requirements": [
    [
      "flowering_azalea_leaves",
      "azalea_leaves",
      "birch_leaves",
      "spruce_leaves",
      "dark_oak_leaves",
      "jungle_leaves",
      "acacia_leaves",
      "oak_leaves"
    ]
  ]
}
