{
  "display": {
    "icon": {
      "item": "minecraft:bone"
    },
    "title": "Bow Baddies",
    "description": {
      "text": "Get revenge! ",
      "extra": [
        {
          "text": "Keralis",
          "color": "dark_gray",
          "italic": true
        }
      ]
    },
    "frame": "challenge"
  },
  "parent": "hermitcraft:keralis/booshes",
  "criteria": {
    "kill_skeleton": {
      "trigger": "minecraft:tick",
      "conditions": {
        "player": [
          {
            "condition": "minecraft:entity_properties",
            "entity": "this",
            "predicate": {
              "player": {
                "stats": [
                  {
                    "type": "minecraft:killed",
                    "stat": "minecraft:skeleton",
                    "value": {
                      "min": 50
                    }
                  }
                ]
              }
            }
          }
        ]
      }
    }
  }
}
