{
  "display": {
    "icon": {
      "item": "minecraft:name_tag"
    },
    "title": "Nametag!",
    "description": {
      "text": "Where's your horsie? ",
      "extra": [
        {
          "text": "Keralis",
          "color": "dark_gray",
          "italic": true
        }
      ]
    }
  },
  "parent": "hermitcraft:keralis/root",
  "criteria": {
    "nametag": {
      "trigger": "minecraft:player_interacted_with_entity",
      "conditions": {
        "item": {
          "items": [
            "minecraft:name_tag"
          ],
          "nbt": "{display:{Name:'{\"text\":\"Nametag\"}'}}"
        },
        "entity": [
          {
            "condition": "minecraft:entity_properties",
            "entity": "this",
            "predicate": {
              "type": "minecraft:horse"
            }
          }
        ]
      }
    }
  }
}