{
  "display": {
    "icon": {
      "item": "minecraft:player_head",
      "nbt": "{display:{Name:\"{\\\"text\\\":\\\"\\\"}\"},SkullOwner:{Id:[I;-1759743318,-1402846197,-1896954562,674918683],Properties:{textures:[{Value:\"eyJ0ZXh0dXJlcyI6eyJTS0lOIjp7InVybCI6Imh0dHA6Ly90ZXh0dXJlcy5taW5lY3JhZnQubmV0L3RleHR1cmUvZGVhMDg0OWNiNGQwNzRiNjViYTcxZTMwY2FkYWE2YzYxMjNmYWU2YTkwMWM3N2QzNmFmZWQ2NDllYjk1MGRlZCJ9fX0=\"}]}}}"
    },
    "title": "Keralis",
    "description": "Keralis's Challenges",
    "show_toast": false,
    "announce_to_chat": false
  },
  "parent": "hermitcraft:root",
  "criteria": {
    "empty": {
      "trigger": "minecraft:location"
    }
  }
}
