{
  "display": {
    "icon": {
      "item": "minecraft:glistering_melon_slice"
    },
    "title": "Advanced Brewing",
    "description": {
      "text": "English Breakfast Tea ",
      "extra": [
        {
          "text": "Biffa",
          "color": "dark_gray",
          "italic": true
        }
      ]
    },
    "frame": "challenge"
  },
  "parent": "hermitcraft:biffa/the_agency",
  "criteria": {
    "drink_healing": {
      "trigger": "minecraft:consume_item",
      "conditions": {
        "item": {
          "items": [
            "minecraft:potion"
          ],
          "potion": "minecraft:healing",
          "nbt": "{display:{Name:'{\"text\":\"English Breakfast Tea\"}'}}"
        }
      }
    },
    "drink_strong_healing": {
      "trigger": "minecraft:consume_item",
      "conditions": {
        "item": {
          "items": [
            "minecraft:potion"
          ],
          "potion": "minecraft:strong_healing",
          "nbt": "{display:{Name:'{\"text\":\"English Breakfast Tea\"}'}}"
        }
      }
    }
  },
  "requirements": [
    [
      "drink_strong_healing",
      "drink_healing"
    ]
  ]
}