{
  "display": {
    "icon": {
      "item": "minecraft:bowl"
    },
    "title": "Biffa's Bowl",
    "description": {
      "text": "Throw it in the ocean ",
      "extra": [
        {
          "text": "Biffa",
          "color": "dark_gray",
          "italic": true
        }
      ]
    }
  },
  "parent": "hermitcraft:biffa/root",
  "criteria": {
    "throw_bowl_into_deep_ocean": {
      "trigger": "minecraft:thrown_item_picked_up_by_entity",
      "conditions": {
        "player": [
          {
            "condition": "minecraft:entity_properties",
            "entity": "this",
            "predicate": {
              "location": {
                "biome": "minecraft:deep_ocean"
              }
            }
          }
        ],
        "item": {
          "items": [
            "minecraft:bowl"
          ],
          "nbt": "{display:{Name:'{\"text\":\"Biffa\\'s Bowl\"}'}}"
        }
      }
    },
    "throw_bowl_into_ocean": {
      "trigger": "minecraft:thrown_item_picked_up_by_entity",
      "conditions": {
        "player": [
          {
            "condition": "minecraft:entity_properties",
            "entity": "this",
            "predicate": {
              "location": {
                "biome": "minecraft:ocean"
              }
            }
          }
        ],
        "item": {
          "items": [
            "minecraft:bowl"
          ],
          "nbt": "{display:{Name:'{\"text\":\"Biffa\\'s Bowl\"}'}}"
        }
      }
    }
  },
  "requirements": [
    [
      "throw_bowl_into_ocean",
      "throw_bowl_into_deep_ocean"
    ]
  ]
}