{
  "criteria": {
    "empty": {
      "trigger": "minecraft:location"
    }
  },
  "display": {
    "icon": {
      "item": "minecraft:player_head",
      "nbt": "{display:{Name:\"{\\\"text\\\":\\\"\\\"}\"},SkullOwner:{Id:[I;-1901066635,-1182908166,-1225042179,1446684123],Properties:{textures:[{Value:\"eyJ0ZXh0dXJlcyI6eyJTS0lOIjp7InVybCI6Imh0dHA6Ly90ZXh0dXJlcy5taW5lY3JhZnQubmV0L3RleHR1cmUvYzkwMjRjMTE4ZTc5YjM5NTBmNGIxNmZlN2NkMDk2NGRiNTA2NTg4ZGUxZjRmYzI5NDQwMTQyMmZjYWVlZmFlMCJ9fX0=\"}]}}}"
    },
    "title": "Biffa",
    "description": "Biffa's Challenges",
    "show_toast": false,
    "announce_to_chat": false
  },
  "parent": "hermitcraft:root"
}
