{
  "display": {
    "icon": {
      "item": "minecraft:potion"
    },
    "title": "The Agency",
    "description": {
      "text": "Brew a cup of \"Tea\" ",
      "extra": [
        {
          "text": "Biffa",
          "color": "dark_gray",
          "italic": true
        }
      ]
    },
    "frame": "goal"
  },
  "parent": "hermitcraft:biffa/biffas_bowl",
  "criteria": {
    "tea_get": {
      "trigger": "minecraft:inventory_changed",
      "conditions": {
        "items": [
          {
            "items": [
              "minecraft:potion"
            ],
            "nbt": "{display:{Name:'{\"text\":\"Tea\"}'}}"
          }
        ]
      }
    }
  }
}