{
  "mudLakeConfig": {
    "canGenerate": false,
    "mudLakeFrequency": 25
  },
  "albinoCow": {
    "spawn": true,
    "weight": 8,
    "groupMin": 2,
    "groupMax": 4,
    "spawnBiomes": [
      "#minecraft:is_badlands",
      "#minecraft:is_mountain"
    ]
  },
  "amberChicken": {
    "spawn": true,
    "weight": 10,
    "groupMin": 2,
    "groupMax": 4,
    "spawnBiomes": [
      "minecraft:desert",
      "minecraft:savanna"
    ]
  },
  "ashenCow": {
    "spawn": true,
    "weight": 8,
    "groupMin": 2,
    "groupMax": 4,
    "spawnBiomes": [
      "#minecraft:is_mountain"
    ]
  },
  "boneSpider": {
    "spawn": true,
    "weight": 10,
    "groupMin": 2,
    "groupMax": 4,
    "spawnBiomes": [
      "#minecraft:is_badlands"
    ]
  },
  "boldStripedRabbit": {
    "spawn": true,
    "weight": 8,
    "groupMin": 2,
    "groupMax": 4,
    "spawnBiomes": [
      "#minecraft:is_badlands",
      "#minecraft:is_forest",
      "#minecraft:is_mountain"
    ]
  },
  "boulderingZombie": {
    "spawn": true,
    "weight": 15,
    "groupMin": 2,
    "groupMax": 4,
    "spawnBiomes": [
      "#minecraft:is_mountain"
    ]
  },
  "bronzedChicken": {
    "spawn": true,
    "weight": 10,
    "groupMin": 2,
    "groupMax": 4,
    "spawnBiomes": [
      "#minecraft:is_badlands"
    ]
  },
  "cluckshroom": {
    "spawn": true,
    "weight": 10,
    "groupMin": 2,
    "groupMax": 4,
    "spawnBiomes": [
      "mushroom"
    ]
  },
  "cookieCow": {
    "spawn": true,
    "weight": 8,
    "groupMin": 2,
    "groupMax": 4,
    "spawnBiomes": [
      "#minecraft:is_badlands",
      "#minecraft:is_taiga",
      "#minecraft:is_mountain"
    ]
  },
  "creamCow": {
    "spawn": true,
    "weight": 8,
    "groupMin": 2,
    "groupMax": 4,
    "spawnBiomes": [
      "#minecraft:is_badlands",
      "#minecraft:is_forest",
      "#minecraft:is_jungle",
      "minecraft:savanna"
    ]
  },
  "dairyCow": {
    "spawn": true,
    "weight": 8,
    "groupMin": 2,
    "groupMax": 4,
    "spawnBiomes": [
      "#minecraft:is_badlands",
      "#minecraft:is_forest",
      "#minecraft:is_jungle",
      "#minecraft:is_mountain"
    ]
  },
  "fancyChicken": {
    "spawn": true,
    "weight": 10,
    "groupMin": 2,
    "groupMax": 4,
    "spawnBiomes": [
      "#minecraft:is_badlands",
      "#minecraft:is_forest"
    ]
  },
  "fleckedSheep": {
    "spawn": true,
    "weight": 12,
    "groupMin": 2,
    "groupMax": 4,
    "spawnBiomes": [
      "#minecraft:is_badlands",
      "#minecraft:is_mountain",
      "#minecraft:is_taiga",
      "#minecraft:is_forest"
    ]
  },
  "freckledRabbit": {
    "spawn": true,
    "weight": 4,
    "groupMin": 2,
    "groupMax": 4,
    "spawnBiomes": [
      "minecraft:savanna",
      "#minecraft:is_badlands",
      "#minecraft:is_forest",
      "#minecraft:is_jungle"
    ]
  },
  "fuzzySheep": {
    "spawn": true,
    "weight": 12,
    "groupMin": 2,
    "groupMax": 4,
    "spawnBiomes": [
      "minecraft:savanna",
      "#minecraft:is_badlands",
      "#minecraft:is_forest",
      "#minecraft:is_jungle",
      "#minecraft:is_forest"
    ]
  },
  "goldCrestedChicken": {
    "spawn": true,
    "weight": 10,
    "groupMin": 2,
    "groupMax": 4,
    "spawnBiomes": [
      "#minecraft:is_badlands",
      "#minecraft:is_mountain",
      "#minecraft:is_forest",
      "minecraft:savanna"
    ]
  },
  "harelequinRabbit": {
    "spawn": true,
    "weight": 4,
    "groupMin": 2,
    "groupMax": 4,
    "spawnBiomes": [
      "#minecraft:is_badlands"
    ]
  },
  "hornedSheep": {
    "spawn": true,
    "weight": 12,
    "groupMin": 2,
    "groupMax": 4,
    "spawnBiomes": [
      "#minecraft:is_badlands",
      "#minecraft:is_mountain"
    ]
  },
  "inkySheep": {
    "spawn": true,
    "weight": 12,
    "groupMin": 2,
    "groupMax": 4,
    "spawnBiomes": [
      "#minecraft:is_badlands",
      "#minecraft:is_mountain"
    ]
  },
  "jollyLlama": {
    "spawn": true,
    "weight": 10,
    "groupMin": 2,
    "groupMax": 4,
    "spawnBiomes": [
      "#minecraft:is_taiga"
    ]
  },
  "jumboRabbit": {
    "spawn": true,
    "weight": 4,
    "groupMin": 2,
    "groupMax": 4,
    "spawnBiomes": [
      "#minecraft:is_badlands"
    ]
  },
  "lobberZombie": {
    "spawn": true,
    "weight": 15,
    "groupMin": 2,
    "groupMax": 4,
    "spawnBiomes": [
      "minecraft:swamp"
    ]
  },
  "longNosedSheep": {
    "spawn": true,
    "weight": 12,
    "groupMin": 2,
    "groupMax": 4,
    "spawnBiomes": [
      "minecraft:savanna",
      "minecraft:desert"
    ]
  },
  "midnightChicken": {
    "spawn": true,
    "weight": 10,
    "groupMin": 2,
    "groupMax": 4,
    "spawnBiomes": [
      "#minecraft:is_forest",
      "#minecraft:is_jungle"
    ]
  },
  "moobloom": {
    "spawn": true,
    "weight": 8,
    "groupMin": 2,
    "groupMax": 4,
    "spawnBiomes": [
      "minecraft:flower_forest"
    ]
  },
  "moolip": {
    "spawn": true,
    "weight": 8,
    "groupMin": 2,
    "groupMax": 4,
    "spawnBiomes": [
      "minecraft:flower_forest"
    ]
  },
  "mottledPig": {
    "spawn": true,
    "weight": 10,
    "groupMin": 2,
    "groupMax": 4,
    "spawnBiomes": [
      "#minecraft:is_badlands",
      "#minecraft:is_mountain",
      "#minecraft:is_forest"
    ]
  },
  "muddyPig": {
    "spawn": true,
    "weight": 10,
    "groupMin": 2,
    "groupMax": 4,
    "spawnBiomes": [
      "#minecraft:is_badlands",
      "#minecraft:is_mountain",
      "#minecraft:is_river"
    ]
  },
  "muddyFootRabbit": {
    "spawn": true,
    "weight": 4,
    "groupMin": 2,
    "groupMax": 4,
    "spawnBiomes": [
      "#minecraft:is_badlands"
    ]
  },
  "palePig": {
    "spawn": true,
    "weight": 10,
    "groupMin": 2,
    "groupMax": 4,
    "spawnBiomes": [
      "#minecraft:is_taiga",
    ]
  },
  "patchedSheep": {
    "spawn": true,
    "weight": 12,
    "groupMin": 2,
    "groupMax": 4,
    "spawnBiomes": [
      "#minecraft:is_badlands",
      "#minecraft:is_mountain"
    ]
  },
  "piebaldPig": {
    "spawn": true,
    "weight": 10,
    "groupMin": 2,
    "groupMax": 4,
    "spawnBiomes": [
      "#minecraft:is_forest",
      "#minecraft:is_badlands",
      "#minecraft:is_mountain",
      "#minecraft:is_taiga",
      "minecraft:savanna"
    ]
  },
  "pinkFootedPig": {
    "spawn": true,
    "weight": 10,
    "groupMin": 2,
    "groupMax": 4,
    "spawnBiomes": [
      "#minecraft:is_badlands",
      "#minecraft:is_forest"
    ]
  },
  "pintoCow": {
    "spawn": true,
    "weight": 8,
    "groupMin": 2,
    "groupMax": 4,
    "spawnBiomes": [
      "#minecraft:is_badlands",
      "#minecraft:is_taiga",
      "#minecraft:is_mountain"
    ]
  },
  "rainbowSheep": {
    "spawn": true,
    "weight": 12,
    "groupMin": 2,
    "groupMax": 4,
    "spawnBiomes": [
      "#minecraft:is_badlands",
      "#minecraft:is_forest"
    ]
  },
  "rockySheep": {
    "spawn": true,
    "weight": 12,
    "groupMin": 2,
    "groupMax": 4,
    "spawnBiomes": [
      "#minecraft:is_badlands",
      "#minecraft:is_mountain"
    ]
  },
  "skeletonWolf": {
    "spawn": true,
    "weight": 8,
    "groupMin": 2,
    "groupMax": 4,
    "spawnBiomes": [
      "#minecraft:is_forest",
      "#minecraft:is_taiga",
      "#minecraft:is_badlands"
    ]
  },
  "skewbaldChicken": {
    "spawn": true,
    "weight": 10,
    "groupMin": 2,
    "groupMax": 4,
    "spawnBiomes": [
      "#minecraft:is_badlands",
      "#minecraft:is_forest",
      "#minecraft:is_jungle"
    ]
  },
  "sootyPig": {
    "spawn": true,
    "weight": 10,
    "groupMin": 2,
    "groupMax": 4,
    "spawnBiomes": [
      "#minecraft:is_badlands",
      "#minecraft:is_jungle",
      "minecraft:savanna"
    ]
  },
  "spottedPig": {
    "spawn": true,
    "weight": 10,
    "groupMin": 2,
    "groupMax": 4,
    "spawnBiomes": [
      "minecraft:swamp"
    ]
  },
  "stormyChicken": {
    "spawn": true,
    "weight": 10,
    "groupMin": 2,
    "groupMax": 4,
    "spawnBiomes": [
      "#minecraft:is_badlands",
      "#minecraft:is_mountain",
      "#minecraft:is_taiga"
    ]
  },
  "sunsetCow": {
    "spawn": true,
    "weight": 8,
    "groupMin": 2,
    "groupMax": 4,
    "spawnBiomes": [
      "minecraft:savanna"
    ]
  },
  "tropicalSlime": {
    "spawn": true,
    "weight": 10,
    "groupMin": 2,
    "groupMax": 4,
    "spawnBiomes": [
      "#minecraft:is_beach"
    ]
  },
  "umbraCow": {
    "spawn": true,
    "weight": 8,
    "groupMin": 2,
    "groupMax": 4,
    "spawnBiomes": [
      "#minecraft:is_taiga",
      "#minecraft:is_mountain"
    ]
  },
  "vestedRabbit": {
    "spawn": true,
    "weight": 4,
    "groupMin": 2,
    "groupMax": 4,
    "spawnBiomes": [
      "#minecraft:is_badlands"
    ]
  },
  "vilerWitch": {
    "spawn": true,
    "weight": 1,
    "groupMin": 1,
    "groupMax": 1,
    "spawnBiomes": [
      "minecraft:swamp"
    ]
  },
  "woolyCow": {
    "spawn": true,
    "weight": 8,
    "groupMin": 2,
    "groupMax": 4,
    "spawnBiomes": [
      "#minecraft:is_taiga"
    ]
  }
}