{
  "condition": "minecraft:alternative",
  "terms": [
    {
      "condition": "minecraft:entity_properties",
      "entity": "this",
      "predicate": {
        "location": {
          "biome": "minecraft:sparse_jungle"
        }
      }
    },
    {
      "condition": "minecraft:entity_properties",
      "entity": "this",
      "predicate": {
        "location": {
          "biome": "minecraft:jungle"
        }
      }
    },
    {
      "condition": "minecraft:entity_properties",
      "entity": "this",
      "predicate": {
        "location": {
          "biome": "minecraft:bamboo_jungle"
        }
      }
    }
  ]
}
