{
  "display": {
    "icon": {
      "item": "minecraft:creeper_head"
    },
    "title": "Naked Boom",
    "description": {
      "text": "Survive the blast! ",
      "extra": [
        {
          "text": "Zedaph",
          "color": "dark_gray",
          "italic": true
        }
      ]
    },
    "frame": "goal"
  },
  "parent": "hermitcraft:zedaph/top_fun",
  "criteria": {
    "fly_with_a_sheep": {
      "trigger": "minecraft:entity_hurt_player",
      "conditions": {
        "player": [],
        "damage": {
          "taken": {
            "min": 0,
            "max": 19
          },
          "source_entity": {
            "type": "minecraft:creeper"
          }
        }
      }
    }
  }
}