{
  "display": {
    "icon": {
      "item": "minecraft:player_head",
      "nbt": "{display:{Name:\"{\\\"text\\\":\\\"\\\"}\"},SkullOwner:{Id:[I;-2073164221,-49985876,-2106590428,943495635],Properties:{textures:[{Value:\"eyJ0ZXh0dXJlcyI6eyJTS0lOIjp7InVybCI6Imh0dHA6Ly90ZXh0dXJlcy5taW5lY3JhZnQubmV0L3RleHR1cmUvNzkxOGFkNTZiMDkxNTQyZWQwNTMzYTBhNDYzNDIxN2Y5MmQzYjEwYTY0MjhjNmQzYWE5MTk0MjVkMTI0OGZkYyJ9fX0=\"}]}}}"
    },
    "title": "Zedaph",
    "description": "Zedaph's Challenges",
    "show_toast": false,
    "announce_to_chat": false
  },
  "parent": "hermitcraft:root",
  "criteria": {
    "empty": {
      "trigger": "minecraft:location"
    }
  }
}
