{
    "pools":[
        {
            "rolls":1,
            "entries":[
                {
                    "type":"minecraft:loot_table",
                    "name":"ctov:village/common/generic"
                }
            ]
        },
        {
            "rolls":2,
            "entries":[
                {
                    "type":"item",
                    "name":"minecraft:oak_log"
                },
                {
                    "type":"item",
                    "name":"minecraft:oak_sapling"
                }
            ]
        }
    ]
}