{
  "name": "gatkong:village/badlands/houses",
  "fallback": "gatkong:village/badlands/terminators",
  "elements": [
    {
      "weight": 8,
      "element": {
        "location": "gatkong:village/badlands/houses/badlands_animal_pen_1",
        "processors": "minecraft:empty",
        "projection": "rigid",
        "element_type": "minecraft:legacy_single_pool_element"
      }
    },
    {
      "weight": 8,
      "element": {
        "location": "gatkong:village/badlands/houses/badlands_armorer_1",
        "processors": "minecraft:empty",
        "projection": "rigid",
        "element_type": "minecraft:legacy_single_pool_element"
      }
    },
    {
      "weight": 8,
      "element": {
        "location": "gatkong:village/badlands/houses/badlands_butcher_shop_1",
        "processors": "minecraft:empty",
        "projection": "rigid",
        "element_type": "minecraft:legacy_single_pool_element"
      }
    },
    {
      "weight": 8,
      "element": {
        "location": "gatkong:village/badlands/houses/badlands_farm_1",
        "processors": "minecraft:empty",
        "projection": "rigid",
        "element_type": "minecraft:legacy_single_pool_element"
      }
    },
    {
      "weight": 8,
      "element": {
        "location": "gatkong:village/badlands/houses/badlands_fletcher_house_1",
        "processors": "minecraft:empty",
        "projection": "rigid",
        "element_type": "minecraft:legacy_single_pool_element"
      }
    },
    {
      "weight": 8,
      "element": {
        "location": "gatkong:village/badlands/houses/badlands_mason_1",
        "processors": "minecraft:empty",
        "projection": "rigid",
        "element_type": "minecraft:legacy_single_pool_element"
      }
    },
    {
      "weight": 12,
      "element": {
        "location": "gatkong:village/badlands/houses/badlands_small_house_1",
        "processors": "minecraft:empty",
        "projection": "rigid",
        "element_type": "minecraft:legacy_single_pool_element"
      }
    },
    {
      "weight": 12,
      "element": {
        "location": "gatkong:village/badlands/houses/badlands_small_house_2",
        "processors": "minecraft:empty",
        "projection": "rigid",
        "element_type": "minecraft:legacy_single_pool_element"
      }
    },
    {
      "weight": 12,
      "element": {
        "location": "gatkong:village/badlands/houses/badlands_small_house_3",
        "processors": "minecraft:empty",
        "projection": "rigid",
        "element_type": "minecraft:legacy_single_pool_element"
      }
    },
    {
      "weight": 1,
      "element": {
        "location": "gatkong:village/badlands/houses/badlands_small_house_4",
        "processors": "minecraft:empty",
        "projection": "rigid",
        "element_type": "minecraft:legacy_single_pool_element"
      }
    },
    {
      "weight": 1,
      "element": {
        "location": "gatkong:village/badlands/houses/badlands_small_house_5",
        "processors": "minecraft:empty",
        "projection": "rigid",
        "element_type": "minecraft:legacy_single_pool_element"
      }
    },
    {
      "weight": 2,
      "element": {
        "location": "gatkong:village/badlands/houses/badlands_small_house_6",
        "processors": "minecraft:empty",
        "projection": "rigid",
        "element_type": "minecraft:legacy_single_pool_element"
      }
    },
    {
      "weight": 2,
      "element": {
        "location": "gatkong:village/badlands/houses/badlands_small_house_7",
        "processors": "minecraft:empty",
        "projection": "rigid",
        "element_type": "minecraft:legacy_single_pool_element"
      }
    },
    {
      "weight": 2,
      "element": {
        "location": "gatkong:village/badlands/houses/badlands_small_house_8",
        "processors": "minecraft:empty",
        "projection": "rigid",
        "element_type": "minecraft:legacy_single_pool_element"
      }
    },
    {
      "weight": 8,
      "element": {
        "location": "gatkong:village/badlands/houses/badlands_tannery_1",
        "processors": "minecraft:empty",
        "projection": "rigid",
        "element_type": "minecraft:legacy_single_pool_element"
      }
    },
    {
      "weight": 8,
      "element": {
        "location": "gatkong:village/badlands/houses/badlands_temple_1",
        "processors": "minecraft:empty",
        "projection": "rigid",
        "element_type": "minecraft:legacy_single_pool_element"
      }
    },
    {
      "weight": 8,
      "element": {
        "location": "gatkong:village/badlands/houses/badlands_tool_smith_1",
        "processors": "minecraft:empty",
        "projection": "rigid",
        "element_type": "minecraft:legacy_single_pool_element"
      }
    },
    {
      "weight": 8,
      "element": {
        "location": "gatkong:village/badlands/houses/badlands_weaponsmith_1",
        "processors": "minecraft:empty",
        "projection": "rigid",
        "element_type": "minecraft:legacy_single_pool_element"
      }
    },
    {
      "weight": 8,
      "element": {
        "location": "gatkong:village/badlands/houses/badlands_wagon_1",
        "processors": "minecraft:empty",
        "projection": "rigid",
        "element_type": "minecraft:legacy_single_pool_element"
      }
    },
    {
      "weight": 6,
      "element": {
        "element_type": "minecraft:empty_pool_element"
      }
    }
  ]
}