{
  "display": {
    "icon": {
      "item": "minecraft:oak_boat"
    },
    "title": "A New Home",
    "description": {
      "text": "Shulkers don't belong in the overworld ",
      "extra": [
        {
          "text": "Tango",
          "color": "dark_gray",
          "italic": true
        }
      ]
    },
    "frame": "challenge"
  },
  "parent": "hermitcraft:tango/boombox_backfire",
  "criteria": {
    "be_near_a_shulker_that_has_not_already_granted_this_advancement_to_someone_else_while_in_the_overworld": {
      "trigger": "minecraft:tick",
      "conditions": {
        "player": [
          {
            "condition": "minecraft:entity_properties",
            "entity": "this",
            "predicate": {
              "player": {
                "looking_at": {
                  "type": "minecraft:shulker",
                  "location": {
                    "dimension": "minecraft:overworld"
                  }
                }
              }
            }
          }
        ]
      }
    }
  }
}