{
  "display": {
    "icon": {
      "item": "minecraft:tnt"
    },
    "title": "Boombox backfire",
    "description": {
      "text": "Explode yourself with TnT ",
      "extra": [
        {
          "text": "Tango",
          "color": "dark_gray",
          "italic": true
        }
      ]
    },
    "frame": "goal"
  },
  "parent": "hermitcraft:tango/time_to_farm",
  "criteria": {
    "die_to_tnt": {
      "trigger": "minecraft:entity_hurt_player",
      "conditions": {
        "damage": {
          "type": {
            "is_explosion": true
          }
        }
      }
    }
  }
}
