{
  "display": {
    "icon": {
      "item": "minecraft:player_head",
      "nbt": "{display:{Name:\"{\\\"text\\\":\\\"\\\"}\"},SkullOwner:{Id:[I;536831488,-1262403254,-1691998769,-323176979],Properties:{textures:[{Value:\"eyJ0ZXh0dXJlcyI6eyJTS0lOIjp7InVybCI6Imh0dHA6Ly90ZXh0dXJlcy5taW5lY3JhZnQubmV0L3RleHR1cmUvZTI4ODgyZWIxMGRmZGQxOTFmNGIwZjBlMTg0MmJjODNkYTMyZTNhMjQ4YTc3OWYzMDBkY2NmNTZjODQ1YWVjYSJ9fX0=\"}]}}}"
    },
    "title": "TangoTek",
    "description": "TangoTek's Challenges",
    "show_toast": false,
    "announce_to_chat": false
  },
  "parent": "hermitcraft:root",
  "criteria": {
    "empty": {
      "trigger": "minecraft:location"
    }
  }
}
