{
  "display": {
    "icon": {
      "item": "minecraft:iron_block"
    },
    "title": "Time to farm",
    "description": {
      "text": "Those Golems won't kill themselves! ",
      "extra": [
        {
          "text": "Tango",
          "color": "dark_gray",
          "italic": true
        }
      ]
    }
  },
  "parent": "hermitcraft:tango/root",
  "criteria": {
    "killed_10_golems": {
      "trigger": "minecraft:tick",
      "conditions": {
        "player": [
          {
            "condition": "minecraft:entity_properties",
            "entity": "this",
            "predicate": {
              "player": {
                "stats": [
                  {
                    "type": "minecraft:killed",
                    "stat": "minecraft:iron_golem",
                    "value": {
                      "min": 10
                    }
                  }
                ]
              }
            }
          }
        ]
      }
    }
  }
}
