{
  "name": "kaisyn:village/mountains/houses",
  "fallback": "minecraft:empty",
  "elements": [
    {
      "weight": 4,
      "element": {
        "location": "kaisyn:village/mountains/houses/mountains_big_house_1",
        "processors": "minecraft:empty",
        "projection": "rigid",
        "element_type": "minecraft:legacy_single_pool_element"
      }
    },
	{
      "weight": 5,
      "element": {
        "location": "kaisyn:village/mountains/houses/mountains_big_house_2",
        "processors": "minecraft:empty",
        "projection": "rigid",
        "element_type": "minecraft:legacy_single_pool_element"
      }
    },
	{
      "weight": 4,
      "element": {
        "location": "kaisyn:village/mountains/houses/mountains_big_house_3",
        "processors": "minecraft:empty",
        "projection": "rigid",
        "element_type": "minecraft:legacy_single_pool_element"
      }
    },
    {
      "weight": 3,
      "element": {
        "location": "kaisyn:village/mountains/houses/mountains_butcher_shop_1",
        "processors": "minecraft:empty",
        "projection": "rigid",
        "element_type": "minecraft:legacy_single_pool_element"
      }
    },
    {
     "weight": 6,
     "element": {
       "location": "kaisyn:village/mountains/streets/houses/mountains_temple_1",
       "processors": "minecraft:empty",
       "projection": "rigid",
       "element_type": "minecraft:legacy_single_pool_element"
     }
    },
    {
      "weight": 2,
      "element": {
        "location": "kaisyn:village/mountains/houses/mountains_library_1",
        "processors": "minecraft:empty",
        "projection": "rigid",
        "element_type": "minecraft:legacy_single_pool_element"
      }
    },
    {
      "weight": 3,
      "element": {
        "location": "kaisyn:village/mountains/houses/mountains_small_house_1",
        "processors": "minecraft:empty",
        "projection": "rigid",
        "element_type": "minecraft:legacy_single_pool_element"
      }
    },
    {
      "weight": 3,
      "element": {
        "location": "kaisyn:village/mountains/houses/mountains_small_house_2",
        "processors": "minecraft:empty",
        "projection": "rigid",
        "element_type": "minecraft:legacy_single_pool_element"
      }
    },
    {
      "weight": 3,
      "element": {
        "location": "kaisyn:village/mountains/houses/mountains_small_house_3",
        "processors": "minecraft:empty",
        "projection": "rigid",
        "element_type": "minecraft:legacy_single_pool_element"
      }
    },
	{
      "weight": 3,
      "element": {
        "location": "kaisyn:village/mountains/houses/mountains_small_house_4",
        "processors": "minecraft:empty",
        "projection": "rigid",
        "element_type": "minecraft:legacy_single_pool_element"
      }
    },
	{
      "weight": 3,
      "element": {
        "location": "kaisyn:village/mountains/houses/mountains_small_house_5",
        "processors": "minecraft:empty",
        "projection": "rigid",
        "element_type": "minecraft:legacy_single_pool_element"
      }
    },
	{
      "weight": 3,
      "element": {
        "location": "kaisyn:village/mountains/houses/mountains_small_house_6",
        "processors": "minecraft:empty",
        "projection": "rigid",
        "element_type": "minecraft:legacy_single_pool_element"
      }
    },
	{
      "weight": 3,
      "element": {
        "location": "kaisyn:village/mountains/houses/mountains_small_house_7",
        "processors": "minecraft:empty",
        "projection": "rigid",
        "element_type": "minecraft:legacy_single_pool_element"
      }
    },
	{
      "weight": 3,
      "element": {
        "location": "kaisyn:village/mountains/houses/mountains_small_house_8",
        "processors": "minecraft:empty",
        "projection": "rigid",
        "element_type": "minecraft:legacy_single_pool_element"
      }
    },
    {
    "weight": 3,
    "element": {
      "location": "kaisyn:village/mountains/streets/houses/mountains_tool_smith_1",
      "processors": "minecraft:empty",
      "projection": "rigid",
      "element_type": "minecraft:legacy_single_pool_element"
    }
   },
   {
     "weight": 3,
     "element": {
       "location": "kaisyn:village/mountains/streets/houses/mountains_weaponsmith_1",
       "processors": "minecraft:empty",
       "projection": "rigid",
       "element_type": "minecraft:legacy_single_pool_element"
     }
   }
  ]
}