{
  "name": "kaisyn:village/mountains/streets",
  "fallback": "minecraft:empty",
  "elements": [
    {
      "weight": 3,
      "element": {
        "location": "kaisyn:village/mountains/streets/corner_01",
        "processors": "minecraft:empty",
        "projection": "terrain_matching",
        "element_type": "minecraft:legacy_single_pool_element"
      }
    },
    {
      "weight": 3,
      "element": {
        "location": "kaisyn:village/mountains/streets/corner_02",
        "processors": "minecraft:empty",
        "projection": "terrain_matching",
        "element_type": "minecraft:legacy_single_pool_element"
      }
    },
    {
      "weight": 1,
      "element": {
        "location": "kaisyn:village/mountains/streets/crossroad_01",
        "processors": "minecraft:empty",
        "projection": "rigid",
        "element_type": "minecraft:legacy_single_pool_element"
      }
    },
    {
      "weight": 2,
      "element": {
        "location": "kaisyn:village/mountains/streets/straight_01",
        "processors": "minecraft:empty",
        "projection": "terrain_matching",
        "element_type": "minecraft:legacy_single_pool_element"
      }
    },
    {
      "weight": 2,
      "element": {
        "location": "kaisyn:village/mountains/streets/straight_02",
        "processors": "minecraft:empty",
        "projection": "terrain_matching",
        "element_type": "minecraft:legacy_single_pool_element"
      }
    },
    {
      "weight": 2,
      "element": {
        "location": "kaisyn:village/mountains/streets/straight_03",
        "processors": "minecraft:empty",
        "projection": "terrain_matching",
        "element_type": "minecraft:legacy_single_pool_element"
      }
    },
   {
    "weight": 2,
    "element": {
      "location": "kaisyn:village/mountains/streets/straight_04",
      "processors": "minecraft:empty",
      "projection": "terrain_matching",
      "element_type": "minecraft:legacy_single_pool_element"
    }
  }
  ]
}