{
  "config": {
    "feature": {
      "config": {
        "feature": {
          "config": {
            "feature": {
              "config": {
                "features": [
                  {
                    "feature": {
                      "config": {
                        "max_water_depth": 2,
                        "ignore_vines": true,
                        "heightmap": "OCEAN_FLOOR_WG",
                        "minimum_size": {
                          "limit": 0,
                          "lower_size": 0,
                          "upper_size": 0,
                          "min_clipped_height": 0,
                          "type": "minecraft:two_layers_feature_size"
                        },
                        "decorators": [],
                        "trunk_provider": {
                          "state": {
                            "Properties": {
                              "axis": "y"
                            },
                            "Name": "minecraft:oak_log"
                          },
                          "type": "minecraft:simple_state_provider"
                        },
                        "leaves_provider": {
                          "state": {
                            "Properties": {
                              "persistent": "false",
                              "distance": "1"
                            },
                            "Name": "minecraft:oak_leaves"
                          },
                          "type": "minecraft:simple_state_provider"
                        },
                        "foliage_placer": {
                          "radius": 2,
                          "offset": 1,
                          "height": 3,
                          "type": "minecraft:blob_foliage_placer"
                        },
                        "trunk_placer": {
                          "base_height": 7,
                          "height_rand_a": 2,
                          "height_rand_b": 2,
                          "type": "minecraft:straight_trunk_placer"
                        }
                      },
                      "type": "minecraft:tree"
                    },
                    "chance": 0.25
                  },
                  {
                    "feature": "mmb:marshland/tree_roots",
                    "chance": 0.35
                  }
                ],
                "default": {
                  "config": {
                    "feature": {
                      "config": {
                        "max_water_depth": 2,
                        "ignore_vines": true,
                        "heightmap": "OCEAN_FLOOR_WG",
                        "minimum_size": {
                          "limit": 0,
                          "lower_size": 0,
                          "upper_size": 0,
                          "min_clipped_height": 0,
                          "type": "minecraft:two_layers_feature_size"
                        },
                        "decorators": [],
                        "trunk_provider": {
                          "state": {
                            "Properties": {
                              "axis": "y"
                            },
                            "Name": "minecraft:oak_log"
                          },
                          "type": "minecraft:simple_state_provider"
                        },
                        "leaves_provider": {
                          "state": {
                            "Properties": {
                              "persistent": "false",
                              "distance": "1"
                            },
                            "Name": "minecraft:oak_leaves"
                          },
                          "type": "minecraft:simple_state_provider"
                        },
                        "foliage_placer": {
                          "radius": 1,
                          "offset": 2,
                          "height": 5,
                          "type": "minecraft:fancy_foliage_placer"
                        },
                        "trunk_placer": {
                          "base_height": 9,
                          "height_rand_a": 3,
                          "height_rand_b": 3,
                          "type": "minecraft:fancy_trunk_placer"
                        }
                      },
                      "type": "minecraft:tree"
                    },
                    "decorator": {
                      "config": {
                        "count": 1,
                        "extra_chance": 0.5,
                        "extra_count": 0
                      },
                      "type": "minecraft:count_extra"
                    }
                  },
                  "type": "minecraft:decorated"
                }
              },
              "type": "minecraft:random_selector"
            },
            "decorator": {
              "config": {
                "count": 16
              },
              "type": "minecraft:count"
            }
          },
          "type": "minecraft:decorated"
        },
        "decorator": {
          "config": {
            "outer": {
              "config": {},
              "type": "minecraft:square"
            },
            "inner": {
              "config": {},
              "type": "minecraft:heightmap_world_surface"
            }
          },
          "type": "minecraft:decorated"
        }
      },
      "type": "minecraft:decorated"
    },
    "decorator": {
      "config": {
        "count": 0,
        "extra_chance": 0.25,
        "extra_count": 1
      },
      "type": "minecraft:count_extra"
    }
  },
  "type": "minecraft:decorated"
}