{
    "display": {
        "icon": {
            "item": "minecraft:oak_sapling"
        },
        "title": {"translate":"One with the forest"},
        "description": {"color":"#75E1FF","translate":"Discover every forest biome"},
        "announce_to_chat": false,
        "frame": "goal"
    },
    "parent": "blazeandcave:biomes/kilometre_walk",	
    "rewards": {
		"function": "bc_rewards:biomes/one_with_the_forest"
    },	
    "criteria": {
        "forest": {
            "trigger": "minecraft:location",
            "conditions": {
                "biome": "minecraft:forest"
            }
        },
        "flower_forest": {
            "trigger": "minecraft:location",
            "conditions": {
                "biome": "minecraft:flower_forest"
            }
        },
        "plains": {
            "trigger": "minecraft:location",
            "conditions": {
                "biome": "minecraft:plains"
            }
        },
        "sunflower_plains": {
            "trigger": "minecraft:location",
            "conditions": {
                "biome": "minecraft:sunflower_plains"
            }
        },
        "dark_forest": {
            "trigger": "minecraft:location",
            "conditions": {
                "biome": "minecraft:dark_forest"
            }
        },
        "birch_forest": {
            "trigger": "minecraft:location",
            "conditions": {
                "biome": "minecraft:birch_forest"
            }
        },
        "old_growth_birch_forest": {
            "trigger": "minecraft:location",
            "conditions": {
                "biome": "minecraft:old_growth_birch_forest"
            }
        },
        "old_growth_pine_taiga": {
            "trigger": "minecraft:location",
            "conditions": {
                "biome": "minecraft:old_growth_pine_taiga"
            }
        },
        "old_growth_spruce_taiga": {
            "trigger": "minecraft:location",
            "conditions": {
                "biome": "minecraft:old_growth_spruce_taiga"
            }
        },
        "taiga": {
            "trigger": "minecraft:location",
            "conditions": {
                "biome": "minecraft:taiga"
            }
        }
    }
}