{
    "display": {
        "icon": {
            "item": "minecraft:ice"
        },
        "title": {"translate":"Smooth Operator"},
        "description": {"translate":"Slip and slide on some ice"},
        "announce_to_chat": false
    },
    "parent": "blazeandcave:biomes/root",
    "rewards": {
		"function": "bc_rewards:biomes/smooth_operator"
    },		
    "criteria": {
        "smooth_operator": {
			"trigger": "minecraft:location",
			"conditions": {
				"player": [
					{
						"condition": "minecraft:entity_properties",
						"predicate": {
							"stepping_on": {
								"block": {
									"tag": "minecraft:ice"
								}
							}
						},
						"entity": "this"
					}
				]
			}
		}
    }
}