{
    "pools":[
        {
            "rolls":1,
            "entries":[
                {
                    "type": "minecraft:loot_table",
                    "name": "ctov:village/common/generic"
                }
            ]
        },
        {
            "rolls":1,
            "entries":[
                {
                    "type":"minecraft:item",
                    "name":"minecraft:cocoa_beans"
                }
            ]
        },
        {
            "rolls":2,
            "entries":[
                {
                    "type":"minecraft:item",
                    "name":"minecraft:jungle_log"
                },
                {
                    "type":"minecraft:item",
                    "name":"minecraft:jungle_sapling"
                }
            ]
        }
    ]
}