{
  "display": {
    "icon": {
      "item": "minecraft:birch_log"
    },
    "title": "Birchfella",
    "description": {
      "text": "You can become one too! ",
      "extra": [
        {
          "text": "Cubfan135",
          "color": "dark_gray",
          "italic": true
        }
      ]
    },
    "frame": "goal"
  },
  "parent": "hermitcraft:cubfan/volcanic_safety",
  "criteria": {
    "true_birchfella": {
      "trigger": "minecraft:tick",
      "conditions": {
        "player": [
          {
            "condition": "minecraft:entity_properties",
            "entity": "this",
            "predicate": {
              "player": {
                "stats": [
                  {
                    "type": "minecraft:mined",
                    "stat": "minecraft:birch_log",
                    "value": {
                      "min": 500
                    }
                  }
                ]
              }
            }
          }
        ]
      }
    }
  }
}