{
  "display": {
    "icon": {
      "item": "minecraft:sand"
    },
    "title": "Desert Destroyer",
    "description": {
      "text": "You're gonna need a few shovels ",
      "extra": [
        {
          "text": "Cubfan135",
          "color": "dark_gray",
          "italic": true
        }
      ]
    },
    "frame": "challenge"
  },
  "parent": "hermitcraft:cubfan/birchfella",
  "criteria": {
    "desert_destroyer": {
      "trigger": "minecraft:tick",
      "conditions": {
        "player": [
          {
            "condition": "minecraft:entity_properties",
            "entity": "this",
            "predicate": {
              "player": {
                "stats": [
                  {
                    "type": "minecraft:mined",
                    "stat": "minecraft:sand",
                    "value": {
                      "min": 2000
                    }
                  }
                ]
              }
            }
          }
        ]
      }
    }
  }
}