{
  "criteria": {
    "empty": {
      "trigger": "minecraft:location"
    }
  },
  "display": {
    "icon": {
      "item": "minecraft:player_head",
      "nbt": "{display:{Name:\"{\\\"text\\\":\\\"\\\"}\"},SkullOwner:{Id:[I;1156799790,1988972267,-1586067274,-1928549188],Properties:{textures:[{Value:\"eyJ0ZXh0dXJlcyI6eyJTS0lOIjp7InVybCI6Imh0dHA6Ly90ZXh0dXJlcy5taW5lY3JhZnQubmV0L3RleHR1cmUvZDEzYmQwOTQ0YTdjNjJlOWFiN2QwZGUxOTQ2YmM0ZTQ4N2IwYWQyNzIxMTA5NWVjZjQxZmQwODdkODRlZGQ3ZCJ9fX0=\"}]}}}"
    },
    "title": "Cubfan135",
    "description": "Cubfan135's Challenges",
    "show_toast": false,
    "announce_to_chat": false
  },
  "parent": "hermitcraft:root"
}
