{
  "display": {
    "icon": {
      "item": "minecraft:magma_block"
    },
    "title": "Volcanic Safety",
    "description": {
      "text": "Fire Potions & Frosty Boots ",
      "extra": [
        {
          "text": "Cubfan135",
          "color": "dark_gray",
          "italic": true
        }
      ]
    }
  },
  "parent": "hermitcraft:cubfan/root",
  "criteria": {
    "volcanic_safety": {
      "trigger": "minecraft:tick",
      "conditions": {
        "player": [
          {
            "condition": "minecraft:entity_properties",
            "entity": "this",
            "predicate": {
              "stepping_on": {
                "block": {
                  "blocks": [
                    "minecraft:magma_block"
                  ]
                }
              },
              "equipment": {
                "feet": {
                  "enchantments": [
                    {
                      "enchantment": "minecraft:frost_walker"
                    }
                  ]
                }
              }
            }
          }
        ]
      }
    }
  }
}