{
  "config": {
    "feature": {
      "config": {
        "feature": {
          "config": {
            "feature": {
              "config": {
                "feature": {
                  "config": {
                    "feature": {
                      "config": {
                        "target": {
                          "block": "minecraft:grass_block",
                          "probability": 0.03125,
                          "predicate_type": "minecraft:random_block_match"
                        },
                        "state": {
                          "Name": "minecraft:cobblestone"
                        },
                        "size": 24
                      },
                      "type": "minecraft:ore"
                    },
                    "decorator": {
                      "config": {
                        "noise_to_count_ratio": 1,
                        "noise_factor": 60.0,
                        "noise_offset": 0.125
                      },
                      "type": "minecraft:count_noise_biased"
                    }
                  },
                  "type": "minecraft:decorated"
                },
                "decorator": {
                  "config": {
                    "noise_to_count_ratio": -1,
                    "noise_factor": 60.0,
                    "noise_offset": -0.125
                  },
                  "type": "minecraft:count_noise_biased"
                }
              },
              "type": "minecraft:decorated"
            },
            "decorator": {
              "config": {
                "noise_to_count_ratio": 1,
                "noise_factor": -60.0,
                "noise_offset": 0.0
              },
              "type": "minecraft:count_noise_biased"
            }
          },
          "type": "minecraft:decorated"
        },
        "decorator": {
          "config": {
            "outer": {
              "config": {},
              "type": "minecraft:square"
            },
            "inner": {
              "config": {},
              "type": "minecraft:top_solid_heightmap"
            }
          },
          "type": "minecraft:decorated"
        }
      },
      "type": "minecraft:decorated"
    },
    "decorator": {
      "config": {
        "count": 80
      },
      "type": "minecraft:count"
    }
  },
  "type": "minecraft:decorated"
}