{
  "config": {
    "feature": {
      "config": {
        "feature": {
          "config": {
            "features": [
              {
                "feature": {
                  "config": {
                    "max_water_depth": 0,
                    "ignore_vines": false,
                    "heightmap": "OCEAN_FLOOR",
                    "minimum_size": {
                      "limit": 1,
                      "lower_size": 1,
                      "upper_size": 1,
                      "type": "minecraft:two_layers_feature_size"
                    },
                    "decorators": [
                      {
                        "type": "minecraft:trunk_vine"
                      }
                    ],
                    "trunk_provider": {
                      "state": {
                        "Properties": {
                          "axis": "y"
                        },
                        "Name": "minecraft:dark_oak_log"
                      },
                      "type": "minecraft:simple_state_provider"
                    },
                    "leaves_provider": {
                      "state": {
                        "Properties": {
                          "persistent": "false",
                          "distance": "7"
                        },
                        "Name": "minecraft:dark_oak_leaves"
                      },
                      "type": "minecraft:simple_state_provider"
                    },
                    "foliage_placer": {
                      "radius": 1,
                      "offset": 0,
                      "crown_height": {
                        "base": 2,
                        "spread": 1
                      },
                      "type": "minecraft:mega_pine_foliage_placer"
                    },
                    "trunk_placer": {
                      "base_height": 17,
                      "height_rand_a": 2,
                      "height_rand_b": 4,
                      "type": "minecraft:giant_trunk_placer"
                    }
                  },
                  "type": "minecraft:tree"
                },
                "chance": 0.0125
              },
              {
                "feature": {
                  "config": {
                    "max_water_depth": 0,
                    "ignore_vines": true,
                    "heightmap": "OCEAN_FLOOR",
                    "minimum_size": {
                      "limit": 1,
                      "lower_size": 1,
                      "upper_size": 1,
                      "type": "minecraft:two_layers_feature_size"
                    },
                    "decorators": [
                      {
                        "type": "minecraft:trunk_vine"
                      }
                    ],
                    "trunk_provider": {
                      "state": {
                        "Properties": {
                          "axis": "y"
                        },
                        "Name": "minecraft:jungle_log"
                      },
                      "type": "minecraft:simple_state_provider"
                    },
                    "leaves_provider": {
                      "state": {
                        "Properties": {
                          "persistent": "false",
                          "distance": "7"
                        },
                        "Name": "minecraft:jungle_leaves"
                      },
                      "type": "minecraft:simple_state_provider"
                    },
                    "foliage_placer": {
                      "radius": 0,
                      "offset": 0,
                      "type": "minecraft:dark_oak_foliage_placer"
                    },
                    "trunk_placer": {
                      "base_height": 18,
                      "height_rand_a": 4,
                      "height_rand_b": 2,
                      "type": "minecraft:dark_oak_trunk_placer"
                    }
                  },
                  "type": "minecraft:tree"
                },
                "chance": 0.0325
              },
              {
                "feature": {
                  "config": {
                    "max_water_depth": 0,
                    "ignore_vines": true,
                    "heightmap": "OCEAN_FLOOR",
                    "minimum_size": {
                      "limit": 0,
                      "lower_size": 0,
                      "upper_size": 0,
                      "type": "minecraft:two_layers_feature_size"
                    },
                    "decorators": [
                      {
                        "type": "minecraft:trunk_vine"
                      }
                    ],
                    "trunk_provider": {
                      "state": {
                        "Properties": {
                          "axis": "y"
                        },
                        "Name": "minecraft:dark_oak_log"
                      },
                      "type": "minecraft:simple_state_provider"
                    },
                    "leaves_provider": {
                      "state": {
                        "Properties": {
                          "persistent": "false",
                          "distance": "7"
                        },
                        "Name": "minecraft:dark_oak_leaves"
                      },
                      "type": "minecraft:simple_state_provider"
                    },
                    "foliage_placer": {
                      "radius": 3,
                      "offset": 1,
                      "height": 4,
                      "type": "minecraft:pine_foliage_placer"
                    },
                    "trunk_placer": {
                      "base_height": 13,
                      "height_rand_a": 4,
                      "height_rand_b": 1,
                      "type": "minecraft:straight_trunk_placer"
                    }
                  },
                  "type": "minecraft:tree"
                },
                "chance": 0.05
              },
              {
                "feature": {
                  "config": {
                    "max_water_depth": 0,
                    "ignore_vines": true,
                    "heightmap": "OCEAN_FLOOR",
                    "minimum_size": {
                      "limit": 0,
                      "lower_size": 0,
                      "upper_size": 0,
                      "type": "minecraft:two_layers_feature_size"
                    },
                    "decorators": [],
                    "trunk_provider": {
                      "state": {
                        "Properties": {
                          "axis": "y"
                        },
                        "Name": "minecraft:dark_oak_log"
                      },
                      "type": "minecraft:simple_state_provider"
                    },
                    "leaves_provider": {
                      "state": {
                        "Properties": {
                          "persistent": "false",
                          "distance": "7"
                        },
                        "Name": "minecraft:dark_oak_leaves"
                      },
                      "type": "minecraft:simple_state_provider"
                    },
                    "foliage_placer": {
                      "radius": 3,
                      "offset": 1,
                      "height": 4,
                      "type": "minecraft:pine_foliage_placer"
                    },
                    "trunk_placer": {
                      "base_height": 13,
                      "height_rand_a": 4,
                      "height_rand_b": 1,
                      "type": "minecraft:straight_trunk_placer"
                    }
                  },
                  "type": "minecraft:tree"
                },
                "chance": 0.25
              },
              {
                "feature": {
                  "config": {
                    "max_water_depth": 0,
                    "ignore_vines": true,
                    "heightmap": "OCEAN_FLOOR",
                    "minimum_size": {
                      "limit": 0,
                      "lower_size": 0,
                      "upper_size": 0,
                      "type": "minecraft:two_layers_feature_size"
                    },
                    "decorators": [
                      {
                        "type": "minecraft:trunk_vine"
                      }
                    ],
                    "trunk_provider": {
                      "state": {
                        "Properties": {
                          "axis": "y"
                        },
                        "Name": "minecraft:jungle_log"
                      },
                      "type": "minecraft:simple_state_provider"
                    },
                    "leaves_provider": {
                      "state": {
                        "Properties": {
                          "persistent": "false",
                          "distance": "7"
                        },
                        "Name": "minecraft:jungle_leaves"
                      },
                      "type": "minecraft:simple_state_provider"
                    },
                    "foliage_placer": {
                      "radius": 2,
                      "offset": 1,
                      "height": 2,
                      "type": "minecraft:bush_foliage_placer"
                    },
                    "trunk_placer": {
                      "base_height": 12,
                      "height_rand_a": 2,
                      "height_rand_b": 5,
                      "type": "minecraft:forking_trunk_placer"
                    }
                  },
                  "type": "minecraft:tree"
                },
                "chance": 0.2
              }
            ],
            "default": {
              "config": {
                "max_water_depth": 0,
                "ignore_vines": true,
                "heightmap": "OCEAN_FLOOR",
                "minimum_size": {
                  "limit": 0,
                  "lower_size": 0,
                  "upper_size": 0,
                  "type": "minecraft:two_layers_feature_size"
                },
                "decorators": [],
                "trunk_provider": {
                  "state": {
                    "Properties": {
                      "axis": "y"
                    },
                    "Name": "minecraft:jungle_log"
                  },
                  "type": "minecraft:simple_state_provider"
                },
                "leaves_provider": {
                  "state": {
                    "Properties": {
                      "persistent": "false",
                      "distance": "7"
                    },
                    "Name": "minecraft:jungle_leaves"
                  },
                  "type": "minecraft:simple_state_provider"
                },
                "foliage_placer": {
                  "radius": 2,
                  "offset": 1,
                  "height": 2,
                  "type": "minecraft:bush_foliage_placer"
                },
                "trunk_placer": {
                  "base_height": 12,
                  "height_rand_a": 2,
                  "height_rand_b": 5,
                  "type": "minecraft:forking_trunk_placer"
                }
              },
              "type": "minecraft:tree"
            }
          },
          "type": "minecraft:random_selector"
        },
        "decorator": {
          "config": {
            "outer": {
              "config": {},
              "type": "minecraft:square"
            },
            "inner": {
              "config": {},
              "type": "minecraft:heightmap"
            }
          },
          "type": "minecraft:decorated"
        }
      },
      "type": "minecraft:decorated"
    },
    "decorator": {
      "config": {
        "count": 24
      },
      "type": "minecraft:count"
    }
  },
  "type": "minecraft:decorated"
}