{
  "config": {
    "feature": {
      "config": {
        "feature": {
          "config": {
            "feature": {
              "config": {
                "features": [
                  {
                    "config": {
                      "can_replace": true,
                      "project": false,
                      "need_water": false,
                      "xspread": 0,
                      "yspread": 1,
                      "zspread": 0,
                      "whitelist": [],
                      "blacklist": [],
                      "tries": 1,
                      "state_provider": {
                        "state": {
                          "Properties": {
                            "level": "1"
                          },
                          "Name": "minecraft:lava"
                        },
                        "type": "minecraft:simple_state_provider"
                      },
                      "block_placer": {
                        "min_size": 70,
                        "extra_size": 10,
                        "type": "minecraft:column_placer"
                      }
                    },
                    "type": "minecraft:random_patch"
                  },
                  {
                    "config": {
                      "can_replace": true,
                      "project": false,
                      "need_water": false,
                      "xspread": 1,
                      "yspread": 1,
                      "zspread": 1,
                      "whitelist": [],
                      "blacklist": [],
                      "tries": 9,
                      "state_provider": {
                        "state": {
                          "Properties": {
                            "level": "1"
                          },
                          "Name": "minecraft:lava"
                        },
                        "type": "minecraft:simple_state_provider"
                      },
                      "block_placer": {
                        "min_size": 60,
                        "extra_size": 10,
                        "type": "minecraft:column_placer"
                      }
                    },
                    "type": "minecraft:random_patch"
                  },
                  {
                    "config": {
                      "can_replace": true,
                      "project": false,
                      "need_water": false,
                      "xspread": 2,
                      "yspread": 1,
                      "zspread": 1,
                      "whitelist": [],
                      "blacklist": [],
                      "tries": 15,
                      "state_provider": {
                        "state": {
                          "Properties": {
                            "level": "1"
                          },
                          "Name": "minecraft:lava"
                        },
                        "type": "minecraft:simple_state_provider"
                      },
                      "block_placer": {
                        "min_size": 50,
                        "extra_size": 10,
                        "type": "minecraft:column_placer"
                      }
                    },
                    "type": "minecraft:random_patch"
                  },
                  {
                    "config": {
                      "can_replace": true,
                      "project": false,
                      "need_water": false,
                      "xspread": 1,
                      "yspread": 1,
                      "zspread": 2,
                      "whitelist": [],
                      "blacklist": [],
                      "tries": 15,
                      "state_provider": {
                        "state": {
                          "Properties": {
                            "level": "1"
                          },
                          "Name": "minecraft:lava"
                        },
                        "type": "minecraft:simple_state_provider"
                      },
                      "block_placer": {
                        "min_size": 50,
                        "extra_size": 10,
                        "type": "minecraft:column_placer"
                      }
                    },
                    "type": "minecraft:random_patch"
                  },
                  {
                    "config": {
                      "can_replace": true,
                      "project": false,
                      "need_water": false,
                      "xspread": 2,
                      "yspread": 1,
                      "zspread": 2,
                      "whitelist": [],
                      "blacklist": [],
                      "tries": 25,
                      "state_provider": {
                        "state": {
                          "Properties": {
                            "level": "1"
                          },
                          "Name": "minecraft:lava"
                        },
                        "type": "minecraft:simple_state_provider"
                      },
                      "block_placer": {
                        "min_size": 45,
                        "extra_size": 10,
                        "type": "minecraft:column_placer"
                      }
                    },
                    "type": "minecraft:random_patch"
                  },
                  {
                    "config": {
                      "can_replace": true,
                      "project": false,
                      "need_water": false,
                      "xspread": 1,
                      "yspread": 1,
                      "zspread": 3,
                      "whitelist": [],
                      "blacklist": [],
                      "tries": 21,
                      "state_provider": {
                        "state": {
                          "Properties": {
                            "level": "1"
                          },
                          "Name": "minecraft:lava"
                        },
                        "type": "minecraft:simple_state_provider"
                      },
                      "block_placer": {
                        "min_size": 35,
                        "extra_size": 10,
                        "type": "minecraft:column_placer"
                      }
                    },
                    "type": "minecraft:random_patch"
                  },
                  {
                    "config": {
                      "can_replace": true,
                      "project": false,
                      "need_water": false,
                      "xspread": 3,
                      "yspread": 1,
                      "zspread": 1,
                      "whitelist": [],
                      "blacklist": [],
                      "tries": 21,
                      "state_provider": {
                        "state": {
                          "Properties": {
                            "level": "1"
                          },
                          "Name": "minecraft:lava"
                        },
                        "type": "minecraft:simple_state_provider"
                      },
                      "block_placer": {
                        "min_size": 35,
                        "extra_size": 10,
                        "type": "minecraft:column_placer"
                      }
                    },
                    "type": "minecraft:random_patch"
                  },
                  {
                    "config": {
                      "can_replace": true,
                      "project": false,
                      "need_water": false,
                      "xspread": 3,
                      "yspread": 1,
                      "zspread": 3,
                      "whitelist": [],
                      "blacklist": [],
                      "tries": 49,
                      "state_provider": {
                        "state": {
                          "Properties": {
                            "level": "1"
                          },
                          "Name": "minecraft:lava"
                        },
                        "type": "minecraft:simple_state_provider"
                      },
                      "block_placer": {
                        "min_size": 25,
                        "extra_size": 10,
                        "type": "minecraft:column_placer"
                      }
                    },
                    "type": "minecraft:random_patch"
                  },
                  {
                    "config": {
                      "can_replace": true,
                      "project": false,
                      "need_water": false,
                      "xspread": 4,
                      "yspread": 1,
                      "zspread": 2,
                      "whitelist": [],
                      "blacklist": [],
                      "tries": 45,
                      "state_provider": {
                        "state": {
                          "Properties": {
                            "level": "1"
                          },
                          "Name": "minecraft:lava"
                        },
                        "type": "minecraft:simple_state_provider"
                      },
                      "block_placer": {
                        "min_size": 15,
                        "extra_size": 10,
                        "type": "minecraft:column_placer"
                      }
                    },
                    "type": "minecraft:random_patch"
                  },
                  {
                    "config": {
                      "can_replace": true,
                      "project": false,
                      "need_water": false,
                      "xspread": 2,
                      "yspread": 1,
                      "zspread": 4,
                      "whitelist": [],
                      "blacklist": [],
                      "tries": 45,
                      "state_provider": {
                        "state": {
                          "Properties": {
                            "level": "1"
                          },
                          "Name": "minecraft:lava"
                        },
                        "type": "minecraft:simple_state_provider"
                      },
                      "block_placer": {
                        "min_size": 15,
                        "extra_size": 10,
                        "type": "minecraft:column_placer"
                      }
                    },
                    "type": "minecraft:random_patch"
                  },
                  {
                    "config": {
                      "can_replace": true,
                      "project": false,
                      "need_water": false,
                      "xspread": 4,
                      "yspread": 1,
                      "zspread": 3,
                      "whitelist": [],
                      "blacklist": [],
                      "tries": 63,
                      "state_provider": {
                        "state": {
                          "Properties": {
                            "level": "1"
                          },
                          "Name": "minecraft:lava"
                        },
                        "type": "minecraft:simple_state_provider"
                      },
                      "block_placer": {
                        "min_size": 10,
                        "extra_size": 10,
                        "type": "minecraft:column_placer"
                      }
                    },
                    "type": "minecraft:random_patch"
                  },
                  {
                    "config": {
                      "can_replace": true,
                      "project": false,
                      "need_water": false,
                      "xspread": 3,
                      "yspread": 1,
                      "zspread": 4,
                      "whitelist": [],
                      "blacklist": [],
                      "tries": 63,
                      "state_provider": {
                        "state": {
                          "Properties": {
                            "level": "1"
                          },
                          "Name": "minecraft:lava"
                        },
                        "type": "minecraft:simple_state_provider"
                      },
                      "block_placer": {
                        "min_size": 10,
                        "extra_size": 10,
                        "type": "minecraft:column_placer"
                      }
                    },
                    "type": "minecraft:random_patch"
                  }
                ]
              },
              "type": "minecraft:simple_random_selector"
            },
            "decorator": {
              "config": {
                "count": 80
              },
              "type": "minecraft:count"
            }
          },
          "type": "minecraft:decorated"
        },
        "decorator": {
          "config": {
            "outer": {
              "config": {},
              "type": "minecraft:square"
            },
            "inner": {
              "config": {},
              "type": "top_solid_heightmap"
            }
          },
          "type": "minecraft:decorated"
        }
      },
      "type": "minecraft:decorated"
    },
    "decorator": {
      "config": {
        "count": 0,
        "extra_chance": 0.15,
        "extra_count": 1
      },
      "type": "minecraft:count_extra"
    }
  },
  "type": "minecraft:decorated"
}