{
  "config": {
    "feature": {
      "config": {
        "feature": {
          "config": {
            "feature": {
              "config": {
                "can_replace": false,
                "project": true,
                "need_water": false,
                "xspread": 0,
                "yspread": 0,
                "zspread": 0,
                "whitelist": [],
                "blacklist": [],
                "tries": 1,
                "state_provider": {
                  "entries": [
                    {
                      "weight": 6,
                      "data": {
                        "Name": "minecraft:grass"
                      }
                    },
                    {
                      "weight": 1,
                      "data": {
                        "Name": "minecraft:fern"
                      }
                    }
                  ],
                  "type": "minecraft:weighted_state_provider"
                },
                "block_placer": {
                  "type": "minecraft:simple_block_placer"
                }
              },
              "type": "minecraft:random_patch"
            },
            "decorator": {
              "config": {
                "noise_to_count_ratio": -1,
                "noise_factor": 280.0,
                "noise_offset": 0.15
              },
              "type": "minecraft:count_noise_biased"
            }
          },
          "type": "minecraft:decorated"
        },
        "decorator": {
          "config": {
            "outer": {
              "config": {},
              "type": "minecraft:square"
            },
            "inner": {
              "config": {},
              "type": "minecraft:top_solid_heightmap"
            }
          },
          "type": "minecraft:decorated"
        }
      },
      "type": "minecraft:decorated"
    },
    "decorator": {
      "config": {
        "count": 36
      },
      "type": "minecraft:count"
    }
  },
  "type": "minecraft:decorated"
}