{
  "config": {
    "feature": {
      "config": {
        "feature": {
          "config": {
            "feature": {
              "config": {
                "feature": {
                  "config": {
                    "features": [
                      {
                        "feature": "mmb:fancy_spruce_1",
                        "chance": 0.035
                      },
                      {
                        "feature": "mmb:fancy_spruce_4",
                        "chance": 0.4
                      }
                    ],
                    "default": "mmb:fancy_spruce_5"
                  },
                  "type": "minecraft:random_selector"
                },
                "decorator": {
                  "config": {
                    "noise_to_count_ratio": -1,
                    "noise_factor": 280.0,
                    "noise_offset": 0.25
                  },
                  "type": "minecraft:count_noise_biased"
                }
              },
              "type": "minecraft:decorated"
            },
            "decorator": {
              "config": {
                "noise_to_count_ratio": 1,
                "noise_factor": 280.0,
                "noise_offset": 0.8
              },
              "type": "minecraft:count_noise_biased"
            }
          },
          "type": "minecraft:decorated"
        },
        "decorator": {
          "config": {
            "outer": {
              "config": {},
              "type": "minecraft:square"
            },
            "inner": {
              "config": {},
              "type": "minecraft:top_solid_heightmap"
            }
          },
          "type": "minecraft:decorated"
        }
      },
      "type": "minecraft:decorated"
    },
    "decorator": {
      "config": {
        "count": 0,
        "extra_chance": 0.35,
        "extra_count": 1
      },
      "type": "minecraft:count_extra"
    }
  },
  "type": "minecraft:decorated"
}