{
  "config": {
    "feature": {
      "config": {
        "feature": {
          "config": {
            "feature": {
              "config": {
                "feature": {
                  "config": {
                    "can_replace": false,
                    "project": false,
                    "need_water": false,
                    "xspread": 5,
                    "yspread": 3,
                    "zspread": 5,
                    "whitelist": [
                      {
                        "Properties": {
                          "snowy": "false"
                        },
                        "Name": "minecraft:grass_block"
                      }
                    ],
                    "blacklist": [],
                    "tries": 16,
                    "state_provider": {
                      "entries": [
                        {
                          "weight": 3,
                          "data": {
                            "Properties": {
                              "half": "lower"
                            },
                            "Name": "minecraft:peony"
                          }
                        },
                        {
                          "weight": 4,
                          "data": {
                            "Properties": {
                              "half": "lower"
                            },
                            "Name": "minecraft:lilac"
                          }
                        }
                      ],
                      "type": "minecraft:weighted_state_provider"
                    },
                    "block_placer": {
                      "type": "minecraft:double_plant_placer"
                    }
                  },
                  "type": "minecraft:random_patch"
                },
                "decorator": {
                  "config": {
                    "noise_to_count_ratio": -1,
                    "noise_factor": 280.0,
                    "noise_offset": -0.85
                  },
                  "type": "minecraft:count_noise_biased"
                }
              },
              "type": "minecraft:decorated"
            },
            "decorator": {
              "config": {
                "noise_to_count_ratio": 1,
                "noise_factor": 280.0,
                "noise_offset": -0.2
              },
              "type": "minecraft:count_noise_biased"
            }
          },
          "type": "minecraft:decorated"
        },
        "decorator": {
          "config": {
            "outer": {
              "config": {},
              "type": "minecraft:square"
            },
            "inner": {
              "config": {},
              "type": "minecraft:top_solid_heightmap"
            }
          },
          "type": "minecraft:decorated"
        }
      },
      "type": "minecraft:decorated"
    },
    "decorator": {
      "config": {
        "count": 0,
        "extra_chance": 0.275,
        "extra_count": 1
      },
      "type": "minecraft:count_extra"
    }
  },
  "type": "minecraft:decorated"
}