{
  "config": {
    "feature": {
      "config": {
        "feature": {
          "config": {
            "feature": {
              "config": {
                "feature": {
                  "config": {
                    "features": [
                      {
                        "feature": {
                          "config": {
                            "max_water_depth": 0,
                            "ignore_vines": true,
                            "heightmap": "OCEAN_FLOOR",
                            "minimum_size": {
                              "limit": 2,
                              "lower_size": 0,
                              "upper_size": 2,
                              "type": "minecraft:two_layers_feature_size"
                            },
                            "decorators": [],
                            "trunk_provider": {
                              "state": {
                                "Properties": {
                                  "axis": "y"
                                },
                                "Name": "minecraft:birch_log"
                              },
                              "type": "minecraft:simple_state_provider"
                            },
                            "leaves_provider": {
                              "state": {
                                "Properties": {
                                  "persistent": "false",
                                  "distance": "7"
                                },
                                "Name": "minecraft:birch_leaves"
                              },
                              "type": "minecraft:simple_state_provider"
                            },
                            "foliage_placer": {
                              "radius": 1,
                              "offset": 4,
                              "crown_height": 10,
                              "type": "minecraft:mega_pine_foliage_placer"
                            },
                            "trunk_placer": {
                              "base_height": 7,
                              "height_rand_a": 3,
                              "height_rand_b": 0,
                              "type": "minecraft:straight_trunk_placer"
                            }
                          },
                          "type": "minecraft:tree"
                        },
                        "chance": 0.2
                      },
                      {
                        "feature": {
                          "config": {
                            "max_water_depth": 0,
                            "ignore_vines": true,
                            "heightmap": "OCEAN_FLOOR",
                            "minimum_size": {
                              "limit": 2,
                              "lower_size": 0,
                              "upper_size": 2,
                              "type": "minecraft:two_layers_feature_size"
                            },
                            "decorators": [],
                            "trunk_provider": {
                              "state": {
                                "Properties": {
                                  "axis": "y"
                                },
                                "Name": "minecraft:oak_log"
                              },
                              "type": "minecraft:simple_state_provider"
                            },
                            "leaves_provider": {
                              "state": {
                                "Properties": {
                                  "persistent": "false",
                                  "distance": "7"
                                },
                                "Name": "minecraft:oak_leaves"
                              },
                              "type": "minecraft:simple_state_provider"
                            },
                            "foliage_placer": {
                              "radius": 1,
                              "offset": 4,
                              "crown_height": 10,
                              "type": "minecraft:mega_pine_foliage_placer"
                            },
                            "trunk_placer": {
                              "base_height": 9,
                              "height_rand_a": 3,
                              "height_rand_b": 0,
                              "type": "minecraft:straight_trunk_placer"
                            }
                          },
                          "type": "minecraft:tree"
                        },
                        "chance": 0.75
                      }
                    ],
                    "default": {
                      "config": {
                        "max_water_depth": 0,
                        "ignore_vines": true,
                        "heightmap": "OCEAN_FLOOR",
                        "minimum_size": {
                          "limit": 2,
                          "lower_size": 0,
                          "upper_size": 2,
                          "type": "minecraft:two_layers_feature_size"
                        },
                        "decorators": [],
                        "trunk_provider": {
                          "state": {
                            "Properties": {
                              "axis": "y"
                            },
                            "Name": "minecraft:oak_log"
                          },
                          "type": "minecraft:simple_state_provider"
                        },
                        "leaves_provider": {
                          "state": {
                            "Properties": {
                              "persistent": "false",
                              "distance": "7"
                            },
                            "Name": "minecraft:oak_leaves"
                          },
                          "type": "minecraft:simple_state_provider"
                        },
                        "foliage_placer": {
                          "radius": {
                            "base": 3,
                            "spread": 1
                          },
                          "offset": {
                            "base": 1,
                            "spread": 1
                          },
                          "trunk_height": {
                            "base": 2,
                            "spread": 1
                          },
                          "type": "minecraft:spruce_foliage_placer"
                        },
                        "trunk_placer": {
                          "base_height": 8,
                          "height_rand_a": 4,
                          "height_rand_b": 1,
                          "type": "minecraft:straight_trunk_placer"
                        }
                      },
                      "type": "minecraft:tree"
                    }
                  },
                  "type": "minecraft:random_selector"
                },
                "decorator": {
                  "config": {
                    "noise_to_count_ratio": -1,
                    "noise_factor": 280.0,
                    "noise_offset": 0.2
                  },
                  "type": "minecraft:count_noise_biased"
                }
              },
              "type": "minecraft:decorated"
            },
            "decorator": {
              "config": {
                "noise_to_count_ratio": 1,
                "noise_factor": 280.0,
                "noise_offset": 0.9
              },
              "type": "minecraft:count_noise_biased"
            }
          },
          "type": "minecraft:decorated"
        },
        "decorator": {
          "config": {
            "outer": {
              "config": {},
              "type": "minecraft:square"
            },
            "inner": {
              "config": {},
              "type": "minecraft:top_solid_heightmap"
            }
          },
          "type": "minecraft:decorated"
        }
      },
      "type": "minecraft:decorated"
    },
    "decorator": {
      "config": {
        "count": 3,
        "extra_chance": 0.5,
        "extra_count": 1
      },
      "type": "minecraft:count_extra"
    }
  },
  "type": "minecraft:decorated"
}