{
  "config": {
    "feature": {
      "config": {
        "features": [
          {
            "config": {
              "max_water_depth": 20,
              "ignore_vines": true,
              "heightmap": "OCEAN_FLOOR_WG",
              "minimum_size": {
                "middle_size": 0,
                "upper_size": 0,
                "limit": 0,
                "upper_limit": 0,
                "lower_size": 0,
                "type": "minecraft:three_layers_feature_size"
              },
              "decorators": [],
              "trunk_provider": {
                "state": {
                  "Properties": {
                    "axis": "y"
                  },
                  "Name": "minecraft:stripped_crimson_hyphae"
                },
                "type": "minecraft:simple_state_provider"
              },
              "leaves_provider": {
                "state": {
                  "Properties": {
                    "axis": "y"
                  },
                  "Name": "minecraft:stripped_crimson_hyphae"
                },
                "type": "minecraft:simple_state_provider"
              },
              "foliage_placer": {
                "radius": 6,
                "offset": 0,
                "height": 16,
                "type": "minecraft:fancy_foliage_placer"
              },
              "trunk_placer": {
                "base_height": 4,
                "height_rand_a": 3,
                "height_rand_b": 3,
                "type": "minecraft:straight_trunk_placer"
              }
            },
            "type": "minecraft:tree"
          },
          {
            "config": {
              "max_water_depth": 20,
              "ignore_vines": true,
              "heightmap": "OCEAN_FLOOR_WG",
              "minimum_size": {
                "middle_size": 0,
                "upper_size": 0,
                "limit": 0,
                "upper_limit": 0,
                "lower_size": 0,
                "type": "minecraft:three_layers_feature_size"
              },
              "decorators": [],
              "trunk_provider": {
                "state": {
                  "Properties": {
                    "axis": "y"
                  },
                  "Name": "minecraft:stripped_crimson_hyphae"
                },
                "type": "minecraft:simple_state_provider"
              },
              "leaves_provider": {
                "state": {
                  "Properties": {
                    "axis": "y"
                  },
                  "Name": "minecraft:stripped_crimson_hyphae"
                },
                "type": "minecraft:simple_state_provider"
              },
              "foliage_placer": {
                "radius": 5,
                "offset": 0,
                "height": 16,
                "type": "minecraft:fancy_foliage_placer"
              },
              "trunk_placer": {
                "base_height": 11,
                "height_rand_a": 4,
                "height_rand_b": 3,
                "type": "minecraft:straight_trunk_placer"
              }
            },
            "type": "minecraft:tree"
          },
          {
            "config": {
              "max_water_depth": 20,
              "ignore_vines": true,
              "heightmap": "OCEAN_FLOOR_WG",
              "minimum_size": {
                "middle_size": 0,
                "upper_size": 0,
                "limit": 0,
                "upper_limit": 0,
                "lower_size": 0,
                "type": "minecraft:three_layers_feature_size"
              },
              "decorators": [],
              "trunk_provider": {
                "state": {
                  "Properties": {
                    "axis": "y"
                  },
                  "Name": "minecraft:stripped_crimson_hyphae"
                },
                "type": "minecraft:simple_state_provider"
              },
              "leaves_provider": {
                "state": {
                  "Properties": {
                    "axis": "y"
                  },
                  "Name": "minecraft:stripped_crimson_hyphae"
                },
                "type": "minecraft:simple_state_provider"
              },
              "foliage_placer": {
                "radius": 4,
                "offset": 0,
                "height": 16,
                "type": "minecraft:fancy_foliage_placer"
              },
              "trunk_placer": {
                "base_height": 20,
                "height_rand_a": 3,
                "height_rand_b": 4,
                "type": "minecraft:straight_trunk_placer"
              }
            },
            "type": "minecraft:tree"
          },
          {
            "config": {
              "max_water_depth": 20,
              "ignore_vines": true,
              "heightmap": "OCEAN_FLOOR_WG",
              "minimum_size": {
                "middle_size": 0,
                "upper_size": 0,
                "limit": 0,
                "upper_limit": 0,
                "lower_size": 0,
                "type": "minecraft:three_layers_feature_size"
              },
              "decorators": [],
              "trunk_provider": {
                "state": {
                  "Properties": {
                    "axis": "y"
                  },
                  "Name": "minecraft:stripped_warped_hyphae"
                },
                "type": "minecraft:simple_state_provider"
              },
              "leaves_provider": {
                "state": {
                  "Properties": {
                    "axis": "y"
                  },
                  "Name": "minecraft:stripped_warped_hyphae"
                },
                "type": "minecraft:simple_state_provider"
              },
              "foliage_placer": {
                "radius": 3,
                "offset": 0,
                "height": 16,
                "type": "minecraft:fancy_foliage_placer"
              },
              "trunk_placer": {
                "base_height": 28,
                "height_rand_a": 4,
                "height_rand_b": 3,
                "type": "minecraft:straight_trunk_placer"
              }
            },
            "type": "minecraft:tree"
          }
        ]
      },
      "type": "minecraft:simple_random_selector"
    },
    "decorator": {
      "config": {
        "count": 64
      },
      "type": "minecraft:count"
    }
  },
  "type": "minecraft:decorated"
}