{
  "config": {
    "feature": {
      "config": {
        "feature": {
          "config": {
            "features": [
              {
                "feature": {
                  "config": {
                    "cap_provider": {
                      "state": {
                        "Properties": {
                          "west": "true",
                          "up": "true",
                          "south": "true",
                          "north": "true",
                          "east": "true",
                          "down": "false"
                        },
                        "Name": "minecraft:brown_mushroom_block"
                      },
                      "type": "minecraft:simple_state_provider"
                    },
                    "stem_provider": {
                      "state": {
                        "Properties": {
                          "west": "true",
                          "up": "false",
                          "south": "true",
                          "north": "true",
                          "east": "true",
                          "down": "false"
                        },
                        "Name": "minecraft:mushroom_stem"
                      },
                      "type": "minecraft:simple_state_provider"
                    },
                    "foliage_radius": 2
                  },
                  "type": "minecraft:huge_brown_mushroom"
                },
                "chance": 0.1
              },
              {
                "feature": {
                  "config": {
                    "cap_provider": {
                      "state": {
                        "Properties": {
                          "west": "true",
                          "up": "true",
                          "south": "true",
                          "north": "true",
                          "east": "true",
                          "down": "false"
                        },
                        "Name": "minecraft:red_mushroom_block"
                      },
                      "type": "minecraft:simple_state_provider"
                    },
                    "stem_provider": {
                      "state": {
                        "Properties": {
                          "west": "true",
                          "up": "false",
                          "south": "true",
                          "north": "true",
                          "east": "true",
                          "down": "false"
                        },
                        "Name": "minecraft:mushroom_stem"
                      },
                      "type": "minecraft:simple_state_provider"
                    },
                    "foliage_radius": 2
                  },
                  "type": "minecraft:huge_red_mushroom"
                },
                "chance": 0.05
              }
            ],
            "default": {
              "config": {
                "max_water_depth": 0,
                "ignore_vines": true,
                "heightmap": "OCEAN_FLOOR",
                "minimum_size": {
                  "limit": 1,
                  "lower_size": 1,
                  "upper_size": 1,
                  "type": "minecraft:two_layers_feature_size"
                },
                "decorators": [
                  {
                    "probability": 0.25,
                    "type": "minecraft:cocoa"
                  },
                  {
                    "type": "minecraft:leave_vine"
                  }
                ],
                "trunk_provider": {
                  "state": {
                    "Properties": {
                      "axis": "y"
                    },
                    "Name": "minecraft:jungle_log"
                  },
                  "type": "minecraft:simple_state_provider"
                },
                "leaves_provider": {
                  "state": {
                    "Properties": {
                      "persistent": "false",
                      "distance": "7"
                    },
                    "Name": "minecraft:jungle_leaves"
                  },
                  "type": "minecraft:simple_state_provider"
                },
                "foliage_placer": {
                  "radius": 0,
                  "offset": 0,
                  "height": 1,
                  "type": "minecraft:jungle_foliage_placer"
                },
                "trunk_placer": {
                  "base_height": 4,
                  "height_rand_a": 8,
                  "height_rand_b": 0,
                  "type": "minecraft:forking_trunk_placer"
                }
              },
              "type": "minecraft:tree"
            }
          },
          "type": "minecraft:random_selector"
        },
        "decorator": {
          "config": {
            "outer": {
              "config": {},
              "type": "minecraft:square"
            },
            "inner": {
              "config": {},
              "type": "minecraft:heightmap"
            }
          },
          "type": "minecraft:decorated"
        }
      },
      "type": "minecraft:decorated"
    },
    "decorator": {
      "config": {
        "count": 128
      },
      "type": "minecraft:count"
    }
  },
  "type": "minecraft:decorated"
}