{
  "config": {
    "feature": {
      "config": {
        "feature": {
          "config": {
            "can_replace": true,
            "project": false,
            "need_water": false,
            "xspread": 0,
            "yspread": 0,
            "zspread": 0,
            "whitelist": [
              {
                "Properties": {
                  "axis": "y"
                },
                "Name": "minecraft:stripped_warped_hyphae"
              }
            ],
            "blacklist": [],
            "tries": 1,
            "state_provider": {
              "state": {
                "Properties": {
                  "snowy": "false"
                },
                "Name": "minecraft:grass_block"
              },
              "type": "minecraft:simple_state_provider"
            },
            "block_placer": {
              "type": "minecraft:simple_block_placer"
            }
          },
          "type": "minecraft:random_patch"
        },
        "decorator": {
          "config": {
            "outer": {
              "config": {},
              "type": "minecraft:square"
            },
            "inner": {
              "config": {},
              "type": "minecraft:heightmap"
            }
          },
          "type": "minecraft:decorated"
        }
      },
      "type": "minecraft:decorated"
    },
    "decorator": {
      "config": {
        "outer": {
          "config": {
            "count": 128
          },
          "type": "minecraft:count"
        },
        "inner": {
          "config": {
            "count": 16
          },
          "type": "minecraft:count"
        }
      },
      "type": "minecraft:decorated"
    }
  },
  "type": "minecraft:decorated"
}