{
  "config": {
    "feature": {
      "config": {
        "feature": {
          "config": {
            "feature": {
              "config": {
                "features": [
                  {
                    "feature": {
                      "config": {
                        "max_water_depth": 0,
                        "ignore_vines": true,
                        "heightmap": "OCEAN_FLOOR",
                        "minimum_size": {
                          "limit": 1,
                          "lower_size": 0,
                          "upper_size": 1,
                          "type": "minecraft:two_layers_feature_size"
                        },
                        "decorators": [
                          {
                            "type": "minecraft:trunk_vine"
                          }
                        ],
                        "trunk_provider": {
                          "state": {
                            "Properties": {
                              "axis": "y"
                            },
                            "Name": "minecraft:oak_log"
                          },
                          "type": "minecraft:simple_state_provider"
                        },
                        "leaves_provider": {
                          "state": {
                            "Properties": {
                              "persistent": "false",
                              "distance": "7"
                            },
                            "Name": "minecraft:oak_leaves"
                          },
                          "type": "minecraft:simple_state_provider"
                        },
                        "foliage_placer": {
                          "radius": 2,
                          "offset": 1,
                          "height": 4,
                          "type": "minecraft:blob_foliage_placer"
                        },
                        "trunk_placer": {
                          "base_height": 4,
                          "height_rand_a": 1,
                          "height_rand_b": 1,
                          "type": "minecraft:straight_trunk_placer"
                        }
                      },
                      "type": "minecraft:tree"
                    },
                    "chance": 0.4
                  },
                  {
                    "feature": {
                      "config": {
                        "max_water_depth": 0,
                        "ignore_vines": true,
                        "heightmap": "OCEAN_FLOOR",
                        "minimum_size": {
                          "limit": 1,
                          "lower_size": 0,
                          "upper_size": 1,
                          "type": "minecraft:two_layers_feature_size"
                        },
                        "decorators": [],
                        "trunk_provider": {
                          "state": {
                            "Properties": {
                              "axis": "y"
                            },
                            "Name": "minecraft:jungle_log"
                          },
                          "type": "minecraft:simple_state_provider"
                        },
                        "leaves_provider": {
                          "state": {
                            "Properties": {
                              "persistent": "false",
                              "distance": "7"
                            },
                            "Name": "minecraft:jungle_leaves"
                          },
                          "type": "minecraft:simple_state_provider"
                        },
                        "foliage_placer": {
                          "radius": 1,
                          "offset": 1,
                          "height": 4,
                          "type": "minecraft:fancy_foliage_placer"
                        },
                        "trunk_placer": {
                          "base_height": 3,
                          "height_rand_a": 1,
                          "height_rand_b": 0,
                          "type": "minecraft:straight_trunk_placer"
                        }
                      },
                      "type": "minecraft:tree"
                    },
                    "chance": 0.5
                  }
                ],
                "default": {
                  "config": {
                    "max_water_depth": 0,
                    "ignore_vines": true,
                    "heightmap": "OCEAN_FLOOR",
                    "minimum_size": {
                      "limit": 1,
                      "lower_size": 0,
                      "upper_size": 1,
                      "type": "minecraft:two_layers_feature_size"
                    },
                    "decorators": [
                      {
                        "type": "minecraft:leave_vine"
                      }
                    ],
                    "trunk_provider": {
                      "state": {
                        "Properties": {
                          "axis": "y"
                        },
                        "Name": "minecraft:oak_log"
                      },
                      "type": "minecraft:simple_state_provider"
                    },
                    "leaves_provider": {
                      "state": {
                        "Properties": {
                          "persistent": "false",
                          "distance": "7"
                        },
                        "Name": "minecraft:oak_leaves"
                      },
                      "type": "minecraft:simple_state_provider"
                    },
                    "foliage_placer": {
                      "radius": 2,
                      "offset": 1,
                      "height": 2,
                      "type": "minecraft:bush_foliage_placer"
                    },
                    "trunk_placer": {
                      "base_height": 2,
                      "height_rand_a": 1,
                      "height_rand_b": 0,
                      "type": "minecraft:straight_trunk_placer"
                    }
                  },
                  "type": "minecraft:tree"
                }
              },
              "type": "minecraft:random_selector"
            },
            "decorator": {
              "config": {
                "noise_to_count_ratio": -1,
                "noise_factor": 240.0,
                "noise_offset": -0.1
              },
              "type": "minecraft:count_noise_biased"
            }
          },
          "type": "minecraft:decorated"
        },
        "decorator": {
          "config": {
            "outer": {
              "config": {},
              "type": "minecraft:square"
            },
            "inner": {
              "config": {},
              "type": "minecraft:heightmap"
            }
          },
          "type": "minecraft:decorated"
        }
      },
      "type": "minecraft:decorated"
    },
    "decorator": {
      "config": {
        "noise_to_count_ratio": -20,
        "noise_factor": 240.0,
        "noise_offset": -0.1
      },
      "type": "minecraft:count_noise_biased"
    }
  },
  "type": "minecraft:decorated"
}