{
  "config": {
    "feature": {
      "config": {
        "feature": {
          "config": {
            "feature": {
              "config": {
                "max_water_depth": 2,
                "ignore_vines": true,
                "heightmap": "OCEAN_FLOOR",
                "minimum_size": {
                  "limit": 2,
                  "lower_size": 1,
                  "upper_size": 2,
                  "type": "minecraft:two_layers_feature_size"
                },
                "decorators": [],
                "trunk_provider": {
                  "entries": [
                    {
                      "weight": 4,
                      "data": {
                        "Name": "minecraft:stone"
                      }
                    },
                    {
                      "weight": 1,
                      "data": {
                        "Name": "minecraft:andesite"
                      }
                    }
                  ],
                  "type": "minecraft:weighted_state_provider"
                },
                "leaves_provider": {
                  "entries": [
                    {
                      "weight": 4,
                      "data": {
                        "Name": "minecraft:stone"
                      }
                    },
                    {
                      "weight": 1,
                      "data": {
                        "Name": "minecraft:andesite"
                      }
                    }
                  ],
                  "type": "minecraft:weighted_state_provider"
                },
                "foliage_placer": {
                  "radius": 2,
                  "offset": 0,
                  "height": 5,
                  "type": "minecraft:fancy_foliage_placer"
                },
                "trunk_placer": {
                  "base_height": 2,
                  "height_rand_a": 0,
                  "height_rand_b": 0,
                  "type": "minecraft:giant_trunk_placer"
                }
              },
              "type": "minecraft:tree"
            },
            "decorator": {
              "config": {
                "noise_to_count_ratio": 1,
                "noise_factor": 160.0,
                "noise_offset": -0.75
              },
              "type": "minecraft:count_noise_biased"
            }
          },
          "type": "minecraft:decorated"
        },
        "decorator": {
          "config": {
            "outer": {
              "config": {},
              "type": "minecraft:square"
            },
            "inner": {
              "config": {},
              "type": "minecraft:heightmap_world_surface"
            }
          },
          "type": "minecraft:decorated"
        }
      },
      "type": "minecraft:decorated"
    },
    "decorator": {
      "config": {
        "count": 0,
        "extra_chance": 0.6,
        "extra_count": 1
      },
      "type": "minecraft:count_extra"
    }
  },
  "type": "minecraft:decorated"
}