{
  "config": {
    "feature": {
      "config": {
        "feature": {
          "config": {
            "feature": {
              "config": {
                "feature": {
                  "config": {
                    "target": {
                      "block": "minecraft:grass_block",
                      "probability": 0.6,
                      "predicate_type": "minecraft:random_block_match"
                    },
                    "state": {
                      "Name": "minecraft:coarse_dirt"
                    },
                    "size": 20
                  },
                  "type": "minecraft:ore"
                },
                "decorator": {
                  "config": {
                    "outer": {
                      "config": {},
                      "type": "minecraft:square"
                    },
                    "inner": {
                      "config": {},
                      "type": "minecraft:heightmap_world_surface"
                    }
                  },
                  "type": "minecraft:decorated"
                }
              },
              "type": "minecraft:decorated"
            },
            "decorator": {
              "config": {
                "chance": 20
              },
              "type": "minecraft:chance"
            }
          },
          "type": "minecraft:decorated"
        },
        "decorator": {
          "config": {
            "noise_to_count_ratio": -10,
            "noise_factor": 160.0,
            "noise_offset": -0.5
          },
          "type": "minecraft:count_noise_biased"
        }
      },
      "type": "minecraft:decorated"
    },
    "decorator": {
      "config": {
        "count": 7
      },
      "type": "minecraft:count"
    }
  },
  "type": "minecraft:decorated"
}