{
  "config": {
    "feature": {
      "config": {
        "feature": {
          "config": {
            "feature": {
              "config": {
                "target": {
                  "block": "minecraft:grass_block",
                  "predicate_type": "minecraft:block_match"
                },
                "state": {
                  "Name": "minecraft:gravel"
                },
                "size": 24
              },
              "type": "minecraft:ore"
            },
            "decorator": {
              "config": {
                "chance": 25
              },
              "type": "minecraft:chance"
            }
          },
          "type": "minecraft:decorated"
        },
        "decorator": {
          "config": {
            "outer": {
              "config": {},
              "type": "minecraft:square"
            },
            "inner": {
              "config": {},
              "type": "minecraft:heightmap_world_surface"
            }
          },
          "type": "minecraft:decorated"
        }
      },
      "type": "minecraft:decorated"
    },
    "decorator": {
      "config": {
        "noise_to_count_ratio": -15,
        "noise_factor": 160.0,
        "noise_offset": -1.0
      },
      "type": "minecraft:count_noise_biased"
    }
  },
  "type": "minecraft:decorated"
}