{
  "config": {
    "feature": {
      "config": {
        "feature": {
          "config": {
            "feature": {
              "config": {
                "feature": {
                  "config": {
                    "features": [
                      {
                        "feature": "mmb:aspen_hills/trees_medium",
                        "chance": 0.1
                      }
                    ],
                    "default": "mmb:aspen_hills/trees_short"
                  },
                  "type": "minecraft:random_selector"
                },
                "decorator": {
                  "config": {
                    "noise_to_count_ratio": 1,
                    "noise_factor": 160.0,
                    "noise_offset": -0.4
                  },
                  "type": "minecraft:count_noise_biased"
                }
              },
              "type": "minecraft:decorated"
            },
            "decorator": {
              "config": {
                "noise_to_count_ratio": -1,
                "noise_factor": 160.0,
                "noise_offset": -0.65
              },
              "type": "minecraft:count_noise_biased"
            }
          },
          "type": "minecraft:decorated"
        },
        "decorator": {
          "config": {
            "outer": {
              "config": {
                "count": 0,
                "extra_chance": 0.3125,
                "extra_count": 1
              },
              "type": "minecraft:count_extra"
            },
            "inner": {
              "config": {},
              "type": "minecraft:top_solid_heightmap"
            }
          },
          "type": "minecraft:decorated"
        }
      },
      "type": "minecraft:decorated"
    },
    "decorator": {
      "config": {},
      "type": "minecraft:dark_oak_tree"
    }
  },
  "type": "minecraft:decorated"
}