{
  "display": {
    "icon": {
      "item": "minecraft:black_concrete"
    },
    "title": "Embrace the void",
    "description": {
      "text": "Don't be afraid of void damage ",
      "extra": [
        {
          "text": "Xisuma",
          "color": "dark_gray",
          "italic": true
        }
      ]
    }
  },
  "parent": "hermitcraft:xisuma/root",
  "criteria": {
    "fly_below_64_and_come_back": {
      "trigger": "minecraft:location",
      "conditions": {
        "player": [
          {
            "condition": "minecraft:entity_properties",
            "entity": "this",
            "predicate": {
              "player": {
                "advancements": {
                  "hermitcraft:xisuma/embrace_the_void_trigger": true
                }
              }
            }
          }
        ],
        "location": {
          "position": {
            "y": {
              "min": 0
            }
          }
        }
      }
    }
  }
}