{
  "display": {
    "icon": {
      "item": "minecraft:iron_axe"
    },
    "title": "Here's Johnny",
    "description": {
      "text": "This could never backfire ",
      "extra": [
        {
          "text": "Xisuma",
          "color": "dark_gray",
          "italic": true
        }
      ]
    },
    "frame": "goal"
  },
  "parent": "hermitcraft:xisuma/embrace_the_void",
  "criteria": {
    "killed_by_Johnny": {
      "trigger": "minecraft:entity_killed_player",
      "conditions": {
        "entity": [
          {
            "condition": "minecraft:entity_properties",
            "entity": "this",
            "predicate": {
              "type": "minecraft:vindicator",
              "nbt": "{Johnny:1b}"
            }
          }
        ]
      }
    }
  }
}
