{
  "display": {
    "icon": {
      "item": "minecraft:player_head",
      "nbt": "{display:{Name:\"{\\\"text\\\":\\\"\\\"}\"},SkullOwner:{Id:[I;1804588921,-1796782425,-1374826244,-1225045676],Properties:{textures:[{Value:\"eyJ0ZXh0dXJlcyI6eyJTS0lOIjp7InVybCI6Imh0dHA6Ly90ZXh0dXJlcy5taW5lY3JhZnQubmV0L3RleHR1cmUvYmIwMmYzZTg3OTgyZmJkNmMxZDliZGMxYzQ0NjQ1NzE3ZDFkODhjNThhZTYxNTdhMDZjMjdmNDFmNmI3NzU4In19fQ==\"}]}}}"
    },
    "title": "Xisuma",
    "description": "Xisuma's Challenges",
    "show_toast": false,
    "announce_to_chat": false
  },
  "parent": "hermitcraft:root",
  "criteria": {
    "empty": {
      "trigger": "minecraft:location"
    }
  }
}
