{
  "display": {
    "icon": {
      "item": "minecraft:diamond_chestplate"
    },
    "title": "Trading Woes",
    "description": {
      "text": "Villagers are far from harmless ",
      "extra": [
        {
          "text": "Xisuma",
          "color": "dark_gray",
          "italic": true
        }
      ]
    },
    "frame": "challenge"
  },
  "parent": "hermitcraft:xisuma/heres_johnny",
  "criteria": {
    "killed_by_villager": {
      "trigger": "minecraft:entity_killed_player",
      "conditions": {
        "entity": [
          {
            "condition": "minecraft:entity_properties",
            "entity": "this",
            "predicate": {
              "type": "minecraft:villager"
            }
          }
        ]
      }
    }
  }
}
