{
  "config": {
    "state_provider": {
      "entries": [
        {
          "weight": 20,
          "data": {
            "Name": "minecraft:clay"
          }
        },
        {
          "weight": 1,
          "data": {
            "Name": "minecraft:terracotta"
          }
        },
        {
          "weight": 1,
          "data": {
            "Name": "minecraft:black_terracotta"
          }
        },
        {
          "weight": 1,
          "data": {
            "Name": "minecraft:blue_terracotta"
          }
        },
        {
          "weight": 1,
          "data": {
            "Name": "minecraft:brown_terracotta"
          }
        },
        {
          "weight": 1,
          "data": {
            "Name": "minecraft:cyan_terracotta"
          }
        },
        {
          "weight": 1,
          "data": {
            "Name": "minecraft:gray_terracotta"
          }
        },
        {
          "weight": 1,
          "data": {
            "Name": "minecraft:green_terracotta"
          }
        },
        {
          "weight": 1,
          "data": {
            "Name": "minecraft:light_blue_terracotta"
          }
        },
        {
          "weight": 1,
          "data": {
            "Name": "minecraft:light_gray_terracotta"
          }
        },
        {
          "weight": 1,
          "data": {
            "Name": "minecraft:lime_terracotta"
          }
        },
        {
          "weight": 1,
          "data": {
            "Name": "minecraft:magenta_terracotta"
          }
        },
        {
          "weight": 1,
          "data": {
            "Name": "minecraft:orange_terracotta"
          }
        },
        {
          "weight": 1,
          "data": {
            "Name": "minecraft:pink_terracotta"
          }
        },
        {
          "weight": 1,
          "data": {
            "Name": "minecraft:purple_terracotta"
          }
        },
        {
          "weight": 1,
          "data": {
            "Name": "minecraft:red_terracotta"
          }
        },
        {
          "weight": 1,
          "data": {
            "Name": "minecraft:white_terracotta"
          }
        },
        {
          "weight": 1,
          "data": {
            "Name": "minecraft:yellow_terracotta"
          }
        }
      ],
      "type": "minecraft:weighted_state_provider"
    }
  },
  "type": "minecraft:block_pile"
}
