{
  "display": {
    "icon": {
      "item": "minecraft:cod"
    },
    "title": "All The Fish",
    "description": {
      "text": "Remember the \"aquarium\"? ",
      "extra": [
        {
          "text": "ZombieCleo",
          "color": "dark_gray",
          "italic": true
        }
      ]
    }
  },
  "parent": "hermitcraft:cleo/root",
  "criteria": {
    "get_fish": {
      "trigger": "minecraft:fishing_rod_hooked",
      "conditions": {
        "item": {
          "items": [
            "minecraft:cod"
          ]
        }
      }
    },
    "get_salmon": {
      "trigger": "minecraft:fishing_rod_hooked",
      "conditions": {
        "item": {
          "items": [
            "minecraft:salmon"
          ]
        }
      }
    },
    "get_clownfish": {
      "trigger": "minecraft:fishing_rod_hooked",
      "conditions": {
        "item": {
          "items": [
            "minecraft:tropical_fish"
          ]
        }
      }
    },
    "get_pufferfish": {
      "trigger": "minecraft:fishing_rod_hooked",
      "conditions": {
        "item": {
          "items": [
            "minecraft:pufferfish"
          ]
        }
      }
    }
  }
}