{
  "display": {
    "icon": {
      "item": "minecraft:zombie_head"
    },
    "title": "Reuniting With Friends",
    "description": {
      "text": "Find Carol ",
      "extra": [
        {
          "text": "ZombieCleo",
          "color": "dark_gray",
          "italic": true
        }
      ]
    },
    "frame": "goal"
  },
  "parent": "hermitcraft:cleo/all_the_fish",
  "criteria": {
    "find_carol": {
      "trigger": "minecraft:player_interacted_with_entity",
      "conditions": {
        "item": {
          "items": [
            "minecraft:name_tag"
          ],
          "nbt": "{display:{Name:'{\"text\":\"Carol\"}'}}"
        },
        "entity": [
          {
            "condition": "minecraft:entity_properties",
            "entity": "this",
            "predicate": {
              "type": "minecraft:zombie"
            }
          }
        ]
      }
    }
  }
}