{
  "display": {
    "icon": {
      "item": "minecraft:white_wool"
    },
    "title": "Rainbow Companion",
    "description": {
      "text": "Make some rainbow sheep ",
      "extra": [
        {
          "text": "ZombieCleo",
          "color": "dark_gray",
          "italic": true
        }
      ]
    },
    "frame": "challenge"
  },
  "parent": "hermitcraft:cleo/carol",
  "criteria": {
    "make_one_sheep": {
      "trigger": "minecraft:player_interacted_with_entity",
      "conditions": {
        "item": {
          "items": [
            "minecraft:name_tag"
          ],
          "nbt": "{display:{Name:'{\"text\":\"jeb_\"}'}}"
        },
        "entity": [
          {
            "condition": "minecraft:entity_properties",
            "entity": "this",
            "predicate": {
              "type": "minecraft:sheep"
            }
          }
        ]
      }
    },
    "make_two_sheep": {
      "trigger": "minecraft:player_interacted_with_entity",
      "conditions": {
        "player": [
          {
            "condition": "minecraft:entity_properties",
            "entity": "this",
            "predicate": {
              "player": {
                "advancements": {
                  "hermitcraft:cleo/rainbow_companion": {
                    "make_one_sheep": true
                  }
                }
              }
            }
          }
        ],
        "item": {
          "items": [
            "minecraft:name_tag"
          ],
          "nbt": "{display:{Name:'{\"text\":\"jeb_\"}'}}"
        },
        "entity": [
          {
            "condition": "minecraft:entity_properties",
            "entity": "this",
            "predicate": {
              "type": "minecraft:sheep"
            }
          }
        ]
      }
    }
  }
}