{
  "criteria": {
    "empty": {
      "trigger": "minecraft:location"
    }
  },
  "display": {
    "icon": {
      "item": "minecraft:player_head",
      "nbt": "{display:{Name:\"{\\\"text\\\":\\\"\\\"}\"},SkullOwner:{Id:[I;1016395282,-1791671206,-2074572125,-1980968388],Properties:{textures:[{Value:\"eyJ0ZXh0dXJlcyI6eyJTS0lOIjp7InVybCI6Imh0dHA6Ly90ZXh0dXJlcy5taW5lY3JhZnQubmV0L3RleHR1cmUvODlmZWZmODM4YWI1NmU0MDI1ZWVmODdlOTNjNDE4ODc4MTEwZDhjOGQ5MDVkOGZkNGI0OTM4ODljMDFhNWYxNyJ9fX0=\"}]}}}"
    },
    "title": "ZombieCleo",
    "description": "ZombieCleo's Challenges",
    "show_toast": false,
    "announce_to_chat": false
  },
  "parent": "hermitcraft:root"
}
