{
  "config": {
    "feature": {
      "config": {
        "features": [
          {
            "config": {
              "can_replace": true,
              "project": false,
              "need_water": false,
              "xspread": 0,
              "yspread": 19,
              "zspread": 0,
              "whitelist": [
                {
                  "Properties": {
                    "snowy": "false"
                  },
                  "Name": "minecraft:grass_block"
                },
                {
                  "Name": "minecraft:red_sand"
                },
                {
                  "Name": "minecraft:stone"
                },
                {
                  "Name": "minecraft:andesite"
                }
              ],
              "blacklist": [],
              "tries": 15,
              "state_provider": {
                "entries": [
                  {
                    "weight": 4,
                    "data": {
                      "Name": "minecraft:stone"
                    }
                  },
                  {
                    "weight": 1,
                    "data": {
                      "Name": "minecraft:andesite"
                    }
                  }
                ],
                "type": "minecraft:weighted_state_provider"
              },
              "block_placer": {
                "min_size": 5,
                "extra_size": 2,
                "type": "minecraft:column_placer"
              }
            },
            "type": "minecraft:random_patch"
          },
          {
            "config": {
              "can_replace": true,
              "project": false,
              "need_water": false,
              "xspread": 1,
              "yspread": 19,
              "zspread": 1,
              "whitelist": [
                {
                  "Properties": {
                    "snowy": "false"
                  },
                  "Name": "minecraft:grass_block"
                },
                {
                  "Name": "minecraft:red_sand"
                },
                {
                  "Name": "minecraft:stone"
                },
                {
                  "Name": "minecraft:andesite"
                }
              ],
              "blacklist": [],
              "tries": 120,
              "state_provider": {
                "entries": [
                  {
                    "weight": 4,
                    "data": {
                      "Name": "minecraft:stone"
                    }
                  },
                  {
                    "weight": 1,
                    "data": {
                      "Name": "minecraft:andesite"
                    }
                  }
                ],
                "type": "minecraft:weighted_state_provider"
              },
              "block_placer": {
                "min_size": 4,
                "extra_size": 4,
                "type": "minecraft:column_placer"
              }
            },
            "type": "minecraft:random_patch"
          },
          {
            "config": {
              "can_replace": true,
              "project": false,
              "need_water": false,
              "xspread": 2,
              "yspread": 15,
              "zspread": 2,
              "whitelist": [
                {
                  "Properties": {
                    "snowy": "false"
                  },
                  "Name": "minecraft:grass_block"
                },
                {
                  "Name": "minecraft:red_sand"
                },
                {
                  "Name": "minecraft:stone"
                },
                {
                  "Name": "minecraft:andesite"
                }
              ],
              "blacklist": [],
              "tries": 100,
              "state_provider": {
                "entries": [
                  {
                    "weight": 4,
                    "data": {
                      "Name": "minecraft:stone"
                    }
                  },
                  {
                    "weight": 1,
                    "data": {
                      "Name": "minecraft:andesite"
                    }
                  }
                ],
                "type": "minecraft:weighted_state_provider"
              },
              "block_placer": {
                "min_size": 3,
                "extra_size": 4,
                "type": "minecraft:column_placer"
              }
            },
            "type": "minecraft:random_patch"
          },
          {
            "config": {
              "can_replace": true,
              "project": false,
              "need_water": false,
              "xspread": 3,
              "yspread": 11,
              "zspread": 3,
              "whitelist": [
                {
                  "Properties": {
                    "snowy": "false"
                  },
                  "Name": "minecraft:grass_block"
                },
                {
                  "Name": "minecraft:red_sand"
                },
                {
                  "Name": "minecraft:stone"
                },
                {
                  "Name": "minecraft:andesite"
                }
              ],
              "blacklist": [],
              "tries": 80,
              "state_provider": {
                "entries": [
                  {
                    "weight": 4,
                    "data": {
                      "Name": "minecraft:stone"
                    }
                  },
                  {
                    "weight": 1,
                    "data": {
                      "Name": "minecraft:andesite"
                    }
                  }
                ],
                "type": "minecraft:weighted_state_provider"
              },
              "block_placer": {
                "min_size": 2,
                "extra_size": 5,
                "type": "minecraft:column_placer"
              }
            },
            "type": "minecraft:random_patch"
          },
          {
            "config": {
              "can_replace": true,
              "project": false,
              "need_water": false,
              "xspread": 4,
              "yspread": 8,
              "zspread": 4,
              "whitelist": [
                {
                  "Properties": {
                    "snowy": "false"
                  },
                  "Name": "minecraft:grass_block"
                },
                {
                  "Name": "minecraft:red_sand"
                },
                {
                  "Name": "minecraft:stone"
                },
                {
                  "Name": "minecraft:andesite"
                }
              ],
              "blacklist": [],
              "tries": 75,
              "state_provider": {
                "entries": [
                  {
                    "weight": 4,
                    "data": {
                      "Name": "minecraft:stone"
                    }
                  },
                  {
                    "weight": 1,
                    "data": {
                      "Name": "minecraft:andesite"
                    }
                  }
                ],
                "type": "minecraft:weighted_state_provider"
              },
              "block_placer": {
                "min_size": 2,
                "extra_size": 4,
                "type": "minecraft:column_placer"
              }
            },
            "type": "minecraft:random_patch"
          },
          {
            "config": {
              "can_replace": true,
              "project": false,
              "need_water": false,
              "xspread": 5,
              "yspread": 5,
              "zspread": 5,
              "whitelist": [
                {
                  "Properties": {
                    "snowy": "false"
                  },
                  "Name": "minecraft:grass_block"
                },
                {
                  "Name": "minecraft:red_sand"
                },
                {
                  "Name": "minecraft:stone"
                },
                {
                  "Name": "minecraft:andesite"
                }
              ],
              "blacklist": [],
              "tries": 75,
              "state_provider": {
                "entries": [
                  {
                    "weight": 4,
                    "data": {
                      "Name": "minecraft:stone"
                    }
                  },
                  {
                    "weight": 1,
                    "data": {
                      "Name": "minecraft:andesite"
                    }
                  }
                ],
                "type": "minecraft:weighted_state_provider"
              },
              "block_placer": {
                "min_size": 2,
                "extra_size": 2,
                "type": "minecraft:column_placer"
              }
            },
            "type": "minecraft:random_patch"
          },
          {
            "config": {
              "can_replace": true,
              "project": false,
              "need_water": false,
              "xspread": 6,
              "yspread": 3,
              "zspread": 6,
              "whitelist": [
                {
                  "Properties": {
                    "snowy": "false"
                  },
                  "Name": "minecraft:grass_block"
                },
                {
                  "Name": "minecraft:red_sand"
                },
                {
                  "Name": "minecraft:stone"
                },
                {
                  "Name": "minecraft:andesite"
                }
              ],
              "blacklist": [],
              "tries": 75,
              "state_provider": {
                "entries": [
                  {
                    "weight": 4,
                    "data": {
                      "Name": "minecraft:stone"
                    }
                  },
                  {
                    "weight": 1,
                    "data": {
                      "Name": "minecraft:andesite"
                    }
                  }
                ],
                "type": "minecraft:weighted_state_provider"
              },
              "block_placer": {
                "min_size": 1,
                "extra_size": 1,
                "type": "minecraft:column_placer"
              }
            },
            "type": "minecraft:random_patch"
          }
        ]
      },
      "type": "minecraft:simple_random_selector"
    },
    "decorator": {
      "config": {
        "count": 24
      },
      "type": "minecraft:count"
    }
  },
  "type": "minecraft:decorated"
}