{
    "pools":[
        {
            "rolls":2,
            "entries":[
                {
                    "type":"minecraft:tag",
                    "name":"ctov:iron_tools",
                    "expand": true
                }
            ]
        },
        {
            "rolls":1,
            "entries":[
                {
                    "type":"minecraft:tag",
                    "name":"minecraft:arrows",
                    "expand": true
                }
            ]
        },
        {
            "rolls":2,
            "entries":[
                {
                    "type":"minecraft:tag",
                    "name":"ctov:iron_armour",
                    "expand": true
                }
            ]
        },
        {
            "rolls":1,
            "entries":[
                {
                    "type":"minecraft:item",
                    "name":"minecraft:bow"
                },
                {
                    "type":"minecraft:item",
                    "name":"minecraft:crossbow"
                }
            ]
        },
        {
            "rolls":2,
            "entries":[
                {
                    "type":"minecraft:item",
                    "name":"minecraft:iron_ingot"
                },
                {
                    "type":"minecraft:item",
                    "name":"minecraft:diamond"
                }
            ]
        }
    ]
}