{
    "pools":[
        {
            "rolls":2,
            "entries":[
                {
                    "type":"minecraft:tag",
                    "name":"ctov:leather_armour",
                    "expand": true
                }
            ]
        },
        {
            "rolls":1,
            "entries":[
                {
                    "type":"minecraft:item",
                    "name":"minecraft:leather"
                }
            ]
        }
    ]
}