{
    "display": {
        "icon": {
            "item": "minecraft:crying_obsidian"
        },
        "title": {"translate":"Now You’re Thinking With Portals"},
        "description": {"translate":"Find a broken Nether Portal in the Overworld"},
        "announce_to_chat": false
    },
    "parent": "minecraft:adventure/root",
    "rewards": {
        "function": "bc_rewards:adventure/now_youre_thinking_with_portals"
    },		
    "criteria": {
        "ruined_portal": {
            "trigger": "minecraft:location",
            "conditions": {
                "feature": "ruined_portal",
				"dimension": "overworld",
                "player": [
                    {
                        "condition": "minecraft:inverted",
                        "term": {
                            "condition": "minecraft:entity_properties",
						    "entity": "this",
						    "predicate": {
						    	"player": {
						    		"gamemode": "spectator"
			    				}
                            }
						}
                    }
                ]
            }
        }		
    }
}