{
    "display": {
        "icon": {
            "item": "minecraft:structure_block"
        },
        "title": {"translate":"Raidin' Master"},
        "description": {"translate":"Discover every structure type"},
        "announce_to_chat": false,
		"frame": "challenge"
    },
    "parent": "blazeandcave:adventure/secret_of_the_igloo",
    "rewards": {
        "function": "bc_rewards:adventure/raidin_master"
    },		
    "criteria": {
        "dungeon": {
			"trigger": "minecraft:player_generates_container_loot",
			"conditions": {
				"loot_table": "minecraft:chests/simple_dungeon"
			}
		},
        "igloo": {
            "trigger": "minecraft:location",
            "conditions": {
                "feature": "igloo",
                "player": [
                    {
                        "condition": "minecraft:inverted",
                        "term": {
                            "condition": "minecraft:entity_properties",
						    "entity": "this",
						    "predicate": {
						    	"player": {
						    		"gamemode": "spectator"
			    				}
                            }
						}
                    }
                ]
            }
        },
        "desert_pyramid": {
            "trigger": "minecraft:location",
            "conditions": {
                "feature": "desert_pyramid",
                "player": [
                    {
                        "condition": "minecraft:inverted",
                        "term": {
                            "condition": "minecraft:entity_properties",
						    "entity": "this",
						    "predicate": {
						    	"player": {
						    		"gamemode": "spectator"
			    				}
                            }
						}
                    }
                ]
            }
        },	
        "jungle_pyramid": {
            "trigger": "minecraft:location",
            "conditions": {
                "feature": "jungle_pyramid",
                "player": [
                    {
                        "condition": "minecraft:inverted",
                        "term": {
                            "condition": "minecraft:entity_properties",
						    "entity": "this",
						    "predicate": {
						    	"player": {
						    		"gamemode": "spectator"
			    				}
                            }
						}
                    }
                ]
            }
        },	
        "swamp_hut": {
            "trigger": "minecraft:location",
            "conditions": {
                "feature": "swamp_hut",
                "player": [
                    {
                        "condition": "minecraft:inverted",
                        "term": {
                            "condition": "minecraft:entity_properties",
						    "entity": "this",
						    "predicate": {
						    	"player": {
						    		"gamemode": "spectator"
			    				}
                            }
						}
                    }
                ]
            }
        },	
        "village": {
            "trigger": "minecraft:location",
            "conditions": {
                "feature": "village",
                "player": [
                    {
                        "condition": "minecraft:inverted",
                        "term": {
                            "condition": "minecraft:entity_properties",
						    "entity": "this",
						    "predicate": {
						    	"player": {
						    		"gamemode": "spectator"
			    				}
                            }
						}
                    }
                ]
            }
        },	
        "mineshaft": {
            "trigger": "minecraft:location",
            "conditions": {
                "feature": "mineshaft",
                "player": [
                    {
                        "condition": "minecraft:inverted",
                        "term": {
                            "condition": "minecraft:entity_properties",
						    "entity": "this",
						    "predicate": {
						    	"player": {
						    		"gamemode": "spectator"
			    				}
                            }
						}
                    }
                ]
            }
        },	
        "stronghold": {
            "trigger": "minecraft:location",
            "conditions": {
                "feature": "stronghold",
                "player": [
                    {
                        "condition": "minecraft:inverted",
                        "term": {
                            "condition": "minecraft:entity_properties",
						    "entity": "this",
						    "predicate": {
						    	"player": {
						    		"gamemode": "spectator"
			    				}
                            }
						}
                    }
                ]
            }
        },	
        "fortress": {
            "trigger": "minecraft:location",
            "conditions": {
                "feature": "fortress",
                "player": [
                    {
                        "condition": "minecraft:inverted",
                        "term": {
                            "condition": "minecraft:entity_properties",
						    "entity": "this",
						    "predicate": {
						    	"player": {
						    		"gamemode": "spectator"
			    				}
                            }
						}
                    }
                ]
            }
        },	
        "end_city": {
            "trigger": "minecraft:location",
            "conditions": {
                "feature": "endcity",
                "player": [
                    {
                        "condition": "minecraft:inverted",
                        "term": {
                            "condition": "minecraft:entity_properties",
						    "entity": "this",
						    "predicate": {
						    	"player": {
						    		"gamemode": "spectator"
			    				}
                            }
						}
                    }
                ]
            }
        },	
        "monument": {
            "trigger": "minecraft:location",
            "conditions": {
                "feature": "monument",
                "player": [
                    {
                        "condition": "minecraft:inverted",
                        "term": {
                            "condition": "minecraft:entity_properties",
						    "entity": "this",
						    "predicate": {
						    	"player": {
						    		"gamemode": "spectator"
			    				}
                            }
						}
                    }
                ]
            }
        },	
        "mansion": {
            "trigger": "minecraft:location",
            "conditions": {
                "feature": "mansion",
                "player": [
                    {
                        "condition": "minecraft:inverted",
                        "term": {
                            "condition": "minecraft:entity_properties",
						    "entity": "this",
						    "predicate": {
						    	"player": {
						    		"gamemode": "spectator"
			    				}
                            }
						}
                    }
                ]
            }
        },	
        "ocean_ruin": {
            "trigger": "minecraft:location",
            "conditions": {
                "feature": "ocean_ruin",
                "player": [
                    {
                        "condition": "minecraft:inverted",
                        "term": {
                            "condition": "minecraft:entity_properties",
						    "entity": "this",
						    "predicate": {
						    	"player": {
						    		"gamemode": "spectator"
			    				}
                            }
						}
                    }
                ]
            }
        },	
        "shipwreck": {
            "trigger": "minecraft:location",
            "conditions": {
                "feature": "shipwreck",
                "player": [
                    {
                        "condition": "minecraft:inverted",
                        "term": {
                            "condition": "minecraft:entity_properties",
						    "entity": "this",
						    "predicate": {
						    	"player": {
						    		"gamemode": "spectator"
			    				}
                            }
						}
                    }
                ]
            }
        },	
        "buried_treasure": {
			"trigger": "minecraft:player_generates_container_loot",
			"conditions": {
				"loot_table": "minecraft:chests/buried_treasure"
			}
		},	
        "pillager_outpost": {
            "trigger": "minecraft:location",
            "conditions": {
                "feature": "pillager_outpost",
                "player": [
                    {
                        "condition": "minecraft:inverted",
                        "term": {
                            "condition": "minecraft:entity_properties",
						    "entity": "this",
						    "predicate": {
						    	"player": {
						    		"gamemode": "spectator"
			    				}
                            }
						}
                    }
                ]
            }
        },	
        "ruined_portal": {
            "trigger": "minecraft:location",
            "conditions": {
                "feature": "ruined_portal",
                "player": [
                    {
                        "condition": "minecraft:inverted",
                        "term": {
                            "condition": "minecraft:entity_properties",
						    "entity": "this",
						    "predicate": {
						    	"player": {
						    		"gamemode": "spectator"
			    				}
                            }
						}
                    }
                ]
            }
        },	
        "bastion_remnant": {
            "trigger": "minecraft:location",
            "conditions": {
                "feature": "bastion_remnant",
                "player": [
                    {
                        "condition": "minecraft:inverted",
                        "term": {
                            "condition": "minecraft:entity_properties",
						    "entity": "this",
						    "predicate": {
						    	"player": {
						    		"gamemode": "spectator"
			    				}
                            }
						}
                    }
                ]
            }
        }
    }
}