{
  "name": "gatkong:village/ocean/decor",
  "fallback": "minecraft:empty",
  "elements": [
    {
      "weight": 10,
      "element": {
        "location": "minecraft:village/plains/plains_lamp_1",
        "processors": "minecraft:empty",
        "projection": "rigid",
        "element_type": "minecraft:legacy_single_pool_element"
      }
    },
    {
      "weight": 1,
      "element": {
        "feature": "minecraft:pile_hay",
        "projection": "rigid",
        "element_type": "minecraft:feature_pool_element"
      }
    },
    {
      "weight": 4,
      "element": {
        "location": "minecraft:village/taiga/taiga_decoration_1",
        "processors": "minecraft:empty",
        "projection": "rigid",
        "element_type": "minecraft:legacy_single_pool_element"
      }
    },
    {
      "weight": 4,
      "element": {
        "location": "minecraft:village/taiga/taiga_decoration_6",
        "processors": "minecraft:empty",
        "projection": "rigid",
        "element_type": "minecraft:legacy_single_pool_element"
      }
    },
    {
      "weight": 4,
      "element": {
        "location": "gatkong:village/ocean/ocean_boxes",
        "processors": "minecraft:empty",
        "projection": "rigid",
        "element_type": "minecraft:legacy_single_pool_element"
      }
    },
    {
      "weight": 4,
      "element": {
        "element_type": "minecraft:empty_pool_element"
      }
    }
  ]
}