{
  "display": {
    "icon": {
      "item": "minecraft:enchanted_golden_apple"
    },
    "title": "A True Hermit",
    "description": "Finish all the hermit challenges",
    "frame": "challenge",
    "hidden": true
  },
  "parent": "hermitcraft:root",
  "criteria": {
    "bdubs/sneaky_real_estate": {
      "trigger": "minecraft:tick",
      "conditions": {
        "player": [
          {
            "condition": "minecraft:entity_properties",
            "entity": "this",
            "predicate": {
              "player": {
                "advancements": {
                  "hermitcraft:bdubs/sneaky_real_estate": true
                }
              }
            }
          }
        ]
      }
    },
    "bdubs/taxman": {
      "trigger": "minecraft:tick",
      "conditions": {
        "player": [
          {
            "condition": "minecraft:entity_properties",
            "entity": "this",
            "predicate": {
              "player": {
                "advancements": {
                  "hermitcraft:bdubs/taxman": true
                }
              }
            }
          }
        ]
      }
    },
    "bdubs/the_old_school_way": {
      "trigger": "minecraft:tick",
      "conditions": {
        "player": [
          {
            "condition": "minecraft:entity_properties",
            "entity": "this",
            "predicate": {
              "player": {
                "advancements": {
                  "hermitcraft:bdubs/the_old_school_way": true
                }
              }
            }
          }
        ]
      }
    },
    "biffa/advanced_brewing": {
      "trigger": "minecraft:tick",
      "conditions": {
        "player": [
          {
            "condition": "minecraft:entity_properties",
            "entity": "this",
            "predicate": {
              "player": {
                "advancements": {
                  "hermitcraft:biffa/advanced_brewing": true
                }
              }
            }
          }
        ]
      }
    },
    "biffa/biffas_bowl": {
      "trigger": "minecraft:tick",
      "conditions": {
        "player": [
          {
            "condition": "minecraft:entity_properties",
            "entity": "this",
            "predicate": {
              "player": {
                "advancements": {
                  "hermitcraft:biffa/biffas_bowl": true
                }
              }
            }
          }
        ]
      }
    },
    "biffa/the_agency": {
      "trigger": "minecraft:tick",
      "conditions": {
        "player": [
          {
            "condition": "minecraft:entity_properties",
            "entity": "this",
            "predicate": {
              "player": {
                "advancements": {
                  "hermitcraft:biffa/the_agency": true
                }
              }
            }
          }
        ]
      }
    },
    "cleo/all_the_fish": {
      "trigger": "minecraft:tick",
      "conditions": {
        "player": [
          {
            "condition": "minecraft:entity_properties",
            "entity": "this",
            "predicate": {
              "player": {
                "advancements": {
                  "hermitcraft:cleo/all_the_fish": true
                }
              }
            }
          }
        ]
      }
    },
    "cleo/carol": {
      "trigger": "minecraft:tick",
      "conditions": {
        "player": [
          {
            "condition": "minecraft:entity_properties",
            "entity": "this",
            "predicate": {
              "player": {
                "advancements": {
                  "hermitcraft:cleo/carol": true
                }
              }
            }
          }
        ]
      }
    },
    "cleo/rainbow_companion": {
      "trigger": "minecraft:tick",
      "conditions": {
        "player": [
          {
            "condition": "minecraft:entity_properties",
            "entity": "this",
            "predicate": {
              "player": {
                "advancements": {
                  "hermitcraft:cleo/rainbow_companion": true
                }
              }
            }
          }
        ]
      }
    },
    "cubfan/birchfella": {
      "trigger": "minecraft:tick",
      "conditions": {
        "player": [
          {
            "condition": "minecraft:entity_properties",
            "entity": "this",
            "predicate": {
              "player": {
                "advancements": {
                  "hermitcraft:cubfan/birchfella": true
                }
              }
            }
          }
        ]
      }
    },
    "cubfan/desert_destroyer": {
      "trigger": "minecraft:tick",
      "conditions": {
        "player": [
          {
            "condition": "minecraft:entity_properties",
            "entity": "this",
            "predicate": {
              "player": {
                "advancements": {
                  "hermitcraft:cubfan/desert_destroyer": true
                }
              }
            }
          }
        ]
      }
    },
    "cubfan/volcanic_safety": {
      "trigger": "minecraft:tick",
      "conditions": {
        "player": [
          {
            "condition": "minecraft:entity_properties",
            "entity": "this",
            "predicate": {
              "player": {
                "advancements": {
                  "hermitcraft:cubfan/volcanic_safety": true
                }
              }
            }
          }
        ]
      }
    },
    "docm/doctor_undead": {
      "trigger": "minecraft:tick",
      "conditions": {
        "player": [
          {
            "condition": "minecraft:entity_properties",
            "entity": "this",
            "predicate": {
              "player": {
                "advancements": {
                  "hermitcraft:docm/doctor_undead": true
                }
              }
            }
          }
        ]
      }
    },
    "docm/ligitimate_shells": {
      "trigger": "minecraft:tick",
      "conditions": {
        "player": [
          {
            "condition": "minecraft:entity_properties",
            "entity": "this",
            "predicate": {
              "player": {
                "advancements": {
                  "hermitcraft:docm/legitimate_shells": true
                }
              }
            }
          }
        ]
      }
    },
    "docm/the_paper_trade": {
      "trigger": "minecraft:tick",
      "conditions": {
        "player": [
          {
            "condition": "minecraft:entity_properties",
            "entity": "this",
            "predicate": {
              "player": {
                "advancements": {
                  "hermitcraft:docm/the_paper_trade": true
                }
              }
            }
          }
        ]
      }
    },
    "etho/all_redstone": {
      "trigger": "minecraft:tick",
      "conditions": {
        "player": [
          {
            "condition": "minecraft:entity_properties",
            "entity": "this",
            "predicate": {
              "player": {
                "advancements": {
                  "hermitcraft:etho/all_redstone": true
                }
              }
            }
          }
        ]
      }
    },
    "etho/diamonds": {
      "trigger": "minecraft:tick",
      "conditions": {
        "player": [
          {
            "condition": "minecraft:entity_properties",
            "entity": "this",
            "predicate": {
              "player": {
                "advancements": {
                  "hermitcraft:etho/diamonds": true
                }
              }
            }
          }
        ]
      }
    },
    "etho/dragon_slayer": {
      "trigger": "minecraft:tick",
      "conditions": {
        "player": [
          {
            "condition": "minecraft:entity_properties",
            "entity": "this",
            "predicate": {
              "player": {
                "advancements": {
                  "hermitcraft:etho/dragon_slayer": true
                }
              }
            }
          }
        ]
      }
    },
    "false/flases_flowers": {
      "trigger": "minecraft:tick",
      "conditions": {
        "player": [
          {
            "condition": "minecraft:entity_properties",
            "entity": "this",
            "predicate": {
              "player": {
                "advancements": {
                  "hermitcraft:false/falses_flowers": true
                }
              }
            }
          }
        ]
      }
    },
    "false/jellyfish_crown": {
      "trigger": "minecraft:tick",
      "conditions": {
        "player": [
          {
            "condition": "minecraft:entity_properties",
            "entity": "this",
            "predicate": {
              "player": {
                "advancements": {
                  "hermitcraft:false/jellyfish_crown": true
                }
              }
            }
          }
        ]
      }
    },
    "false/pvp_pro": {
      "trigger": "minecraft:tick",
      "conditions": {
        "player": [
          {
            "condition": "minecraft:entity_properties",
            "entity": "this",
            "predicate": {
              "player": {
                "advancements": {
                  "hermitcraft:false/pvp_pro": true
                }
              }
            }
          }
        ]
      }
    },
    "hypno/build_a_temple": {
      "trigger": "minecraft:tick",
      "conditions": {
        "player": [
          {
            "condition": "minecraft:entity_properties",
            "entity": "this",
            "predicate": {
              "player": {
                "advancements": {
                  "hermitcraft:hypno/build_a_temple": true
                }
              }
            }
          }
        ]
      }
    },
    "hypno/make_it_green": {
      "trigger": "minecraft:tick",
      "conditions": {
        "player": [
          {
            "condition": "minecraft:entity_properties",
            "entity": "this",
            "predicate": {
              "player": {
                "advancements": {
                  "hermitcraft:hypno/make_it_green": true
                }
              }
            }
          }
        ]
      }
    },
    "hypno/to_the_jungle": {
      "trigger": "minecraft:tick",
      "conditions": {
        "player": [
          {
            "condition": "minecraft:entity_properties",
            "entity": "this",
            "predicate": {
              "player": {
                "advancements": {
                  "hermitcraft:hypno/to_the_jungle": true
                }
              }
            }
          }
        ]
      }
    },
    "ijevin/king_of_emeralds": {
      "trigger": "minecraft:tick",
      "conditions": {
        "player": [
          {
            "condition": "minecraft:entity_properties",
            "entity": "this",
            "predicate": {
              "player": {
                "advancements": {
                  "hermitcraft:ijevin/king_of_emeralds": true
                }
              }
            }
          }
        ]
      }
    },
    "ijevin/pink_death": {
      "trigger": "minecraft:tick",
      "conditions": {
        "player": [
          {
            "condition": "minecraft:entity_properties",
            "entity": "this",
            "predicate": {
              "player": {
                "advancements": {
                  "hermitcraft:ijevin/pink_death": true
                }
              }
            }
          }
        ]
      }
    },
    "ijevin/you_are_what_you_kill": {
      "trigger": "minecraft:tick",
      "conditions": {
        "player": [
          {
            "condition": "minecraft:entity_properties",
            "entity": "this",
            "predicate": {
              "player": {
                "advancements": {
                  "hermitcraft:ijevin/you_are_what_you_kill": true
                }
              }
            }
          }
        ]
      }
    },
    "impulse/experienced_farmer": {
      "trigger": "minecraft:tick",
      "conditions": {
        "player": [
          {
            "condition": "minecraft:entity_properties",
            "entity": "this",
            "predicate": {
              "player": {
                "advancements": {
                  "hermitcraft:impulse/experienced_farmer": true
                }
              }
            }
          }
        ]
      }
    },
    "impulse/witch_farm": {
      "trigger": "minecraft:tick",
      "conditions": {
        "player": [
          {
            "condition": "minecraft:entity_properties",
            "entity": "this",
            "predicate": {
              "player": {
                "advancements": {
                  "hermitcraft:impulse/witch_farm": true
                }
              }
            }
          }
        ]
      }
    },
    "impulse/guardian_slyer": {
      "trigger": "minecraft:tick",
      "conditions": {
        "player": [
          {
            "condition": "minecraft:entity_properties",
            "entity": "this",
            "predicate": {
              "player": {
                "advancements": {
                  "hermitcraft:impulse/guardian_slayer": true
                }
              }
            }
          }
        ]
      }
    },
    "iskall/a_noobs_death": {
      "trigger": "minecraft:tick",
      "conditions": {
        "player": [
          {
            "condition": "minecraft:entity_properties",
            "entity": "this",
            "predicate": {
              "player": {
                "advancements": {
                  "hermitcraft:iskall/a_noobs_death": true
                }
              }
            }
          }
        ]
      }
    },
    "iskall/dirty_diorite": {
      "trigger": "minecraft:tick",
      "conditions": {
        "player": [
          {
            "condition": "minecraft:entity_properties",
            "entity": "this",
            "predicate": {
              "player": {
                "advancements": {
                  "hermitcraft:iskall/dirty_diorite": true
                }
              }
            }
          }
        ]
      }
    },
    "iskall/iskallium": {
      "trigger": "minecraft:tick",
      "conditions": {
        "player": [
          {
            "condition": "minecraft:entity_properties",
            "entity": "this",
            "predicate": {
              "player": {
                "advancements": {
                  "hermitcraft:iskall/iskallium": true
                }
              }
            }
          }
        ]
      }
    },
    "jessassin/build_a_dome": {
      "trigger": "minecraft:tick",
      "conditions": {
        "player": [
          {
            "condition": "minecraft:entity_properties",
            "entity": "this",
            "predicate": {
              "player": {
                "advancements": {
                  "hermitcraft:jessassin/build_a_dome": true
                }
              }
            }
          }
        ]
      }
    },
    "jessassin/drain_it": {
      "trigger": "minecraft:tick",
      "conditions": {
        "player": [
          {
            "condition": "minecraft:entity_properties",
            "entity": "this",
            "predicate": {
              "player": {
                "advancements": {
                  "hermitcraft:jessassin/drain_it": true
                }
              }
            }
          }
        ]
      }
    },
    "jessassin/going_underwater": {
      "trigger": "minecraft:tick",
      "conditions": {
        "player": [
          {
            "condition": "minecraft:entity_properties",
            "entity": "this",
            "predicate": {
              "player": {
                "advancements": {
                  "hermitcraft:jessassin/going_underwater": true
                }
              }
            }
          }
        ]
      }
    },
    "joehills/artist": {
      "trigger": "minecraft:tick",
      "conditions": {
        "player": [
          {
            "condition": "minecraft:entity_properties",
            "entity": "this",
            "predicate": {
              "player": {
                "advancements": {
                  "hermitcraft:joehills/artist": true
                }
              }
            }
          }
        ]
      }
    },
    "joehills/field_of_dreams": {
      "trigger": "minecraft:tick",
      "conditions": {
        "player": [
          {
            "condition": "minecraft:entity_properties",
            "entity": "this",
            "predicate": {
              "player": {
                "advancements": {
                  "hermitcraft:joehills/field_of_dreams": true
                }
              }
            }
          }
        ]
      }
    },
    "joehills/poet": {
      "trigger": "minecraft:tick",
      "conditions": {
        "player": [
          {
            "condition": "minecraft:entity_properties",
            "entity": "this",
            "predicate": {
              "player": {
                "advancements": {
                  "hermitcraft:joehills/poet": true
                }
              }
            }
          }
        ]
      }
    },
    "keralis/booshes": {
      "trigger": "minecraft:tick",
      "conditions": {
        "player": [
          {
            "condition": "minecraft:entity_properties",
            "entity": "this",
            "predicate": {
              "player": {
                "advancements": {
                  "hermitcraft:keralis/booshes": true
                }
              }
            }
          }
        ]
      }
    },
    "keralis/bow_baddies": {
      "trigger": "minecraft:tick",
      "conditions": {
        "player": [
          {
            "condition": "minecraft:entity_properties",
            "entity": "this",
            "predicate": {
              "player": {
                "advancements": {
                  "hermitcraft:keralis/bow_baddies": true
                }
              }
            }
          }
        ]
      }
    },
    "keralis/nametag": {
      "trigger": "minecraft:tick",
      "conditions": {
        "player": [
          {
            "condition": "minecraft:entity_properties",
            "entity": "this",
            "predicate": {
              "player": {
                "advancements": {
                  "hermitcraft:keralis/nametag": true
                }
              }
            }
          }
        ]
      }
    },
    "mumbo/death_machine": {
      "trigger": "minecraft:tick",
      "conditions": {
        "player": [
          {
            "condition": "minecraft:entity_properties",
            "entity": "this",
            "predicate": {
              "player": {
                "advancements": {
                  "hermitcraft:mumbo/death_machine": true
                }
              }
            }
          }
        ]
      }
    },
    "mumbo/remixed": {
      "trigger": "minecraft:tick",
      "conditions": {
        "player": [
          {
            "condition": "minecraft:entity_properties",
            "entity": "this",
            "predicate": {
              "player": {
                "advancements": {
                  "hermitcraft:mumbo/remixed": true
                }
              }
            }
          }
        ]
      }
    },
    "mumbo/spoon": {
      "trigger": "minecraft:tick",
      "conditions": {
        "player": [
          {
            "condition": "minecraft:entity_properties",
            "entity": "this",
            "predicate": {
              "player": {
                "advancements": {
                  "hermitcraft:mumbo/spoon": true
                }
              }
            }
          }
        ]
      }
    },
    "python/emerald_beacon": {
      "trigger": "minecraft:tick",
      "conditions": {
        "player": [
          {
            "condition": "minecraft:entity_properties",
            "entity": "this",
            "predicate": {
              "player": {
                "advancements": {
                  "hermitcraft:python/emerald_beacon": true
                }
              }
            }
          }
        ]
      }
    },
    "python/master_trader": {
      "trigger": "minecraft:tick",
      "conditions": {
        "player": [
          {
            "condition": "minecraft:entity_properties",
            "entity": "this",
            "predicate": {
              "player": {
                "advancements": {
                  "hermitcraft:python/master_trader": true
                }
              }
            }
          }
        ]
      }
    },
    "python/penta_beacon": {
      "trigger": "minecraft:tick",
      "conditions": {
        "player": [
          {
            "condition": "minecraft:entity_properties",
            "entity": "this",
            "predicate": {
              "player": {
                "advancements": {
                  "hermitcraft:python/penta_beacon": true
                }
              }
            }
          }
        ]
      }
    },
    "rendog/a_true_logfella": {
      "trigger": "minecraft:tick",
      "conditions": {
        "player": [
          {
            "condition": "minecraft:entity_properties",
            "entity": "this",
            "predicate": {
              "player": {
                "advancements": {
                  "hermitcraft:rendog/a_true_logfella": true
                }
              }
            }
          }
        ]
      }
    },
    "rendog/logolass": {
      "trigger": "minecraft:tick",
      "conditions": {
        "player": [
          {
            "condition": "minecraft:entity_properties",
            "entity": "this",
            "predicate": {
              "player": {
                "advancements": {
                  "hermitcraft:rendog/logolass": true
                }
              }
            }
          }
        ]
      }
    },
    "rendog/urenium": {
      "trigger": "minecraft:tick",
      "conditions": {
        "player": [
          {
            "condition": "minecraft:entity_properties",
            "entity": "this",
            "predicate": {
              "player": {
                "advancements": {
                  "hermitcraft:rendog/urenium": true
                }
              }
            }
          }
        ]
      }
    },
    "scar/5k_club": {
      "trigger": "minecraft:tick",
      "conditions": {
        "player": [
          {
            "condition": "minecraft:entity_properties",
            "entity": "this",
            "predicate": {
              "player": {
                "advancements": {
                  "hermitcraft:scar/5k_club": true
                }
              }
            }
          }
        ]
      }
    },
    "scar/finding_jelly": {
      "trigger": "minecraft:tick",
      "conditions": {
        "player": [
          {
            "condition": "minecraft:entity_properties",
            "entity": "this",
            "predicate": {
              "player": {
                "advancements": {
                  "hermitcraft:scar/finding_jelly": true
                }
              }
            }
          }
        ]
      }
    },
    "scar/growing_leaves": {
      "trigger": "minecraft:tick",
      "conditions": {
        "player": [
          {
            "condition": "minecraft:entity_properties",
            "entity": "this",
            "predicate": {
              "player": {
                "advancements": {
                  "hermitcraft:scar/growing_leaves": true
                }
              }
            }
          }
        ]
      }
    },
    "stress/allium_alliance": {
      "trigger": "minecraft:tick",
      "conditions": {
        "player": [
          {
            "condition": "minecraft:entity_properties",
            "entity": "this",
            "predicate": {
              "player": {
                "advancements": {
                  "hermitcraft:stress/allium_alliance": true
                }
              }
            }
          }
        ]
      }
    },
    "stress/spooky_swamp": {
      "trigger": "minecraft:tick",
      "conditions": {
        "player": [
          {
            "condition": "minecraft:entity_properties",
            "entity": "this",
            "predicate": {
              "player": {
                "advancements": {
                  "hermitcraft:stress/spooky_swamp": true
                }
              }
            }
          }
        ]
      }
    },
    "stress/victoria_the_sheep": {
      "trigger": "minecraft:tick",
      "conditions": {
        "player": [
          {
            "condition": "minecraft:entity_properties",
            "entity": "this",
            "predicate": {
              "player": {
                "advancements": {
                  "hermitcraft:stress/victoria_the_sheep": true
                }
              }
            }
          }
        ]
      }
    },
    "tango/a_new_home": {
      "trigger": "minecraft:tick",
      "conditions": {
        "player": [
          {
            "condition": "minecraft:entity_properties",
            "entity": "this",
            "predicate": {
              "player": {
                "advancements": {
                  "hermitcraft:tango/a_new_home": true
                }
              }
            }
          }
        ]
      }
    },
    "tango/boombox_backfire": {
      "trigger": "minecraft:tick",
      "conditions": {
        "player": [
          {
            "condition": "minecraft:entity_properties",
            "entity": "this",
            "predicate": {
              "player": {
                "advancements": {
                  "hermitcraft:tango/boombox_backfire": true
                }
              }
            }
          }
        ]
      }
    },
    "tango/time_to_farm": {
      "trigger": "minecraft:tick",
      "conditions": {
        "player": [
          {
            "condition": "minecraft:entity_properties",
            "entity": "this",
            "predicate": {
              "player": {
                "advancements": {
                  "hermitcraft:tango/time_to_farm": true
                }
              }
            }
          }
        ]
      }
    },
    "tfc/cluck_cluck": {
      "trigger": "minecraft:tick",
      "conditions": {
        "player": [
          {
            "condition": "minecraft:entity_properties",
            "entity": "this",
            "predicate": {
              "player": {
                "advancements": {
                  "hermitcraft:tfc/cluck_cluck": true
                }
              }
            }
          }
        ]
      }
    },
    "tfc/lord_of_the_grind": {
      "trigger": "minecraft:tick",
      "conditions": {
        "player": [
          {
            "condition": "minecraft:entity_properties",
            "entity": "this",
            "predicate": {
              "player": {
                "advancements": {
                  "hermitcraft:tfc/lord_of_the_grind": true
                }
              }
            }
          }
        ]
      }
    },
    "tfc/mining_king": {
      "trigger": "minecraft:tick",
      "conditions": {
        "player": [
          {
            "condition": "minecraft:entity_properties",
            "entity": "this",
            "predicate": {
              "player": {
                "advancements": {
                  "hermitcraft:tfc/mining_king": true
                }
              }
            }
          }
        ]
      }
    },
    "vintage/beef_in_space": {
      "trigger": "minecraft:tick",
      "conditions": {
        "player": [
          {
            "condition": "minecraft:entity_properties",
            "entity": "this",
            "predicate": {
              "player": {
                "advancements": {
                  "hermitcraft:vintage/beef_in_space": true
                }
              }
            }
          }
        ]
      }
    },
    "vintage/beefs_knees": {
      "trigger": "minecraft:tick",
      "conditions": {
        "player": [
          {
            "condition": "minecraft:entity_properties",
            "entity": "this",
            "predicate": {
              "player": {
                "advancements": {
                  "hermitcraft:vintage/beefs_knees": true
                }
              }
            }
          }
        ]
      }
    },
    "vintage/raw_beef": {
      "trigger": "minecraft:tick",
      "conditions": {
        "player": [
          {
            "condition": "minecraft:entity_properties",
            "entity": "this",
            "predicate": {
              "player": {
                "advancements": {
                  "hermitcraft:vintage/raw_beef": true
                }
              }
            }
          }
        ]
      }
    },
    "wels/dwarven_mine": {
      "trigger": "minecraft:tick",
      "conditions": {
        "player": [
          {
            "condition": "minecraft:entity_properties",
            "entity": "this",
            "predicate": {
              "player": {
                "advancements": {
                  "hermitcraft:wels/dwarven_mine": true
                }
              }
            }
          }
        ]
      }
    },
    "wels/ender_ender": {
      "trigger": "minecraft:tick",
      "conditions": {
        "player": [
          {
            "condition": "minecraft:entity_properties",
            "entity": "this",
            "predicate": {
              "player": {
                "advancements": {
                  "hermitcraft:wels/ender_ender": true
                }
              }
            }
          }
        ]
      }
    },
    "wels/white_knight": {
      "trigger": "minecraft:tick",
      "conditions": {
        "player": [
          {
            "condition": "minecraft:entity_properties",
            "entity": "this",
            "predicate": {
              "player": {
                "advancements": {
                  "hermitcraft:wels/white_knight": true
                }
              }
            }
          }
        ]
      }
    },
    "xbcrafted/and_another_one": {
      "trigger": "minecraft:tick",
      "conditions": {
        "player": [
          {
            "condition": "minecraft:entity_properties",
            "entity": "this",
            "predicate": {
              "player": {
                "advancements": {
                  "hermitcraft:xbcrafted/and_another_one": true
                }
              }
            }
          }
        ]
      }
    },
    "xbcrafted/make_it_home": {
      "trigger": "minecraft:tick",
      "conditions": {
        "player": [
          {
            "condition": "minecraft:entity_properties",
            "entity": "this",
            "predicate": {
              "player": {
                "advancements": {
                  "hermitcraft:xbcrafted/make_it_home": true
                }
              }
            }
          }
        ]
      }
    },
    "xbcrafted/wooloo": {
      "trigger": "minecraft:tick",
      "conditions": {
        "player": [
          {
            "condition": "minecraft:entity_properties",
            "entity": "this",
            "predicate": {
              "player": {
                "advancements": {
                  "hermitcraft:xbcrafted/wooloo": true
                }
              }
            }
          }
        ]
      }
    },
    "xisuma/embrace_the_void": {
      "trigger": "minecraft:tick",
      "conditions": {
        "player": [
          {
            "condition": "minecraft:entity_properties",
            "entity": "this",
            "predicate": {
              "player": {
                "advancements": {
                  "hermitcraft:xisuma/embrace_the_void": true
                }
              }
            }
          }
        ]
      }
    },
    "xisuma/heres_johnny": {
      "trigger": "minecraft:tick",
      "conditions": {
        "player": [
          {
            "condition": "minecraft:entity_properties",
            "entity": "this",
            "predicate": {
              "player": {
                "advancements": {
                  "hermitcraft:xisuma/heres_johnny": true
                }
              }
            }
          }
        ]
      }
    },
    "xisuma/trading_woes": {
      "trigger": "minecraft:tick",
      "conditions": {
        "player": [
          {
            "condition": "minecraft:entity_properties",
            "entity": "this",
            "predicate": {
              "player": {
                "advancements": {
                  "hermitcraft:xisuma/trading_woes": true
                }
              }
            }
          }
        ]
      }
    },
    "zedaph/mouse_mode": {
      "trigger": "minecraft:tick",
      "conditions": {
        "player": [
          {
            "condition": "minecraft:entity_properties",
            "entity": "this",
            "predicate": {
              "player": {
                "advancements": {
                  "hermitcraft:zedaph/mouse_mode": true
                }
              }
            }
          }
        ]
      }
    },
    "zedaph/naked_boom": {
      "trigger": "minecraft:tick",
      "conditions": {
        "player": [
          {
            "condition": "minecraft:entity_properties",
            "entity": "this",
            "predicate": {
              "player": {
                "advancements": {
                  "hermitcraft:zedaph/naked_boom": true
                }
              }
            }
          }
        ]
      }
    },
    "zedaph/top_fun": {
      "trigger": "minecraft:tick",
      "conditions": {
        "player": [
          {
            "condition": "minecraft:entity_properties",
            "entity": "this",
            "predicate": {
              "player": {
                "advancements": {
                  "hermitcraft:zedaph/top_fun": true
                }
              }
            }
          }
        ]
      }
    }
  }
}
