{
  "display": {
    "icon": {
      "item": "minecraft:elytra"
    },
    "title": "Beef in Space",
    "description": {
      "text": "Launch that space shuttle ",
      "extra": [
        {
          "text": "VintageBeef",
          "color": "dark_gray",
          "italic": true
        }
      ]
    },
    "frame": "challenge"
  },
  "parent": "hermitcraft:vintage/raw_beef",
  "criteria": {
    "above_1000": {
      "trigger": "minecraft:location",
      "conditions": {
        "player": [],
        "location": {
          "position": {
            "y": {
              "min": 1000
            }
          }
        }
      }
    }
  }
}
