{
  "display": {
    "icon": {
      "item": "minecraft:beef"
    },
    "title": "Raw Beef!",
    "description": {
      "text": "How much can you stomach? ",
      "extra": [
        {
          "text": "VintageBeef",
          "color": "dark_gray",
          "italic": true
        }
      ]
    },
    "frame": "goal"
  },
  "parent": "hermitcraft:vintage/beefs_knees",
  "criteria": {
    "eat_100_raw_beef": {
      "trigger": "minecraft:tick",
      "conditions": {
        "player": [
          {
            "condition": "minecraft:entity_properties",
            "entity": "this",
            "predicate": {
              "player": {
                "stats": [
                  {
                    "type": "minecraft:used",
                    "stat": "minecraft:beef",
                    "value": {
                      "min": 100
                    }
                  }
                ]
              }
            }
          }
        ]
      }
    }
  }
}