{
  "display": {
    "icon": {
      "item": "minecraft:player_head",
      "nbt": "{display:{Name:\"{\\\"text\\\":\\\"\\\"}\"},SkullOwner:{Id:[I;-593942208,865159496,-1552231113,295727992],Properties:{textures:[{Value:\"eyJ0ZXh0dXJlcyI6eyJTS0lOIjp7InVybCI6Imh0dHA6Ly90ZXh0dXJlcy5taW5lY3JhZnQubmV0L3RleHR1cmUvNGQxYmUyNWZjMzgwNzgxZTE5NTc2MzQxOTUyODQ2ZDdkZDhkYmMzMTI5N2M2MzBhNzk1ZmYzYjM3ZmY0YjBiNSJ9fX0=\"}]}}}"
    },
    "title": "VintageBeef",
    "description": "VintageBeef's Challenges",
    "show_toast": false,
    "announce_to_chat": false
  },
  "parent": "hermitcraft:root",
  "criteria": {
    "empty": {
      "trigger": "minecraft:location"
    }
  }
}
