{
  "display": {
    "icon": {
      "item": "minecraft:player_head",
      "nbt": "{display:{Name:\"{\\\"text\\\":\\\"\\\"}\"},SkullOwner:{Id:[I;-572719521,9128770,-1160459246,136925571],Properties:{textures:[{Value:\"eyJ0ZXh0dXJlcyI6eyJTS0lOIjp7InVybCI6Imh0dHA6Ly90ZXh0dXJlcy5taW5lY3JhZnQubmV0L3RleHR1cmUvMWU2YTYxYjc2NzRjMGExMjM5YzBmNWUxYzViMWU2ODZmYzVjOTVmZGUxMjcwZTZlNTA3N2M2OTQ3NWVkYzcxYyJ9fX0=\"}]}}}"
    },
    "title": "BDoubleO",
    "description": "BDoubleO's Challenges",
    "show_toast": false,
    "announce_to_chat": false
  },
  "parent": "hermitcraft:root",
  "criteria": {
    "empty": {
      "trigger": "minecraft:location"
    }
  }
}