{
  "display": {
    "icon": {
      "item": "minecraft:oak_door"
    },
    "title": "Sneaky Real Estate",
    "description": {
      "text": "Remove the locals ",
      "extra": [
        {
          "text": "BdoubleO",
          "color": "dark_gray",
          "italic": true
        }
      ]
    },
    "frame": "challenge"
  },
  "parent": "hermitcraft:bdubs/taxman",
  "criteria": {
    "killed_villager_in_vilage": {
      "trigger": "minecraft:player_killed_entity",
      "conditions": {
        "entity": [
          {
            "condition": "minecraft:entity_properties",
            "entity": "this",
            "predicate": {
              "type": "minecraft:villager",
              "location": {
                "feature": "village"
              }
            }
          }
        ]
      }
    }
  }
}