{
  "display": {
    "icon": {
      "item": "minecraft:emerald"
    },
    "title": "Taxman",
    "description": {
      "text": "You owe us a stack ",
      "extra": [
        {
          "text": "BdoubleO",
          "color": "dark_gray",
          "italic": true
        }
      ]
    },
    "frame": "goal"
  },
  "parent": "hermitcraft:bdubs/the_old_school_way",
  "criteria": {
    "pickup_64_emeralds": {
      "trigger": "minecraft:inventory_changed",
      "conditions": {
        "items": [
          {
            "items": [
              "minecraft:emerald"
            ],
            "count": {
              "min": 64
            }
          }
        ]
      }
    }
  }
}