{
  "display": {
    "icon": {
      "item": "minecraft:oak_boat"
    },
    "title": "The Old School Way",
    "description": {
      "text": "Time to go fishing ",
      "extra": [
        {
          "text": "BdoubleO",
          "color": "dark_gray",
          "italic": true
        }
      ]
    }
  },
  "parent": "hermitcraft:bdubs/root",
  "criteria": {
    "fish_in_a_boat": {
      "trigger": "minecraft:fishing_rod_hooked",
      "conditions": {
        "player": [
          {
            "condition": "minecraft:entity_properties",
            "entity": "this",
            "predicate": {
              "vehicle": {
                "type": "minecraft:boat"
              }
            }
          }
        ]
      }
    }
  }
}