{
  "display": {
    "icon": {
      "item": "minecraft:flower_pot"
    },
    "title": "False's Flowers",
    "description": {
      "text": "Gotta plant them all! ",
      "extra": [
        {
          "text": "False",
          "color": "dark_gray",
          "italic": true
        }
      ]
    }
  },
  "parent": "hermitcraft:false/root",
  "criteria": {
    "place_dandelion": {
      "trigger": "minecraft:placed_block",
      "conditions": {
        "block": "minecraft:dandelion"
      }
    },
    "place_poppy": {
      "trigger": "minecraft:placed_block",
      "conditions": {
        "block": "minecraft:poppy"
      }
    },
    "place_orchid": {
      "trigger": "minecraft:placed_block",
      "conditions": {
        "block": "minecraft:blue_orchid"
      }
    },
    "place_allium": {
      "trigger": "minecraft:placed_block",
      "conditions": {
        "block": "minecraft:allium"
      }
    },
    "place_houstonia": {
      "trigger": "minecraft:placed_block",
      "conditions": {
        "block": "minecraft:azure_bluet"
      }
    },
    "place_red_tulip": {
      "trigger": "minecraft:placed_block",
      "conditions": {
        "block": "minecraft:red_tulip"
      }
    },
    "place_orange_tulip": {
      "trigger": "minecraft:placed_block",
      "conditions": {
        "block": "minecraft:orange_tulip"
      }
    },
    "place_white_tulip": {
      "trigger": "minecraft:placed_block",
      "conditions": {
        "block": "minecraft:white_tulip"
      }
    },
    "place_pink_tulip": {
      "trigger": "minecraft:placed_block",
      "conditions": {
        "block": "minecraft:pink_tulip"
      }
    },
    "place_oxeye_daisy": {
      "trigger": "minecraft:placed_block",
      "conditions": {
        "block": "minecraft:oxeye_daisy"
      }
    },
    "place_sunflower": {
      "trigger": "minecraft:placed_block",
      "conditions": {
        "block": "minecraft:sunflower"
      }
    },
    "place_syringa": {
      "trigger": "minecraft:placed_block",
      "conditions": {
        "block": "minecraft:lilac"
      }
    },
    "place_double_rose": {
      "trigger": "minecraft:placed_block",
      "conditions": {
        "block": "minecraft:rose_bush"
      }
    },
    "place_paeonia": {
      "trigger": "minecraft:placed_block",
      "conditions": {
        "block": "minecraft:peony"
      }
    },
    "place_lili_of_the_valley": {
      "trigger": "minecraft:placed_block",
      "conditions": {
        "block": "minecraft:lily_of_the_valley"
      }
    },
    "place_cornflower": {
      "trigger": "minecraft:placed_block",
      "conditions": {
        "block": "minecraft:cornflower"
      }
    },
    "place_wither_rose": {
      "trigger": "minecraft:placed_block",
      "conditions": {
        "block": "minecraft:wither_rose"
      }
    },
    "place_flowering_azalea": {
      "trigger": "minecraft:placed_block",
      "conditions": {
        "block": "minecraft:flowering_azalea"
      }
    },
    "place_flowering_azalea_leaves": {
      "trigger": "minecraft:placed_block",
      "conditions": {
        "block": "minecraft:flowering_azalea_leaves"
      }
    },
    "spore_blossom": {
      "trigger": "minecraft:placed_block",
      "conditions": {
        "block": "minecraft:spore_blossom"
      }
    }
  }
}
