{
  "display": {
    "icon": {
      "item": "minecraft:ghast_tear"
    },
    "title": "Jellyfish Crown",
    "description": {
      "text": "Use a minecart! ",
      "extra": [
        {
          "text": "False",
          "color": "dark_gray",
          "italic": true
        }
      ]
    },
    "frame": "goal"
  },
  "parent": "hermitcraft:false/falses_flowers",
  "criteria": {
    "capture_ghast": {
      "trigger": "minecraft:tick",
      "conditions": {
        "player": [
          {
            "condition": "minecraft:entity_properties",
            "entity": "this",
            "predicate": {
              "player": {
                "looking_at": {
                  "type": "minecraft:ghast",
                  "vehicle": {
                    "type": "minecraft:minecart"
                  }
                }
              }
            }
          }
        ]
      }
    }
  }
}