{
  "display": {
    "icon": {
      "item": "minecraft:shield"
    },
    "title": "PvP Pro!",
    "description": {
      "text": "Don't get worn out! ",
      "extra": [
        {
          "text": "False",
          "color": "dark_gray",
          "italic": true
        }
      ]
    },
    "frame": "challenge"
  },
  "parent": "hermitcraft:false/jellyfish_crown",
  "criteria": {
    "broke_shield": {
      "trigger": "minecraft:item_durability_changed",
      "conditions": {
        "durability": {
          "max": 0
        },
        "item": {
          "items": [
            "minecraft:shield"
          ]
        }
      }
    }
  }
}