{
  "display": {
    "icon": {
      "item": "minecraft:player_head",
      "nbt": "{display:{Name:\"{\\\"text\\\":\\\"\\\"}\"},SkullOwner:{Id:[I;497449722,259935368,-1448674459,-679082659],Properties:{textures:[{Value:\"eyJ0ZXh0dXJlcyI6eyJTS0lOIjp7InVybCI6Imh0dHA6Ly90ZXh0dXJlcy5taW5lY3JhZnQubmV0L3RleHR1cmUvNTE0OTJiYTg0MjA0ODk1NTMyOTZlODlkZjMyNDRkZmIzNTEwMWU3MGMzNGY5NDZhNDY3MjdlZDZkN2I3ZmJiNiJ9fX0=\"}]}}}"
    },
    "title": "False",
    "description": "False's Challenges",
    "show_toast": false,
    "announce_to_chat": false
  },
  "parent": "hermitcraft:root",
  "criteria": {
    "empty": {
      "trigger": "minecraft:location"
    }
  }
}
