{
  "display": {
    "icon": {
      "item": "minecraft:experience_bottle"
    },
    "title": "Experienced Farmer",
    "description": {
      "text": "One hundred ",
      "extra": [
        {
          "text": "Impulse",
          "color": "dark_gray",
          "italic": true
        }
      ]
    },
    "frame": "challenge"
  },
  "parent": "hermitcraft:impulse/guardian_slayer",
  "criteria": {
    "get_levels": {
      "trigger": "minecraft:tick",
      "conditions": {
        "player": [
          {
            "condition": "minecraft:entity_properties",
            "entity": "this",
            "predicate": {
              "player": {
                "level": {
                  "min": 100
                }
              }
            }
          }
        ]
      }
    }
  }
}
