{
  "display": {
    "icon": {
      "item": "minecraft:prismarine_shard"
    },
    "title": "Guardian Slayer",
    "description": {
      "text": "A farm would help ",
      "extra": [
        {
          "text": "Impulse",
          "color": "dark_gray",
          "italic": true
        }
      ]
    },
    "frame": "goal"
  },
  "parent": "hermitcraft:impulse/witch_farm",
  "criteria": {
    "kill_guardians": {
      "trigger": "minecraft:tick",
      "conditions": {
        "player": [
          {
            "condition": "minecraft:entity_properties",
            "entity": "this",
            "predicate": {
              "player": {
                "stats": [
                  {
                    "type": "minecraft:killed",
                    "stat": "minecraft:guardian",
                    "value": {
                      "min": 50
                    }
                  }
                ]
              }
            }
          }
        ]
      }
    }
  }
}