{
  "display": {
    "icon": {
      "item": "minecraft:player_head",
      "nbt": "{display:{Name:\"{\\\"text\\\":\\\"\\\"}\"},SkullOwner:{Id:[I;-1875249281,-719893359,-1862606528,1673164541],Properties:{textures:[{Value:\"eyJ0ZXh0dXJlcyI6eyJTS0lOIjp7InVybCI6Imh0dHA6Ly90ZXh0dXJlcy5taW5lY3JhZnQubmV0L3RleHR1cmUvYjVhNDcyYWM1YmFkY2Y0YjhmMTcxNGMyNmViNmMwMjhmMGMwZDUxN2VhNTdhNWI2NDkzOGE4MWRhMDFjN2U4YiJ9fX0=\"}]}}}"
    },
    "title": "Impulse",
    "description": "Impulse's Challenges",
    "show_toast": false,
    "announce_to_chat": false
  },
  "parent": "hermitcraft:root",
  "criteria": {
    "empty": {
      "trigger": "minecraft:location"
    }
  }
}
