{
  "display": {
    "icon": {
      "item": "minecraft:glass_bottle"
    },
    "title": "Build us a Witch farm",
    "description": {
      "text": "Impulse was brought here to farm witches! ",
      "extra": [
        {
          "text": "Impulse",
          "color": "dark_gray",
          "italic": true
        }
      ]
    }
  },
  "parent": "hermitcraft:impulse/root",
  "criteria": {
    "kill_witches": {
      "trigger": "minecraft:tick",
      "conditions": {
        "player": [
          {
            "condition": "minecraft:entity_properties",
            "entity": "this",
            "predicate": {
              "player": {
                "stats": [
                  {
                    "type": "minecraft:killed",
                    "stat": "minecraft:witch",
                    "value": {
                      "min": 25
                    }
                  }
                ]
              }
            }
          }
        ]
      }
    }
  }
}
