{
  "display": {
    "icon": {
      "item": "minecraft:golden_apple"
    },
    "title": "Doctor Undead",
    "description": {
      "text": "He needs to trade with them! ",
      "extra": [
        {
          "text": "Docm",
          "color": "dark_gray",
          "italic": true
        }
      ]
    }
  },
  "parent": "hermitcraft:docm/root",
  "criteria": {
    "cured_one": {
      "trigger": "minecraft:cured_zombie_villager"
    },
    "cured_two": {
      "trigger": "minecraft:cured_zombie_villager",
      "conditions": {
        "player": [
          {
            "condition": "minecraft:entity_properties",
            "entity": "this",
            "predicate": {
              "player": {
                "advancements": {
                  "hermitcraft:docm/doctor_undead": {
                    "cured_one": true
                  }
                }
              }
            }
          }
        ]
      }
    },
    "cured_three": {
      "trigger": "minecraft:cured_zombie_villager",
      "conditions": {
        "player": [
          {
            "condition": "minecraft:entity_properties",
            "entity": "this",
            "predicate": {
              "player": {
                "advancements": {
                  "hermitcraft:docm/doctor_undead": {
                    "cured_two": true
                  }
                }
              }
            }
          }
        ]
      }
    },
    "cured_four": {
      "trigger": "minecraft:cured_zombie_villager",
      "conditions": {
        "player": [
          {
            "condition": "minecraft:entity_properties",
            "entity": "this",
            "predicate": {
              "player": {
                "advancements": {
                  "hermitcraft:docm/doctor_undead": {
                    "cured_three": true
                  }
                }
              }
            }
          }
        ]
      }
    },
    "cured_five": {
      "trigger": "minecraft:cured_zombie_villager",
      "conditions": {
        "player": [
          {
            "condition": "minecraft:entity_properties",
            "entity": "this",
            "predicate": {
              "player": {
                "advancements": {
                  "hermitcraft:docm/doctor_undead": {
                    "cured_four": true
                  }
                }
              }
            }
          }
        ]
      }
    }
  }
}