{
  "display": {
    "icon": {
      "item": "minecraft:shulker_box"
    },
    "title": "Legitimate Shells",
    "description": {
      "text": "Don't dupe them! ",
      "extra": [
        {
          "text": "Docm",
          "color": "dark_gray",
          "italic": true
        }
      ]
    },
    "frame": "challenge"
  },
  "parent": "hermitcraft:docm/the_paper_trade",
  "criteria": {
    "kill_shulker": {
      "trigger": "minecraft:player_killed_entity",
      "conditions": {
        "entity": [
          {
            "condition": "minecraft:entity_properties",
            "entity": "this",
            "predicate": {
              "type": "minecraft:shulker"
            }
          }
        ]
      }
    }
  }
}
