{
  "display": {
    "icon": {
      "item": "minecraft:player_head",
      "nbt": "{display:{Name:\"{\\\"text\\\":\\\"\\\"}\"},SkullOwner:{Id:[I;-214292373,-212580167,-1477599672,713520135],Properties:{textures:[{Value:\"eyJ0ZXh0dXJlcyI6eyJTS0lOIjp7InVybCI6Imh0dHA6Ly90ZXh0dXJlcy5taW5lY3JhZnQubmV0L3RleHR1cmUvNTZmNWE5N2QxMzQwOTZlY2RhZWY3MGE4ZDNmYWMyZDRiMTI5MTczZTk0OTczNDc0MzE0M2M3ODYyOWZlMzg1NCJ9fX0=\"}]}}}"
    },
    "title": "Docm",
    "description": "Docm's Challenges",
    "show_toast": false,
    "announce_to_chat": false
  },
  "parent": "hermitcraft:root",
  "criteria": {
    "empty": {
      "trigger": "minecraft:location"
    }
  }
}
