{
  "display": {
    "icon": {
      "item": "minecraft:paper"
    },
    "title": "The Paper Trade",
    "description": {
      "text": "Stock up for trading ",
      "extra": [
        {
          "text": "Docm",
          "color": "dark_gray",
          "italic": true
        }
      ]
    },
    "frame": "goal"
  },
  "parent": "hermitcraft:docm/doctor_undead",
  "criteria": {
    "have_paper": {
      "trigger": "minecraft:inventory_changed",
      "conditions": {
        "slots": {
          "full": {
            "min": 20
          }
        },
        "items": [
          {
            "items": [
              "minecraft:paper"
            ]
          }
        ]
      }
    }
  }
}