{
  "criteria": {
    "placed_sugar_cane": {
      "trigger": "minecraft:placed_block",
      "conditions": {
        "block": "minecraft:sugar_cane"
      }
    },
    "placed_smooth_stone_slab": {
      "trigger": "minecraft:placed_block",
      "conditions": {
        "player": [
          {
            "condition": "minecraft:entity_properties",
            "entity": "this",
            "predicate": {
              "player": {
                "advancements": {
                  "hermitcraft:mumbo/remixed_trigger": {
                    "placed_sugar_cane": true
                  }
                }
              }
            }
          }
        ],
        "block": "minecraft:smooth_stone_slab"
      }
    },
    "placed_sugar_cane2": {
      "trigger": "minecraft:placed_block",
      "conditions": {
        "player": [
          {
            "condition": "minecraft:entity_properties",
            "entity": "this",
            "predicate": {
              "player": {
                "advancements": {
                  "hermitcraft:mumbo/remixed_trigger": {
                    "placed_smooth_stone_slab": true
                  }
                }
              }
            }
          }
        ],
        "block": "minecraft:sugar_cane"
      }
    },
    "placed_stone_bricks": {
      "trigger": "minecraft:placed_block",
      "conditions": {
        "player": [
          {
            "condition": "minecraft:entity_properties",
            "entity": "this",
            "predicate": {
              "player": {
                "advancements": {
                  "hermitcraft:mumbo/remixed_trigger": {
                    "placed_sugar_cane2": true
                  }
                }
              }
            }
          }
        ],
        "block": "minecraft:stone_bricks"
      }
    }
  }
}
