{
  "display": {
    "icon": {
      "item": "minecraft:player_head",
      "nbt": "{display:{Name:\"{\\\"text\\\":\\\"\\\"}\"},SkullOwner:{Id:[I;-1417737677,15287289,-1472436350,-1357859529],Properties:{textures:[{Value:\"eyJ0ZXh0dXJlcyI6eyJTS0lOIjp7InVybCI6Imh0dHA6Ly90ZXh0dXJlcy5taW5lY3JhZnQubmV0L3RleHR1cmUvMzQyNzI3NjFlYjE2MTJmZjVlZWJlYjNmZWEyYWQ3MmVlODU0MTRkNWZiNmZkYWJjN2ZkNzhkN2UxNjExZDlmIn19fQ==\"}]}}}"
    },
    "title": "Mumbo",
    "description": "Mumbo's Challenges",
    "show_toast": false,
    "announce_to_chat": false
  },
  "parent": "hermitcraft:root",
  "criteria": {
    "empty": {
      "trigger": "minecraft:location"
    }
  }
}
