{
  "display": {
    "icon": {
      "item": "minecraft:diamond_shovel"
    },
    "title": "Who's a spoon?",
    "description": {
      "text": "He's good at redstone and eating cereal! ",
      "extra": [
        {
          "text": "Mumbo",
          "color": "dark_gray",
          "italic": true
        }
      ]
    }
  },
  "parent": "hermitcraft:mumbo/root",
  "criteria": {
    "obtain_spoon": {
      "trigger": "minecraft:inventory_changed",
      "conditions": {
        "items": [
          {
            "items": [
              "minecraft:diamond_shovel"
            ],
            "nbt": "{display:{Name:'{\"text\":\"spoon\"}'}}"
          }
        ]
      }
    }
  }
}