{
  "config": {
    "feature": {
      "config": {
        "feature": {
          "config": {
            "max_water_depth": 0,
            "ignore_vines": true,
            "heightmap": "OCEAN_FLOOR",
            "minimum_size": {
              "limit": 1,
              "lower_size": 0,
              "upper_size": 1,
              "type": "minecraft:two_layers_feature_size"
            },
            "decorators": [
              {
                "probability": 0.4,
                "type": "minecraft:beehive"
              }
            ],
            "trunk_provider": {
              "state": {
                "Properties": {
                  "axis": "y"
                },
                "Name": "minecraft:oak_log"
              },
              "type": "minecraft:simple_state_provider"
            },
            "leaves_provider": {
              "entries": [
                {
                  "weight": 15,
                  "data": {
                    "Properties": {
                      "persistent": "false",
                      "distance": "1"
                    },
                    "Name": "minecraft:oak_leaves"
                  }
                },
                {
                  "weight": 1,
                  "data": {
                    "Properties": {
                      "persistent": "false",
                      "distance": "1"
                    },
                    "Name": "minecraft:jungle_leaves"
                  }
                }
              ],
              "type": "minecraft:weighted_state_provider"
            },
            "foliage_placer": {
              "radius": 2,
              "offset": 0,
              "height": 3,
              "type": "minecraft:blob_foliage_placer"
            },
            "trunk_placer": {
              "base_height": 4,
              "height_rand_a": 2,
              "height_rand_b": 0,
              "type": "minecraft:straight_trunk_placer"
            }
          },
          "type": "minecraft:tree"
        },
        "decorator": {
          "config": {
            "outer": {
              "config": {},
              "type": "minecraft:square"
            },
            "inner": {
              "config": {},
              "type": "minecraft:heightmap"
            }
          },
          "type": "minecraft:decorated"
        }
      },
      "type": "minecraft:decorated"
    },
    "decorator": {
      "config": {
        "count": 0,
        "extra_chance": 0.18,
        "extra_count": 1
      },
      "type": "minecraft:count_extra"
    }
  },
  "type": "minecraft:decorated"
}