{
  "config": {
    "feature": {
      "config": {
        "feature": {
          "config": {
            "feature": {
              "config": {
                "can_replace": false,
                "project": false,
                "need_water": false,
                "xspread": 7,
                "yspread": 5,
                "zspread": 7,
                "whitelist": [],
                "blacklist": [],
                "tries": 24,
                "state_provider": {
                  "entries": [
                    {
                      "weight": 3,
                      "data": {
                        "Name": "minecraft:azure_bluet"
                      }
                    },
                    {
                      "weight": 1,
                      "data": {
                        "Name": "minecraft:lily_of_the_valley"
                      }
                    }
                  ],
                  "type": "minecraft:weighted_state_provider"
                },
                "block_placer": {
                  "type": "minecraft:simple_block_placer"
                }
              },
              "type": "minecraft:flower"
            },
            "decorator": {
              "config": {
                "outer": {
                  "config": {},
                  "type": "minecraft:square"
                },
                "inner": {
                  "config": {},
                  "type": "minecraft:heightmap_world_surface"
                }
              },
              "type": "minecraft:decorated"
            }
          },
          "type": "minecraft:decorated"
        },
        "decorator": {
          "config": {
            "chance": 4
          },
          "type": "minecraft:chance"
        }
      },
      "type": "minecraft:decorated"
    },
    "decorator": {
      "config": {
        "count": 6
      },
      "type": "minecraft:count"
    }
  },
  "type": "minecraft:decorated"
}