{
  "config": {
    "feature": {
      "config": {
        "feature": {
          "config": {
            "feature": {
              "config": {
                "target": {
                  "block": "minecraft:gravel",
                  "predicate_type": "minecraft:block_match"
                },
                "state": {
                  "Properties": {
                    "snowy": "false"
                  },
                  "Name": "minecraft:grass_block"
                },
                "size": 40
              },
              "type": "minecraft:ore"
            },
            "decorator": {
              "config": {
                "bottom_offset": 90,
                "top_offset": 0,
                "maximum": 15
              },
              "type": "minecraft:range"
            }
          },
          "type": "minecraft:decorated"
        },
        "decorator": {
          "config": {},
          "type": "minecraft:square"
        }
      },
      "type": "minecraft:decorated"
    },
    "decorator": {
      "config": {
        "count": 4
      },
      "type": "minecraft:count"
    }
  },
  "type": "minecraft:decorated"
}