{
  "config": {
    "feature": {
      "config": {
        "max_water_depth": 0,
        "ignore_vines": true,
        "heightmap": "OCEAN_FLOOR_WG",
        "minimum_size": {
          "limit": 1,
          "lower_size": 1,
          "upper_size": 1,
          "type": "minecraft:two_layers_feature_size"
        },
        "decorators": [],
        "trunk_provider": {
          "state": {
            "Properties": {
              "axis": "y"
            },
            "Name": "minecraft:oak_log"
          },
          "type": "minecraft:simple_state_provider"
        },
        "leaves_provider": {
          "state": {
            "Properties": {
              "persistent": "false",
              "distance": "1"
            },
            "Name": "minecraft:oak_leaves"
          },
          "type": "minecraft:simple_state_provider"
        },
        "foliage_placer": {
          "radius": 2,
          "offset": 1,
          "height": 2,
          "type": "minecraft:fancy_foliage_placer"
        },
        "trunk_placer": {
          "base_height": 4,
          "height_rand_a": 0,
          "height_rand_b": 1,
          "type": "minecraft:forking_trunk_placer"
        }
      },
      "type": "minecraft:tree"
    },
    "decorator": {
      "config": {
        "count": 3
      },
      "type": "minecraft:count"
    }
  },
  "type": "minecraft:decorated"
}