{
  "config": {
    "feature": {
      "config": {
        "feature": {
          "config": {
            "features": [
              {
                "feature": {
                  "config": {
                    "state": {
                      "Name": "minecraft:gravel"
                    },
                    "radius": {
                      "base": 1,
                      "spread": 4
                    },
                    "half_height": 2,
                    "targets": [
                      {
                        "Properties": {
                          "snowy": "false"
                        },
                        "Name": "minecraft:grass_block"
                      }
                    ]
                  },
                  "type": "minecraft:disk"
                },
                "chance": 0.25
              }
            ],
            "default": {
              "config": {
                "state": {
                  "Name": "minecraft:sand"
                },
                "radius": {
                  "base": 1,
                  "spread": 4
                },
                "half_height": 2,
                "targets": [
                  {
                    "Properties": {
                      "snowy": "false"
                    },
                    "Name": "minecraft:grass_block"
                  }
                ]
              },
              "type": "minecraft:disk"
            }
          },
          "type": "minecraft:random_selector"
        },
        "decorator": {
          "config": {
            "outer": {
              "config": {},
              "type": "minecraft:square"
            },
            "inner": {
              "config": {},
              "type": "minecraft:top_solid_heightmap"
            }
          },
          "type": "minecraft:decorated"
        }
      },
      "type": "minecraft:decorated"
    },
    "decorator": {
      "config": {
        "count": 16
      },
      "type": "minecraft:count"
    }
  },
  "type": "minecraft:decorated"
}