{
  "config": {
    "feature": {
      "config": {
        "feature": {
          "config": {
            "max_water_depth": 0,
            "ignore_vines": true,
            "heightmap": "OCEAN_FLOOR",
            "minimum_size": {
              "limit": 1,
              "lower_size": 0,
              "upper_size": 1,
              "type": "minecraft:two_layers_feature_size"
            },
            "decorators": [],
            "trunk_provider": {
              "state": {
                "Properties": {
                  "axis": "y"
                },
                "Name": "minecraft:stripped_spruce_log"
              },
              "type": "minecraft:simple_state_provider"
            },
            "leaves_provider": {
              "state": {
                "Properties": {
                  "persistent": "false",
                  "distance": "1"
                },
                "Name": "minecraft:acacia_leaves"
              },
              "type": "minecraft:simple_state_provider"
            },
            "foliage_placer": {
              "radius": 3,
              "offset": {
                "base": 0,
                "spread": 2
              },
              "trunk_height": {
                "base": 2,
                "spread": 2
              },
              "type": "minecraft:spruce_foliage_placer"
            },
            "trunk_placer": {
              "base_height": 8,
              "height_rand_a": 2,
              "height_rand_b": 3,
              "type": "minecraft:straight_trunk_placer"
            }
          },
          "type": "minecraft:tree"
        },
        "decorator": {
          "config": {
            "outer": {
              "config": {},
              "type": "minecraft:square"
            },
            "inner": {
              "config": {},
              "type": "minecraft:heightmap"
            }
          },
          "type": "minecraft:decorated"
        }
      },
      "type": "minecraft:decorated"
    },
    "decorator": {
      "config": {
        "count": 1,
        "extra_chance": 0.3,
        "extra_count": 1
      },
      "type": "minecraft:count_extra"
    }
  },
  "type": "minecraft:decorated"
}