{
  "display": {
    "icon": {
      "item": "minecraft:emerald"
    },
    "title": "Master Trader",
    "description": {
      "text": "Give me more of those green stones! ",
      "extra": [
        {
          "text": "Python",
          "color": "dark_gray",
          "italic": true
        }
      ]
    },
    "frame": "goal"
  },
  "parent": "hermitcraft:python/penta_beacon",
  "criteria": {
    "trade_w_testicate": {
      "trigger": "minecraft:tick",
      "conditions": {
        "player": [
          {
            "condition": "minecraft:entity_properties",
            "entity": "this",
            "predicate": {
              "player": {
                "stats": [
                  {
                    "type": "minecraft:custom",
                    "stat": "minecraft:traded_with_villager",
                    "value": {
                      "min": 100
                    }
                  }
                ]
              }
            }
          }
        ]
      }
    }
  }
}
