{
  "display": {
    "icon": {
      "item": "minecraft:beacon"
    },
    "title": "Penta-Beacon",
    "description": {
      "text": "We need five full sized! ",
      "extra": [
        {
          "text": "Python",
          "color": "dark_gray",
          "italic": true
        }
      ]
    }
  },
  "parent": "hermitcraft:python/root",
  "criteria": {
    "beacon_one": {
      "trigger": "minecraft:construct_beacon",
      "conditions": {
        "level": {
          "min": 4
        }
      }
    },
    "beacon_two": {
      "trigger": "minecraft:construct_beacon",
      "conditions": {
        "player": [
          {
            "condition": "minecraft:entity_properties",
            "entity": "this",
            "predicate": {
              "player": {
                "advancements": {
                  "hermitcraft:python/penta_beacon": {
                    "beacon_one": true
                  }
                }
              }
            }
          }
        ],
        "level": {
          "min": 4
        }
      }
    },
    "beacon_three": {
      "trigger": "minecraft:construct_beacon",
      "conditions": {
        "player": [
          {
            "condition": "minecraft:entity_properties",
            "entity": "this",
            "predicate": {
              "player": {
                "advancements": {
                  "hermitcraft:python/penta_beacon": {
                    "beacon_two": true
                  }
                }
              }
            }
          }
        ],
        "level": {
          "min": 4
        }
      }
    },
    "beacon_four": {
      "trigger": "minecraft:construct_beacon",
      "conditions": {
        "player": [
          {
            "condition": "minecraft:entity_properties",
            "entity": "this",
            "predicate": {
              "player": {
                "advancements": {
                  "hermitcraft:python/penta_beacon": {
                    "beacon_three": true
                  }
                }
              }
            }
          }
        ],
        "level": {
          "min": 4
        }
      }
    },
    "beacon_five": {
      "trigger": "minecraft:construct_beacon",
      "conditions": {
        "player": [
          {
            "condition": "minecraft:entity_properties",
            "entity": "this",
            "predicate": {
              "player": {
                "advancements": {
                  "hermitcraft:python/penta_beacon": {
                    "beacon_four": true
                  }
                }
              }
            }
          }
        ],
        "level": {
          "min": 4
        }
      }
    }
  }
}