{
  "display": {
    "icon": {
      "item": "minecraft:player_head",
      "nbt": "{display:{Name:\"{\\\"text\\\":\\\"\\\"}\"},SkullOwner:{Id:[I;522176017,1145194106,-1688350557,-1210582063],Properties:{textures:[{Value:\"eyJ0ZXh0dXJlcyI6eyJTS0lOIjp7InVybCI6Imh0dHA6Ly90ZXh0dXJlcy5taW5lY3JhZnQubmV0L3RleHR1cmUvMzA5M2YwNzc3NThjZjVmZTkyNGYxZWM1YWY5YzZiZGJiNzgwYTVjY2I2ZjEzNmFiMWFmNDc3NDIxZTcyM2Y0ZCJ9fX0=\"}]}}}"
    },
    "title": "Python",
    "description": "Python's Challenges",
    "show_toast": false,
    "announce_to_chat": false
  },
  "parent": "hermitcraft:root",
  "criteria": {
    "empty": {
      "trigger": "minecraft:location"
    }
  }
}
