{
    "display": {
        "icon": {
            "item": "minecraft:spruce_fence"
        },
        "title": {"translate":"Ahoy!"},
        "description": {"translate":"Come across a sunken ship"},
        "announce_to_chat": false
    },
    "parent": "blazeandcave:biomes/atlantis",
    "rewards": {
        "function": "bc_rewards:biomes/ahoy"
    },		
    "criteria": {
        "shipwreck": {
            "trigger": "minecraft:location",
            "conditions": {
                "feature": "shipwreck",
                "player": [
                    {
                        "condition": "minecraft:inverted",
                        "term": {
                            "condition": "minecraft:entity_properties",
						    "entity": "this",
						    "predicate": {
						    	"player": {
						    		"gamemode": "spectator"
			    				}
                            }
						}
                    }
                ]
            }
        }
    }
}