{
    "display": {
        "icon": {
            "item": "minecraft:spruce_boat"
        },
        "title": {"translate":"Boatception"},
        "description": {"color":"#75E1FF","translate":"Get in a boat within a shipwreck"},
        "announce_to_chat": false,
		"frame": "goal"
    },
    "parent": "blazeandcave:biomes/ahoy",
    "rewards": {
		"function": "bc_rewards:biomes/boatception"
    },		
    "criteria": {
        "boatception": {
			"trigger": "minecraft:started_riding",
			"conditions": {
				"player": [
					{
						"condition": "minecraft:entity_properties",
						"predicate": {
							"vehicle": {
								"type": "minecraft:boat",
								"location": {
									"feature": "shipwreck"
								}
							}
						},
						"entity": "this"
					}
				]
			}
		}
    }
}