{
  "display": {
    "icon": {
      "item": "minecraft:elytra"
    },
    "title": "Join the 5k Club!",
    "description": {
      "text": "You're gonna need a lot of rockets! ",
      "extra": [
        {
          "text": "Scar",
          "color": "dark_gray",
          "italic": true
        }
      ]
    },
    "frame": "challenge"
  },
  "parent": "hermitcraft:scar/growing_leaves",
  "criteria": {
    "flew_5_k": {
      "trigger": "minecraft:tick",
      "conditions": {
        "player": [
          {
            "condition": "minecraft:entity_properties",
            "entity": "this",
            "predicate": {
              "player": {
                "stats": [
                  {
                    "type": "minecraft:custom",
                    "stat": "minecraft:aviate_one_cm",
                    "value": {
                      "min": 100000000
                    }
                  }
                ]
              }
            }
          }
        ]
      }
    }
  }
}
