{
  "display": {
    "icon": {
      "item": "minecraft:cod"
    },
    "title": "Finding Jelly",
    "description": {
      "text": "Get a fish, find a friend ",
      "extra": [
        {
          "text": "Scar",
          "color": "dark_gray",
          "italic": true
        }
      ]
    }
  },
  "parent": "hermitcraft:scar/root",
  "criteria": {
    "tame_cat": {
      "trigger": "minecraft:tame_animal",
      "conditions": {
        "entity": {
          "type": "minecraft:cat"
        }
      }
    }
  }
}
