{
  "display": {
    "icon": {
      "item": "minecraft:spruce_sapling"
    },
    "title": "Growing leaves",
    "description": {
      "text": "All the trees! ",
      "extra": [
        {
          "text": "Scar",
          "color": "dark_gray",
          "italic": true
        }
      ]
    },
    "frame": "goal"
  },
  "parent": "hermitcraft:scar/finding_jelly",
  "criteria": {
    "place_oak": {
      "trigger": "minecraft:placed_block",
      "conditions": {
        "block": "minecraft:oak_sapling"
      }
    },
    "place_spruce": {
      "trigger": "minecraft:placed_block",
      "conditions": {
        "block": "minecraft:spruce_sapling"
      }
    },
    "place_birch": {
      "trigger": "minecraft:placed_block",
      "conditions": {
        "block": "minecraft:birch_sapling"
      }
    },
    "place_jungle": {
      "trigger": "minecraft:placed_block",
      "conditions": {
        "block": "minecraft:jungle_sapling"
      }
    },
    "place_acacia": {
      "trigger": "minecraft:placed_block",
      "conditions": {
        "block": "minecraft:acacia_sapling"
      }
    },
    "place_dark_oak": {
      "trigger": "minecraft:placed_block",
      "conditions": {
        "block": "minecraft:dark_oak_sapling"
      }
    },
    "place_azalea": {
      "trigger": "minecraft:placed_block",
      "conditions": {
        "block": "minecraft:azalea"
      }
    },
    "place_flowering_azalea": {
      "trigger": "minecraft:placed_block",
      "conditions": {
        "block": "minecraft:flowering_azalea"
      }
    }
  }
}
