{
  "display": {
    "icon": {
      "item": "minecraft:player_head",
      "nbt": "{display:{Name:\"{\\\"text\\\":\\\"\\\"}\"},SkullOwner:{Id:[I;-586216313,-420656102,-1087154032,1451012948],Properties:{textures:[{Value:\"eyJ0ZXh0dXJlcyI6eyJTS0lOIjp7InVybCI6Imh0dHA6Ly90ZXh0dXJlcy5taW5lY3JhZnQubmV0L3RleHR1cmUvYmI3YzNhYWM3ZmM2MGY1ZTg5NWRkNmE0MWViZDhkMmE0YTRhMDczZDAyNjc4NTM2ZWViMDZiNThiYmU2NjI3YyJ9fX0=\"}]}}}"
    },
    "title": "Scar",
    "description": "Scar's Challenges",
    "show_toast": false,
    "announce_to_chat": false
  },
  "parent": "hermitcraft:root",
  "criteria": {
    "empty": {
      "trigger": "minecraft:location"
    }
  }
}
