{
    "pools":[
        {
            "rolls":1,
            "entries":[
                {
                    "type":"minecraft:loot_table",
                    "name":"ctov:village/common/generic"
                }
            ]
        },
        {
            "rolls":1,
            "entries":[
                {
                    "type":"minecraft:item",
                    "name":"minecraft:stone"
                }
            ]
        },
        {
            "rolls":1,
            "entries":[
                {
                    "type":"minecraft:item",
                    "name":"minecraft:snowball"
                }
            ]
        }
    ]
}