{
  "config": {
    "feature": {
      "config": {
        "feature": {
          "config": {
            "feature": {
              "config": {
                "features": [
                  {
                    "feature": {
                      "config": {
                        "cap_provider": {
                          "state": {
                            "Properties": {
                              "west": "true",
                              "up": "true",
                              "south": "true",
                              "north": "true",
                              "east": "true",
                              "down": "false"
                            },
                            "Name": "minecraft:brown_mushroom_block"
                          },
                          "type": "minecraft:simple_state_provider"
                        },
                        "stem_provider": {
                          "state": {
                            "Properties": {
                              "west": "true",
                              "up": "false",
                              "south": "true",
                              "north": "true",
                              "east": "true",
                              "down": "false"
                            },
                            "Name": "minecraft:mushroom_stem"
                          },
                          "type": "minecraft:simple_state_provider"
                        },
                        "foliage_radius": 2
                      },
                      "type": "minecraft:huge_brown_mushroom"
                    },
                    "chance": 0.35
                  }
                ],
                "default": {
                  "config": {
                    "cap_provider": {
                      "state": {
                        "Properties": {
                          "west": "true",
                          "up": "true",
                          "south": "true",
                          "north": "true",
                          "east": "true",
                          "down": "false"
                        },
                        "Name": "minecraft:red_mushroom_block"
                      },
                      "type": "minecraft:simple_state_provider"
                    },
                    "stem_provider": {
                      "state": {
                        "Properties": {
                          "west": "true",
                          "up": "false",
                          "south": "true",
                          "north": "true",
                          "east": "true",
                          "down": "false"
                        },
                        "Name": "minecraft:mushroom_stem"
                      },
                      "type": "minecraft:simple_state_provider"
                    },
                    "foliage_radius": 1
                  },
                  "type": "minecraft:huge_red_mushroom"
                }
              },
              "type": "minecraft:random_selector"
            },
            "decorator": {
              "config": {
                "outer": {
                  "config": {},
                  "type": "minecraft:square"
                },
                "inner": {
                  "config": {},
                  "type": "minecraft:heightmap"
                }
              },
              "type": "minecraft:decorated"
            }
          },
          "type": "minecraft:decorated"
        },
        "decorator": {
          "config": {
            "chance": 128
          },
          "type": "minecraft:chance"
        }
      },
      "type": "minecraft:decorated"
    },
    "decorator": {
      "config": {
        "noise_to_count_ratio": 24,
        "noise_factor": 120.0,
        "noise_offset": 0.5
      },
      "type": "minecraft:count_noise_biased"
    }
  },
  "type": "minecraft:decorated"
}