{
  "config": {
    "feature": {
      "config": {
        "feature": {
          "config": {
            "can_replace": false,
            "project": false,
            "need_water": false,
            "xspread": 5,
            "yspread": 5,
            "zspread": 5,
            "whitelist": [
              {
                "Properties": {
                  "snowy": "false"
                },
                "Name": "minecraft:grass_block"
              }
            ],
            "blacklist": [],
            "tries": 12,
            "state_provider": {
              "entries": [
                {
                  "weight": 3,
                  "data": {
                    "Properties": {
                      "age": "1"
                    },
                    "Name": "minecraft:sweet_berry_bush"
                  }
                },
                {
                  "weight": 1,
                  "data": {
                    "Properties": {
                      "age": "0"
                    },
                    "Name": "minecraft:sweet_berry_bush"
                  }
                }
              ],
              "type": "minecraft:weighted_state_provider"
            },
            "block_placer": {
              "type": "minecraft:simple_block_placer"
            }
          },
          "type": "minecraft:random_patch"
        },
        "decorator": {
          "config": {
            "outer": {
              "config": {},
              "type": "minecraft:square"
            },
            "inner": {
              "config": {},
              "type": "minecraft:heightmap"
            }
          },
          "type": "minecraft:decorated"
        }
      },
      "type": "minecraft:decorated"
    },
    "decorator": {
      "config": {
        "noise_to_count_ratio": 2,
        "noise_factor": 120.0,
        "noise_offset": -0.35
      },
      "type": "minecraft:count_noise_biased"
    }
  },
  "type": "minecraft:decorated"
}