{
  "config": {
    "feature": {
      "config": {
        "feature": {
          "config": {
            "feature": {
              "config": {
                "target": {
                  "tag": "mmb:grass_dirt",
                  "predicate_type": "minecraft:tag_match"
                },
                "state": {
                  "Name": "minecraft:cobblestone"
                },
                "size": 20
              },
              "type": "minecraft:ore"
            },
            "decorator": {
              "config": {
                "count": 2
              },
              "type": "minecraft:count"
            }
          },
          "type": "minecraft:decorated"
        },
        "decorator": {
          "config": {
            "outer": {
              "config": {},
              "type": "minecraft:square"
            },
            "inner": {
              "config": {},
              "type": "minecraft:heightmap"
            }
          },
          "type": "minecraft:decorated"
        }
      },
      "type": "minecraft:decorated"
    },
    "decorator": {
      "config": {
        "noise_to_count_ratio": 32,
        "noise_factor": 120.0,
        "noise_offset": -0.4
      },
      "type": "minecraft:count_noise_biased"
    }
  },
  "type": "minecraft:decorated"
}