{
  "config": {
    "feature": {
      "config": {
        "feature": {
          "config": {
            "feature": {
              "config": {
                "rock_count": 5,
                "hole_count": 0,
                "valid_blocks": [
                  "minecraft:cobblestone",
                  "minecraft:water",
                  "minecraft:air"
                ],
                "state": {
                  "Properties": {
                    "falling": "true"
                  },
                  "Name": "minecraft:water"
                },
                "requires_block_below": true
              },
              "type": "minecraft:spring_feature"
            },
            "decorator": {
              "config": {
                "bottom_offset": 60,
                "top_offset": 0,
                "maximum": 40
              },
              "type": "minecraft:range"
            }
          },
          "type": "minecraft:decorated"
        },
        "decorator": {
          "config": {},
          "type": "minecraft:square"
        }
      },
      "type": "minecraft:decorated"
    },
    "decorator": {
      "config": {
        "noise_to_count_ratio": 8192,
        "noise_factor": 120.0,
        "noise_offset": 0.5
      },
      "type": "minecraft:count_noise_biased"
    }
  },
  "type": "minecraft:decorated"
}