{
  "config": {
    "feature": {
      "config": {
        "feature": {
          "config": {
            "features": [
              {
                "feature": {
                  "config": {
                    "max_water_depth": 0,
                    "ignore_vines": true,
                    "heightmap": "OCEAN_FLOOR",
                    "minimum_size": {
                      "limit": 1,
                      "lower_size": 0,
                      "upper_size": 2,
                      "type": "minecraft:two_layers_feature_size"
                    },
                    "decorators": [],
                    "trunk_provider": {
                      "state": {
                        "Properties": {
                          "west": "true",
                          "up": "true",
                          "south": "true",
                          "north": "true",
                          "east": "true",
                          "down": "true"
                        },
                        "Name": "minecraft:mushroom_stem"
                      },
                      "type": "minecraft:simple_state_provider"
                    },
                    "leaves_provider": {
                      "state": {
                        "Properties": {
                          "west": "true",
                          "up": "true",
                          "south": "true",
                          "north": "true",
                          "east": "true",
                          "down": "false"
                        },
                        "Name": "minecraft:brown_mushroom_block"
                      },
                      "type": "minecraft:simple_state_provider"
                    },
                    "foliage_placer": {
                      "radius": 1,
                      "offset": 0,
                      "type": "minecraft:acacia_foliage_placer"
                    },
                    "trunk_placer": {
                      "base_height": 2,
                      "height_rand_a": 1,
                      "height_rand_b": 0,
                      "type": "minecraft:forking_trunk_placer"
                    }
                  },
                  "type": "minecraft:tree"
                },
                "chance": 0.5
              }
            ],
            "default": {
              "config": {
                "max_water_depth": 0,
                "ignore_vines": true,
                "heightmap": "OCEAN_FLOOR",
                "minimum_size": {
                  "limit": 1,
                  "lower_size": 0,
                  "upper_size": 2,
                  "type": "minecraft:two_layers_feature_size"
                },
                "decorators": [],
                "trunk_provider": {
                  "state": {
                    "Properties": {
                      "west": "true",
                      "up": "true",
                      "south": "true",
                      "north": "true",
                      "east": "true",
                      "down": "true"
                    },
                    "Name": "minecraft:mushroom_stem"
                  },
                  "type": "minecraft:simple_state_provider"
                },
                "leaves_provider": {
                  "state": {
                    "Properties": {
                      "west": "true",
                      "up": "true",
                      "south": "true",
                      "north": "true",
                      "east": "true",
                      "down": "false"
                    },
                    "Name": "minecraft:red_mushroom_block"
                  },
                  "type": "minecraft:simple_state_provider"
                },
                "foliage_placer": {
                  "radius": 1,
                  "offset": 0,
                  "type": "minecraft:acacia_foliage_placer"
                },
                "trunk_placer": {
                  "base_height": 2,
                  "height_rand_a": 1,
                  "height_rand_b": 0,
                  "type": "minecraft:forking_trunk_placer"
                }
              },
              "type": "minecraft:tree"
            }
          },
          "type": "minecraft:random_selector"
        },
        "decorator": {
          "config": {
            "outer": {
              "config": {},
              "type": "minecraft:square"
            },
            "inner": {
              "config": {},
              "type": "minecraft:heightmap"
            }
          },
          "type": "minecraft:decorated"
        }
      },
      "type": "minecraft:decorated"
    },
    "decorator": {
      "config": {
        "count": 4,
        "extra_chance": 0.5,
        "extra_count": 1
      },
      "type": "minecraft:count_extra"
    }
  },
  "type": "minecraft:decorated"
}