{
    "variants": {
        "age=0,facing=south": { "model": "block/cocoa/0" },
        "age=0,facing=west": { "model": "block/cocoa/0", "y": 90 },
        "age=0,facing=north": { "model": "block/cocoa/0", "y": 180 },
        "age=0,facing=east": { "model": "block/cocoa/0", "y": 270 },
        "age=1,facing=south": { "model": "block/cocoa/1" },
        "age=1,facing=west": { "model": "block/cocoa/1", "y": 90 },
        "age=1,facing=north": { "model": "block/cocoa/1", "y": 180 },
        "age=1,facing=east": { "model": "block/cocoa/1", "y": 270 },
        "age=2,facing=south": { "model": "block/cocoa/2" },
        "age=2,facing=west": { "model": "block/cocoa/2", "y": 90 },
        "age=2,facing=north": { "model": "block/cocoa/2", "y": 180 },
        "age=2,facing=east": { "model": "block/cocoa/2", "y": 270 }
    }
}
