{
    "variants": {
        "": [
            { "model": "block/stonealts/0" },
            { "model": "block/stonealts/0", "y": 180 },
            { "model": "block/stonealts/1" },
            { "model": "block/stonealts/1", "y": 180 },
            { "model": "block/stonealts/2" },
            { "model": "block/stonealts/2", "y": 180 },
            { "model": "block/stonealts/3" },
            { "model": "block/stonealts/3", "y": 180 },
            { "model": "block/stonealts/4" },
            { "model": "block/stonealts/4", "y": 180 },
            { "model": "block/stonealts/5" },
            { "model": "block/stonealts/5", "y": 180 },
            { "model": "block/stonealts/6" },
            { "model": "block/stonealts/6", "y": 180 },
            { "model": "block/stonealts/7" },
            { "model": "block/stonealts/7", "y": 180 },
            { "model": "block/stonealts/8" },
            { "model": "block/stonealts/8", "y": 180 },
            { "model": "block/stonealts/9" },
            { "model": "block/stonealts/9", "y": 180 },
            { "model": "block/stonealts/10" },
            { "model": "block/stonealts/10", "y": 180 },
            { "model": "block/stonealts/11" },
            { "model": "block/stonealts/11", "y": 180 },
            { "model": "block/stonealts/12" },
            { "model": "block/stonealts/12", "y": 180 },
            { "model": "block/stonealts/13" },
            { "model": "block/stonealts/13", "y": 180 },
            { "model": "block/stonealts/14" },
            { "model": "block/stonealts/14", "y": 180 },
            { "model": "block/stonealts/15" },
            { "model": "block/stonealts/15", "y": 180 }
        ]
    }
}
