{
  "display": {
    "icon": {
      "item": "minecraft:magma_cream"
    },
    "title": "A Noob's Death",
    "description": {
      "text": "The most noobish death, ever! ",
      "extra": [
        {
          "text": "Iskall85",
          "color": "dark_gray",
          "italic": true
        }
      ]
    },
    "frame": "goal"
  },
  "parent": "hermitcraft:iskall/iskallium",
  "criteria": {
    "die_to_magmacube": {
      "trigger": "minecraft:entity_killed_player",
      "conditions": {
        "entity": [
          {
            "condition": "minecraft:entity_properties",
            "entity": "this",
            "predicate": {
              "type": "minecraft:magma_cube"
            }
          }
        ]
      }
    }
  }
}
