{
  "display": {
    "icon": {
      "item": "minecraft:slime_block"
    },
    "title": "Iskallium",
    "description": {
      "text": "Obtain this mysterious block ",
      "extra": [
        {
          "text": "Iskall85",
          "color": "dark_gray",
          "italic": true
        }
      ]
    }
  },
  "parent": "hermitcraft:iskall/root",
  "criteria": {
    "obtain_iskallium": {
      "trigger": "minecraft:inventory_changed",
      "conditions": {
        "items": [
          {
            "items": [
              "minecraft:slime_block"
            ],
            "nbt": "{display:{Name:'{\"text\":\"Iskallium\"}'}}"
          }
        ]
      }
    }
  }
}