{
  "display": {
    "icon": {
      "item": "minecraft:player_head",
      "nbt": "{display:{Name:\"{\\\"text\\\":\\\"\\\"}\"},SkullOwner:{Id:[I;1486121387,330778989,-1918973505,-1628306448],Properties:{textures:[{Value:\"eyJ0ZXh0dXJlcyI6eyJTS0lOIjp7InVybCI6Imh0dHA6Ly90ZXh0dXJlcy5taW5lY3JhZnQubmV0L3RleHR1cmUvMjZlODA3ODY5NmJkMzEwMmU3NTgyMDE4YjMwMjg2ZDdkZmNkOGFlYmNlMjFlODMyMzU0NTZmNjdiN2E5NThiNSJ9fX0=\"}]}}}"
    },
    "title": "Iskall85",
    "description": "Iskall85's Challenges",
    "show_toast": false,
    "announce_to_chat": false
  },
  "parent": "hermitcraft:root",
  "criteria": {
    "empty": {
      "trigger": "minecraft:location"
    }
  }
}
