{
  "criteria": {
    "place_glass_underwater": {
      "trigger": "minecraft:placed_block",
      "conditions": {
        "player": [
          {
            "condition": "minecraft:entity_properties",
            "entity": "this",
            "predicate": {
              "location": {
                "block": {
                  "blocks": [
                    "minecraft:water"
                  ]
                }
              }
            }
          }
        ],
        "block": "minecraft:glass"
      }
    }
  },
  "rewards": {
    "function": "hermitcraft:jessasin/build_a_dome"
  }
}
