{
  "display": {
    "icon": {
      "item": "minecraft:sponge"
    },
    "title": "Drain it!",
    "description": {
      "text": "We can't be having all this water in here ",
      "extra": [
        {
          "text": "Jessassin",
          "color": "dark_gray",
          "italic": true
        }
      ]
    },
    "frame": "challenge"
  },
  "parent": "hermitcraft:jessassin/build_a_dome",
  "criteria": {
    "place_sponge": {
      "trigger": "minecraft:location",
      "conditions": {
        "player": [
          {
            "condition": "minecraft:entity_properties",
            "entity": "this",
            "predicate": {
              "player": {
                "stats": [
                  {
                    "type": "minecraft:used",
                    "stat": "minecraft:sponge",
                    "value": {
                      "min": 16
                    }
                  }
                ]
              }
            }
          }
        ]
      }
    }
  }
}
