{
  "display": {
    "icon": {
      "item": "minecraft:pufferfish"
    },
    "title": "Going Underwater",
    "description": {
      "text": "Hold your breath! Or sip a potion ",
      "extra": [
        {
          "text": "Jessassin",
          "color": "dark_gray",
          "italic": true
        }
      ]
    }
  },
  "parent": "hermitcraft:jessassin/root",
  "criteria": {
    "drink_potion": {
      "trigger": "minecraft:effects_changed",
      "conditions": {
        "effects": {
          "minecraft:water_breathing": {}
        }
      }
    }
  }
}
