{
  "display": {
    "icon": {
      "item": "minecraft:player_head",
      "nbt": "{display:{Name:\"{\\\"text\\\":\\\"\\\"}\"},SkullOwner:{Id:[I;-1160219645,416957368,-1865510873,-837426347],Properties:{textures:[{Value:\"eyJ0ZXh0dXJlcyI6eyJTS0lOIjp7InVybCI6Imh0dHA6Ly90ZXh0dXJlcy5taW5lY3JhZnQubmV0L3RleHR1cmUvMTM0MzdiMGY0NDRlYTQzYmJjNDc3ZWMyMTI3YzlkNjY3NDdlM2U3M2M2YTdkN2UxMjBhZmQxYTA0M2E4YWMxZCJ9fX0=\"}]}}}"
    },
    "title": "Jessassin",
    "description": "Jessassin's Challenges",
    "show_toast": false,
    "announce_to_chat": false
  },
  "parent": "hermitcraft:root",
  "criteria": {
    "empty": {
      "trigger": "minecraft:location"
    }
  }
}
