{
  "display": {
    "icon": {
      "item": "minecraft:oak_log"
    },
    "title": "A True Logfella",
    "description": {
      "text": "Join the club! ",
      "extra": [
        {
          "text": "Rendog",
          "color": "dark_gray",
          "italic": true
        }
      ]
    },
    "frame": "goal"
  },
  "parent": "hermitcraft:rendog/urenium",
  "criteria": {
    "true_logfella": {
      "trigger": "minecraft:tick",
      "conditions": {
        "player": [
          {
            "condition": "minecraft:entity_properties",
            "entity": "this",
            "predicate": {
              "player": {
                "stats": [
                  {
                    "type": "minecraft:mined",
                    "stat": "minecraft:oak_log",
                    "value": {
                      "min": 500
                    }
                  }
                ]
              }
            }
          }
        ]
      }
    }
  }
}