{
  "display": {
    "icon": {
      "item": "minecraft:diamond_axe"
    },
    "title": "Logolass",
    "description": {
      "text": "Forge the ultimate axe! ",
      "extra": [
        {
          "text": "Rendog",
          "color": "dark_gray",
          "italic": true
        }
      ]
    },
    "frame": "challenge"
  },
  "parent": "hermitcraft:rendog/a_true_logfella",
  "criteria": {
    "logolass_get": {
      "trigger": "minecraft:inventory_changed",
      "conditions": {
        "items": [
          {
            "items": [
              "minecraft:diamond_axe"
            ],
            "nbt": "{display:{Name:'{\"text\":\"Logolass\"}'}}"
          }
        ]
      }
    }
  }
}