{
  "display": {
    "icon": {
      "item": "minecraft:player_head",
      "nbt": "{display:{Name:\"{\\\"text\\\":\\\"\\\"}\"},SkullOwner:{Id:[I;-1309625934,220545796,-2137064442,591264524],Properties:{textures:[{Value:\"eyJ0ZXh0dXJlcyI6eyJTS0lOIjp7InVybCI6Imh0dHA6Ly90ZXh0dXJlcy5taW5lY3JhZnQubmV0L3RleHR1cmUvMzJlOGVjOGY5MjBlNTQ0YzRiN2FlODNlY2U1YmJhMDM4MjAzZTkxNTU3OTMyNTE2ODgyZjdmNWJhMWU5ZWNhMyJ9fX0=\"}]}}}"
    },
    "title": "Rendog",
    "description": "Rendog's Challenges",
    "show_toast": false,
    "announce_to_chat": false
  },
  "parent": "hermitcraft:root",
  "criteria": {
    "empty": {
      "trigger": "minecraft:location"
    }
  }
}
