{
  "display": {
    "icon": {
      "item": "minecraft:magma_block"
    },
    "title": "Urenium",
    "description": {
      "text": "Obtain this powerful block ",
      "extra": [
        {
          "text": "Rendog",
          "color": "dark_gray",
          "italic": true
        }
      ]
    }
  },
  "parent": "hermitcraft:rendog/root",
  "criteria": {
    "urenium_get": {
      "trigger": "minecraft:inventory_changed",
      "conditions": {
        "items": [
          {
            "items": [
              "minecraft:magma_block"
            ],
            "nbt": "{display:{Name:'{\"text\":\"Urenium\"}'}}"
          }
        ]
      }
    }
  }
}