{
  "config": {
    "feature": {
      "config": {
        "feature": {
          "config": {
            "to_place": {
              "Name": "minecraft:grass"
            },
            "place_on": [
              {
                "Name": "minecraft:coarse_dirt"
              }
            ],
            "place_in": [
              {
                "Name": "minecraft:air"
              }
            ],
            "place_under": [
              {
                "Name": "minecraft:air"
              }
            ]
          },
          "type": "minecraft:simple_block"
        },
        "decorator": {
          "config": {
            "outer": {
              "config": {},
              "type": "minecraft:square"
            },
            "inner": {
              "config": {},
              "type": "minecraft:heightmap"
            }
          },
          "type": "minecraft:decorated"
        }
      },
      "type": "minecraft:decorated"
    },
    "decorator": {
      "config": {
        "count": 24
      },
      "type": "minecraft:count"
    }
  },
  "type": "minecraft:decorated"
}