{
    "pools":[
        {
            "rolls":1,
            "entries":[
                {
                    "type":"minecraft:loot_table",
                    "name":"ctov:village/common/butcher"
                }
            ]
        },
        {
            "rolls":1,
            "entries":[
                {
                    "type":"minecraft:loot_table",
                    "name":"ctov:village/common/farm"
                }
            ]
        },
        {
            "rolls":1,
            "entries":[
                {
                    "type":"minecraft:loot_table",
                    "name":"ctov:village/mesa/generic"
                }
            ]
        }
    ]
}