{
  "display": {
    "icon": {
      "item": "minecraft:allium"
    },
    "title": "The Allium Alliance",
    "description": {
      "text": "Needs lots of flowers! ",
      "extra": [
        {
          "text": "Stress",
          "color": "dark_gray",
          "italic": true
        }
      ]
    }
  },
  "parent": "hermitcraft:stress/root",
  "criteria": {
    "have_flowers": {
      "trigger": "minecraft:tick",
      "conditions": {
        "player": [
          {
            "condition": "minecraft:entity_properties",
            "entity": "this",
            "predicate": {
              "player": {
                "stats": [
                  {
                    "type": "minecraft:picked_up",
                    "stat": "minecraft:allium",
                    "value": {
                      "min": 100
                    }
                  }
                ]
              }
            }
          }
        ]
      }
    }
  }
}
