{
  "display": {
    "icon": {
      "item": "minecraft:player_head",
      "nbt": "{display:{Name:\"{\\\"text\\\":\\\"\\\"}\"},SkullOwner:{Id:[I;1763193729,1390956336,-1165451117,476772106],Properties:{textures:[{Value:\"eyJ0ZXh0dXJlcyI6eyJTS0lOIjp7InVybCI6Imh0dHA6Ly90ZXh0dXJlcy5taW5lY3JhZnQubmV0L3RleHR1cmUvMmIyMzM2ZTQwNGRiMTFhNjkwYzM5NWJiY2ZkZWY5YWM2MmFiNGExYWNkNDFmYTRlNTAyNGE2ZWYxZTIzMTk3NSJ9fX0=\"}]}}}"
    },
    "title": "Stressmonster",
    "description": "Stressmonster's Challenges",
    "show_toast": false,
    "announce_to_chat": false
  },
  "parent": "hermitcraft:root",
  "criteria": {
    "empty": {
      "trigger": "minecraft:location"
    }
  }
}