{
  "display": {
    "icon": {
      "item": "minecraft:jack_o_lantern"
    },
    "title": "Spooky Swamp",
    "description": {
      "text": "It's haunted ",
      "extra": [
        {
          "text": "Stress",
          "color": "dark_gray",
          "italic": true
        }
      ]
    },
    "frame": "goal"
  },
  "parent": "hermitcraft:stress/allium_alliance",
  "criteria": {
    "place_jack_in_swamp": {
      "trigger": "minecraft:placed_block",
      "conditions": {
        "block": "minecraft:jack_o_lantern",
        "location": {
          "biome": "minecraft:swamp"
        }
      }
    }
  }
}
