{
  "display": {
    "icon": {
      "item": "minecraft:magenta_wool"
    },
    "title": "Victoria The Sheep",
    "description": {
      "text": "Grab a nametag ",
      "extra": [
        {
          "text": "Stress",
          "color": "dark_gray",
          "italic": true
        }
      ]
    },
    "frame": "challenge"
  },
  "parent": "hermitcraft:stress/spooky_swamp",
  "criteria": {
    "name_sheep": {
      "trigger": "minecraft:player_interacted_with_entity",
      "conditions": {
        "item": {
          "items": [
            "minecraft:name_tag"
          ],
          "nbt": "{display:{Name:'{\"text\":\"Victoria\"}'}}"
        },
        "entity": [
          {
            "condition": "minecraft:entity_properties",
            "entity": "this",
            "predicate": {
              "type": "minecraft:sheep"
            }
          }
        ]
      }
    }
  }
}