{
  "config": {
    "feature": {
      "config": {
        "feature": {
          "config": {
            "count": 1
          },
          "type": "minecraft:sea_pickle"
        },
        "decorator": {
          "config": {
            "outer": {
              "config": {},
              "type": "minecraft:square"
            },
            "inner": {
              "config": {},
              "type": "minecraft:top_solid_heightmap"
            }
          },
          "type": "minecraft:decorated"
        }
      },
      "type": "minecraft:decorated"
    },
    "decorator": {
      "config": {
        "count": 0,
        "extra_chance": 0.75,
        "extra_count": 4
      },
      "type": "minecraft:count_extra"
    }
  },
  "type": "minecraft:decorated"
}