{
  "config": {
    "feature": {
      "config": {
        "feature": {
          "config": {
            "max_water_depth": 2147483647,
            "ignore_vines": true,
            "heightmap": "OCEAN_FLOOR_WG",
            "minimum_size": {
              "limit": 2,
              "lower_size": 0,
              "upper_size": 2,
              "type": "minecraft:two_layers_feature_size"
            },
            "decorators": [],
            "trunk_provider": {
              "entries": [
                {
                  "weight": 4,
                  "data": {
                    "Name": "minecraft:smooth_sandstone"
                  }
                },
                {
                  "weight": 1,
                  "data": {
                    "Name": "minecraft:sandstone"
                  }
                }
              ],
              "type": "minecraft:weighted_state_provider"
            },
            "leaves_provider": {
              "entries": [
                {
                  "weight": 4,
                  "data": {
                    "Name": "minecraft:smooth_sandstone"
                  }
                },
                {
                  "weight": 1,
                  "data": {
                    "Name": "minecraft:sandstone"
                  }
                }
              ],
              "type": "minecraft:weighted_state_provider"
            },
            "foliage_placer": {
              "radius": 2,
              "offset": 0,
              "height": 4,
              "type": "minecraft:fancy_foliage_placer"
            },
            "trunk_placer": {
              "base_height": 2,
              "height_rand_a": 0,
              "height_rand_b": 0,
              "type": "minecraft:giant_trunk_placer"
            }
          },
          "type": "minecraft:tree"
        },
        "decorator": {
          "config": {
            "outer": {
              "config": {},
              "type": "minecraft:iceberg"
            },
            "inner": {
              "config": {},
              "type": "minecraft:top_solid_heightmap"
            }
          },
          "type": "minecraft:decorated"
        }
      },
      "type": "minecraft:decorated"
    },
    "decorator": {
      "config": {
        "chance": 7
      },
      "type": "minecraft:chance"
    }
  },
  "type": "minecraft:decorated"
}