{
  "config": {
    "feature": {
      "config": {
        "feature": {
          "config": {
            "feature": {
              "config": {
                "feature": {
                  "config": {
                    "can_replace": true,
                    "project": false,
                    "need_water": false,
                    "xspread": 0,
                    "yspread": 5,
                    "zspread": 0,
                    "whitelist": [
                      {
                        "Name": "minecraft:dirt"
                      },
                      {
                        "Name": "minecraft:sand"
                      },
                      {
                        "Name": "minecraft:sandstone"
                      },
                      {
                        "Name": "minecraft:smooth_sandstone"
                      }
                    ],
                    "blacklist": [],
                    "tries": 4,
                    "state_provider": {
                      "entries": [
                        {
                          "weight": 2,
                          "data": {
                            "Properties": {
                              "pickles": "1",
                              "waterlogged": "true"
                            },
                            "Name": "minecraft:sea_pickle"
                          }
                        },
                        {
                          "weight": 2,
                          "data": {
                            "Properties": {
                              "pickles": "2",
                              "waterlogged": "true"
                            },
                            "Name": "minecraft:sea_pickle"
                          }
                        },
                        {
                          "weight": 3,
                          "data": {
                            "Properties": {
                              "pickles": "3",
                              "waterlogged": "true"
                            },
                            "Name": "minecraft:sea_pickle"
                          }
                        },
                        {
                          "weight": 3,
                          "data": {
                            "Properties": {
                              "pickles": "4",
                              "waterlogged": "true"
                            },
                            "Name": "minecraft:sea_pickle"
                          }
                        }
                      ],
                      "type": "minecraft:weighted_state_provider"
                    },
                    "block_placer": {
                      "type": "minecraft:simple_block_placer"
                    }
                  },
                  "type": "minecraft:random_patch"
                },
                "decorator": {
                  "config": {
                    "noise_to_count_ratio": 1,
                    "noise_factor": 60.0,
                    "noise_offset": 0.25
                  },
                  "type": "minecraft:count_noise_biased"
                }
              },
              "type": "minecraft:decorated"
            },
            "decorator": {
              "config": {
                "noise_to_count_ratio": -1,
                "noise_factor": 60.0,
                "noise_offset": -0.25
              },
              "type": "minecraft:count_noise_biased"
            }
          },
          "type": "minecraft:decorated"
        },
        "decorator": {
          "config": {
            "outer": {
              "config": {},
              "type": "minecraft:square"
            },
            "inner": {
              "config": {},
              "type": "minecraft:top_solid_heightmap"
            }
          },
          "type": "minecraft:decorated"
        }
      },
      "type": "minecraft:decorated"
    },
    "decorator": {
      "config": {
        "count": 8
      },
      "type": "minecraft:count"
    }
  },
  "type": "minecraft:decorated"
}