{
  "config": {
    "feature": {
      "config": {
        "feature": {
          "config": {
            "hat_state": {
              "Name": "minecraft:brain_coral_block"
            },
            "decor_state": {
              "Name": "minecraft:sea_lantern"
            },
            "planted": false,
            "valid_base_block": {
              "Name": "minecraft:dirt"
            },
            "stem_state": {
              "Properties": {
                "axis": "y"
              },
              "Name": "minecraft:stripped_oak_log"
            }
          },
          "type": "minecraft:huge_fungus"
        },
        "decorator": {
          "config": {
            "outer": {
              "config": {},
              "type": "minecraft:square"
            },
            "inner": {
              "config": {
                "bottom_offset": 39,
                "top_offset": 0,
                "maximum": 1
              },
              "type": "minecraft:range"
            }
          },
          "type": "minecraft:decorated"
        }
      },
      "type": "minecraft:decorated"
    },
    "decorator": {
      "config": {
        "count": 0,
        "extra_chance": 0.25,
        "extra_count": 1
      },
      "type": "minecraft:count_extra"
    }
  },
  "type": "minecraft:decorated"
}