{
    "pools": [
        {
            "rolls": 1,
            "entries":[
                {
                    "type": "minecraft:loot_table",
                    "name": "ctov:village/christmas/generic"
                }
            ]
        },
        {
            "rolls": 1,
            "entries":[
                {
                    "type": "minecraft:loot_table",
                    "name": "ctov:village/common/farm"
                }
            ]
        }
                
    ]
}