{
  "config": {
    "feature": {
      "config": {
        "feature": {
          "config": {
            "feature": {
              "config": {
                "features": [
                  {
                    "feature": {
                      "config": {
                        "can_replace": true,
                        "project": false,
                        "need_water": false,
                        "xspread": 1,
                        "yspread": 16,
                        "zspread": 0,
                        "whitelist": [
                          {
                            "Name": "minecraft:gravel"
                          },
                          {
                            "Properties": {
                              "axis": "y"
                            },
                            "Name": "minecraft:dark_oak_log"
                          },
                          {
                            "Properties": {
                              "axis": "y"
                            },
                            "Name": "minecraft:dark_oak_wood"
                          }
                        ],
                        "blacklist": [],
                        "tries": 75,
                        "state_provider": {
                          "state": {
                            "Properties": {
                              "axis": "y"
                            },
                            "Name": "minecraft:dark_oak_log"
                          },
                          "type": "minecraft:simple_state_provider"
                        },
                        "block_placer": {
                          "min_size": 5,
                          "extra_size": 5,
                          "type": "minecraft:column_placer"
                        }
                      },
                      "type": "minecraft:random_patch"
                    },
                    "chance": 0.2
                  },
                  {
                    "feature": {
                      "config": {
                        "can_replace": true,
                        "project": false,
                        "need_water": false,
                        "xspread": 0,
                        "yspread": 16,
                        "zspread": 1,
                        "whitelist": [
                          {
                            "Name": "minecraft:gravel"
                          },
                          {
                            "Properties": {
                              "axis": "y"
                            },
                            "Name": "minecraft:dark_oak_log"
                          },
                          {
                            "Properties": {
                              "axis": "y"
                            },
                            "Name": "minecraft:dark_oak_wood"
                          }
                        ],
                        "blacklist": [],
                        "tries": 75,
                        "state_provider": {
                          "state": {
                            "Properties": {
                              "axis": "y"
                            },
                            "Name": "minecraft:dark_oak_log"
                          },
                          "type": "minecraft:simple_state_provider"
                        },
                        "block_placer": {
                          "min_size": 3,
                          "extra_size": 3,
                          "type": "minecraft:column_placer"
                        }
                      },
                      "type": "minecraft:random_patch"
                    },
                    "chance": 0.25
                  },
                  {
                    "feature": {
                      "config": {
                        "can_replace": true,
                        "project": false,
                        "need_water": false,
                        "xspread": 1,
                        "yspread": 12,
                        "zspread": 1,
                        "whitelist": [
                          {
                            "Name": "minecraft:gravel"
                          },
                          {
                            "Properties": {
                              "axis": "y"
                            },
                            "Name": "minecraft:dark_oak_log"
                          },
                          {
                            "Properties": {
                              "axis": "y"
                            },
                            "Name": "minecraft:dark_oak_wood"
                          }
                        ],
                        "blacklist": [],
                        "tries": 200,
                        "state_provider": {
                          "state": {
                            "Properties": {
                              "axis": "y"
                            },
                            "Name": "minecraft:dark_oak_log"
                          },
                          "type": "minecraft:simple_state_provider"
                        },
                        "block_placer": {
                          "min_size": 3,
                          "extra_size": 3,
                          "type": "minecraft:column_placer"
                        }
                      },
                      "type": "minecraft:random_patch"
                    },
                    "chance": 0.33
                  },
                  {
                    "feature": {
                      "config": {
                        "can_replace": true,
                        "project": false,
                        "need_water": false,
                        "xspread": 1,
                        "yspread": 2,
                        "zspread": 2,
                        "whitelist": [
                          {
                            "Name": "minecraft:gravel"
                          },
                          {
                            "Properties": {
                              "axis": "y"
                            },
                            "Name": "minecraft:dark_oak_log"
                          },
                          {
                            "Properties": {
                              "axis": "y"
                            },
                            "Name": "minecraft:dark_oak_wood"
                          }
                        ],
                        "blacklist": [],
                        "tries": 75,
                        "state_provider": {
                          "state": {
                            "Properties": {
                              "axis": "y"
                            },
                            "Name": "minecraft:dark_oak_wood"
                          },
                          "type": "minecraft:simple_state_provider"
                        },
                        "block_placer": {
                          "min_size": 1,
                          "extra_size": 2,
                          "type": "minecraft:column_placer"
                        }
                      },
                      "type": "minecraft:random_patch"
                    },
                    "chance": 0.25
                  },
                  {
                    "feature": {
                      "config": {
                        "can_replace": true,
                        "project": false,
                        "need_water": false,
                        "xspread": 2,
                        "yspread": 2,
                        "zspread": 1,
                        "whitelist": [
                          {
                            "Name": "minecraft:gravel"
                          },
                          {
                            "Properties": {
                              "axis": "y"
                            },
                            "Name": "minecraft:dark_oak_log"
                          },
                          {
                            "Properties": {
                              "axis": "y"
                            },
                            "Name": "minecraft:dark_oak_wood"
                          }
                        ],
                        "blacklist": [],
                        "tries": 75,
                        "state_provider": {
                          "state": {
                            "Properties": {
                              "axis": "y"
                            },
                            "Name": "minecraft:dark_oak_wood"
                          },
                          "type": "minecraft:simple_state_provider"
                        },
                        "block_placer": {
                          "min_size": 1,
                          "extra_size": 2,
                          "type": "minecraft:column_placer"
                        }
                      },
                      "type": "minecraft:random_patch"
                    },
                    "chance": 0.33
                  }
                ],
                "default": {
                  "config": {
                    "max_water_depth": 0,
                    "ignore_vines": true,
                    "heightmap": "WORLD_SURFACE_WG",
                    "minimum_size": {
                      "limit": 0,
                      "lower_size": 0,
                      "upper_size": 0,
                      "min_clipped_height": 0,
                      "type": "minecraft:two_layers_feature_size"
                    },
                    "decorators": [
                      {
                        "provider": {
                          "state": {
                            "Name": "minecraft:gravel"
                          },
                          "type": "minecraft:simple_state_provider"
                        },
                        "type": "minecraft:alter_ground"
                      },
                      {
                        "type": "minecraft:leave_vine"
                      }
                    ],
                    "trunk_provider": {
                      "state": {
                        "Properties": {
                          "axis": "y"
                        },
                        "Name": "minecraft:dark_oak_log"
                      },
                      "type": "minecraft:simple_state_provider"
                    },
                    "leaves_provider": {
                      "entries": [
                        {
                          "weight": 63,
                          "data": {
                            "Properties": {
                              "persistent": "false",
                              "distance": "1"
                            },
                            "Name": "minecraft:dark_oak_leaves"
                          }
                        },
                        {
                          "weight": 1,
                          "data": {
                            "Name": "minecraft:shroomlight"
                          }
                        }
                      ],
                      "type": "minecraft:weighted_state_provider"
                    },
                    "foliage_placer": {
                      "radius": 3,
                      "offset": 1,
                      "type": "minecraft:acacia_foliage_placer"
                    },
                    "trunk_placer": {
                      "base_height": 24,
                      "height_rand_a": 0,
                      "height_rand_b": 4,
                      "type": "minecraft:fancy_trunk_placer"
                    }
                  },
                  "type": "minecraft:tree"
                }
              },
              "type": "minecraft:random_selector"
            },
            "decorator": {
              "config": {
                "count": 48
              },
              "type": "minecraft:count"
            }
          },
          "type": "minecraft:decorated"
        },
        "decorator": {
          "config": {
            "outer": {
              "config": {},
              "type": "minecraft:square"
            },
            "inner": {
              "config": {},
              "type": "minecraft:heightmap_world_surface"
            }
          },
          "type": "minecraft:decorated"
        }
      },
      "type": "minecraft:decorated"
    },
    "decorator": {
      "config": {
        "chance": 14
      },
      "type": "minecraft:chance"
    }
  },
  "type": "minecraft:decorated"
}