{
  "config": {
    "feature": {
      "config": {
        "feature": {
          "config": {
            "feature": {
              "config": {
                "can_replace": true,
                "project": false,
                "need_water": false,
                "xspread": 0,
                "yspread": 5,
                "zspread": 0,
                "whitelist": [],
                "blacklist": [
                  {
                    "Name": "minecraft:air"
                  }
                ],
                "tries": 100,
                "state_provider": {
                  "state": {
                    "Name": "minecraft:stone"
                  },
                  "type": "minecraft:simple_state_provider"
                },
                "block_placer": {
                  "type": "minecraft:simple_block_placer"
                }
              },
              "type": "minecraft:random_patch"
            },
            "decorator": {
              "config": {
                "noise_to_count_ratio": 1,
                "noise_factor": 60.0,
                "noise_offset": -0.7
              },
              "type": "minecraft:count_noise_biased"
            }
          },
          "type": "minecraft:decorated"
        },
        "decorator": {
          "config": {
            "outer": {
              "config": {},
              "type": "minecraft:square"
            },
            "inner": {
              "config": {},
              "type": "minecraft:heightmap_world_surface"
            }
          },
          "type": "minecraft:decorated"
        }
      },
      "type": "minecraft:decorated"
    },
    "decorator": {
      "config": {
        "outer": {
          "config": {
            "count": 128
          },
          "type": "minecraft:count"
        },
        "inner": {
          "config": {
            "count": 20
          },
          "type": "minecraft:count"
        }
      },
      "type": "minecraft:decorated"
    }
  },
  "type": "minecraft:decorated"
}