{
	"pools": [
		{
			"rolls": 1,
			"entries": [
				{
					"type": "minecraft:item",
					"name": "minecraft:map",
					"functions": [
						{
							"function": "minecraft:exploration_map",
							"destination": "ctov:pillager_outpost_desert",
							"decoration": "target_x"
						}
					]
				},
				{
					"type": "minecraft:item",
					"name": "minecraft:map",
					"functions": [
						{
							"function": "minecraft:exploration_map",
							"destination": "ctov:pillager_outpost_plains",
							"decoration": "target_x"
						}
					]
				},
				{
					"type": "minecraft:item",
					"name": "minecraft:map",
					"functions": [
						{
							"function": "minecraft:exploration_map",
							"destination": "ctov:pillager_outpost_savanna",
							"decoration": "target_x"
						}
					]
				},
				{
					"type": "minecraft:item",
					"name": "minecraft:map",
					"functions": [
						{
							"function": "minecraft:exploration_map",
							"destination": "ctov:pillager_outpost_snowy",
							"decoration": "target_x"
						}
					]
				},
				{
					"type": "minecraft:item",
					"name": "minecraft:map",
					"functions": [
						{
							"function": "minecraft:exploration_map",
							"destination": "ctov:pillager_outpost_taiga",
							"decoration": "target_x"
						}
					]
				},
				{
					"type": "minecraft:item",
					"name": "minecraft:map",
					"functions": [
						{
							"function": "minecraft:exploration_map",
							"destination": "ctov:pillager_outpost_beach",
							"decoration": "target_x"
						}
					]
				},
				{
					"type": "minecraft:item",
					"name": "minecraft:map",
					"functions": [
						{
							"function": "minecraft:exploration_map",
							"destination": "ctov:pillager_outpost_dark_forest",
							"decoration": "target_x"
						}
					]
				},
				{
					"type": "minecraft:item",
					"name": "minecraft:map",
					"functions": [
						{
							"function": "minecraft:exploration_map",
							"destination": "ctov:pillager_outpost_jungle",
							"decoration": "target_x"
						}
					]
				},
				{
					"type": "minecraft:item",
					"name": "minecraft:map",
					"functions": [
						{
							"function": "minecraft:exploration_map",
							"destination": "ctov:pillager_outpost_mesa",
							"decoration": "target_x"
						}
					]
				},
				{
					"type": "minecraft:item",
					"name": "minecraft:map",
					"functions": [
						{
							"function": "minecraft:exploration_map",
							"destination": "ctov:pillager_outpost_mountain",
							"decoration": "target_x"
						}
					]
				},
				{
					"type": "minecraft:item",
					"name": "minecraft:map",
					"functions": [
						{
							"function": "minecraft:exploration_map",
							"destination": "ctov:pillager_outpost_swamp",
							"decoration": "target_x"
						}
					]
				},
				{
					"type": "minecraft:item",
					"name": "minecraft:map",
					"functions": [
						{
							"function": "minecraft:exploration_map",
							"destination": "minecraft:pillager_outpost",
							"decoration": "target_x"
						}
					]
				}
			]
		}
	]
}