{
  "config": {
    "features": [
      {
        "feature": {
          "config": {
            "feature": {
              "config": {
                "feature": {
                  "config": {
                    "max_water_depth": 0,
                    "ignore_vines": false,
                    "heightmap": "OCEAN_FLOOR_WG",
                    "minimum_size": {
                      "limit": 0,
                      "lower_size": 0,
                      "upper_size": 1,
                      "type": "minecraft:two_layers_feature_size"
                    },
                    "decorators": [],
                    "trunk_provider": {
                      "state": {
                        "Properties": {
                          "axis": "y"
                        },
                        "Name": "minecraft:dark_oak_log"
                      },
                      "type": "minecraft:simple_state_provider"
                    },
                    "leaves_provider": {
                      "state": {
                        "Properties": {
                          "persistent": "false",
                          "distance": "7"
                        },
                        "Name": "minecraft:dark_oak_leaves"
                      },
                      "type": "minecraft:simple_state_provider"
                    },
                    "foliage_placer": {
                      "radius": 3,
                      "offset": 2,
                      "height": 2,
                      "type": "minecraft:blob_foliage_placer"
                    },
                    "trunk_placer": {
                      "base_height": 13,
                      "height_rand_a": 2,
                      "height_rand_b": 2,
                      "type": "minecraft:fancy_trunk_placer"
                    }
                  },
                  "type": "minecraft:tree"
                },
                "decorator": {
                  "config": {
                    "count": 5
                  },
                  "type": "minecraft:count"
                }
              },
              "type": "minecraft:decorated"
            },
            "decorator": {
              "config": {
                "outer": {
                  "config": {},
                  "type": "minecraft:iceberg"
                },
                "inner": {
                  "config": {},
                  "type": "minecraft:heightmap"
                }
              },
              "type": "minecraft:decorated"
            }
          },
          "type": "minecraft:decorated"
        },
        "chance": 0.2
      },
      {
        "feature": {
          "config": {
            "feature": {
              "config": {
                "feature": {
                  "config": {
                    "features": [
                      {
                        "config": {
                          "feature": {
                            "config": {
                              "max_water_depth": 0,
                              "ignore_vines": false,
                              "heightmap": "OCEAN_FLOOR_WG",
                              "minimum_size": {
                                "limit": 0,
                                "lower_size": 0,
                                "upper_size": 0,
                                "type": "minecraft:two_layers_feature_size"
                              },
                              "decorators": [],
                              "trunk_provider": {
                                "state": {
                                  "Properties": {
                                    "axis": "y"
                                  },
                                  "Name": "minecraft:dark_oak_log"
                                },
                                "type": "minecraft:simple_state_provider"
                              },
                              "leaves_provider": {
                                "state": {
                                  "Properties": {
                                    "axis": "y"
                                  },
                                  "Name": "minecraft:dark_oak_log"
                                },
                                "type": "minecraft:simple_state_provider"
                              },
                              "foliage_placer": {
                                "radius": 1,
                                "offset": 0,
                                "height": 3,
                                "type": "minecraft:blob_foliage_placer"
                              },
                              "trunk_placer": {
                                "base_height": 1,
                                "height_rand_a": 15,
                                "height_rand_b": 0,
                                "type": "minecraft:straight_trunk_placer"
                              }
                            },
                            "type": "minecraft:tree"
                          },
                          "decorator": {
                            "config": {
                              "count": 32
                            },
                            "type": "minecraft:count"
                          }
                        },
                        "type": "minecraft:decorated"
                      },
                      {
                        "config": {
                          "max_water_depth": 0,
                          "ignore_vines": false,
                          "heightmap": "OCEAN_FLOOR_WG",
                          "minimum_size": {
                            "limit": 0,
                            "lower_size": 0,
                            "upper_size": 0,
                            "type": "minecraft:two_layers_feature_size"
                          },
                          "decorators": [],
                          "trunk_provider": {
                            "state": {
                              "Properties": {
                                "axis": "y"
                              },
                              "Name": "minecraft:dark_oak_log"
                            },
                            "type": "minecraft:simple_state_provider"
                          },
                          "leaves_provider": {
                            "state": {
                              "Properties": {
                                "persistent": "false",
                                "distance": "7"
                              },
                              "Name": "minecraft:dark_oak_leaves"
                            },
                            "type": "minecraft:simple_state_provider"
                          },
                          "foliage_placer": {
                            "radius": 3,
                            "offset": 2,
                            "height": 2,
                            "type": "minecraft:fancy_foliage_placer"
                          },
                          "trunk_placer": {
                            "base_height": 17,
                            "height_rand_a": 4,
                            "height_rand_b": 0,
                            "type": "minecraft:fancy_trunk_placer"
                          }
                        },
                        "type": "minecraft:tree"
                      }
                    ]
                  },
                  "type": "minecraft:simple_random_selector"
                },
                "decorator": {
                  "config": {
                    "count": 20
                  },
                  "type": "minecraft:count"
                }
              },
              "type": "minecraft:decorated"
            },
            "decorator": {
              "config": {
                "outer": {
                  "config": {},
                  "type": "minecraft:square"
                },
                "inner": {
                  "config": {},
                  "type": "minecraft:heightmap"
                }
              },
              "type": "minecraft:decorated"
            }
          },
          "type": "minecraft:decorated"
        },
        "chance": 0.0125
      }
    ],
    "default": {
      "config": {
        "feature": {
          "config": {
            "feature": {
              "config": {
                "max_water_depth": 0,
                "ignore_vines": false,
                "heightmap": "OCEAN_FLOOR",
                "minimum_size": {
                  "limit": 1,
                  "lower_size": 1,
                  "upper_size": 2,
                  "type": "minecraft:two_layers_feature_size"
                },
                "decorators": [],
                "trunk_provider": {
                  "state": {
                    "Properties": {
                      "axis": "y"
                    },
                    "Name": "minecraft:dark_oak_log"
                  },
                  "type": "minecraft:simple_state_provider"
                },
                "leaves_provider": {
                  "state": {
                    "Properties": {
                      "persistent": "false",
                      "distance": "7"
                    },
                    "Name": "minecraft:dark_oak_leaves"
                  },
                  "type": "minecraft:simple_state_provider"
                },
                "foliage_placer": {
                  "radius": 3,
                  "offset": 2,
                  "height": 3,
                  "type": "minecraft:fancy_foliage_placer"
                },
                "trunk_placer": {
                  "base_height": 10,
                  "height_rand_a": 1,
                  "height_rand_b": 1,
                  "type": "minecraft:fancy_trunk_placer"
                }
              },
              "type": "minecraft:tree"
            },
            "decorator": {
              "config": {
                "outer": {
                  "config": {},
                  "type": "minecraft:square"
                },
                "inner": {
                  "config": {},
                  "type": "minecraft:heightmap"
                }
              },
              "type": "minecraft:decorated"
            }
          },
          "type": "minecraft:decorated"
        },
        "decorator": {
          "config": {
            "count": 2,
            "extra_chance": 0.5,
            "extra_count": 1
          },
          "type": "minecraft:count_extra"
        }
      },
      "type": "minecraft:decorated"
    }
  },
  "type": "minecraft:random_selector"
}