{
    "pools": [
        {
            "rolls": 1,
            "entries":[
                {
                    "type":"minecraft:item",
                    "name":"minecraft:beef",
                    "functions": [
                        {
                            "function":"set_count",
                            "count": {
                                "min": 1,
                                "max": 3
                            }
                        }
                    ]
                },
                {
                    "type": "minecraft:item",
                    "name": "minecraft:cooked_beef",
                    "functions": [
                        {
                            "function":"set_count",
                            "count": {
                                "min": 1,
                                "max": 3
                            }
                        }
                    ]
                }
            ]
        },
        {
            "rolls": 1,
            "entries":[
                {
                    "type":"minecraft:item",
                    "name":"minecraft:chicken",
                    "functions": [
                        {
                            "function":"set_count",
                            "count": {
                                "min": 1,
                                "max": 3
                            }
                        }
                    ]
                },
                {
                    "type": "minecraft:item",
                    "name": "minecraft:cooked_chicken",
                    "functions": [
                        {
                            "function":"set_count",
                            "count": {
                                "min": 1,
                                "max": 3
                            }
                        }
                    ]
                }
            ]
        },
        {
            "rolls": 1,
            "entries":[
                {
                    "type":"minecraft:item",
                    "name":"minecraft:porkchop",
                    "functions": [
                        {
                            "function":"set_count",
                            "count": {
                                "min": 1,
                                "max": 3
                            }
                        }
                    ]
                },
                {
                    "type": "minecraft:item",
                    "name": "minecraft:cooked_porkchop",
                    "functions": [
                        {
                            "function":"set_count",
                            "count": {
                                "min": 1,
                                "max": 3
                            }
                        }
                    ]
                }
            ]
        },
        {
            "rolls": 1,
            "entries":[
                {
                    "type":"minecraft:item",
                    "name":"minecraft:mutton",
                    "functions": [
                        {
                            "function":"set_count",
                            "count": {
                                "min": 1,
                                "max": 3
                            }
                        }
                    ]
                },
                {
                    "type": "minecraft:item",
                    "name": "minecraft:cooked_mutton",
                    "functions": [
                        {
                            "function":"set_count",
                            "count": {
                                "min": 1,
                                "max": 3
                            }
                        }
                    ]
                }
            ]
        },
        {
            "rolls": 1,
            "entries":[
                {
                    "type":"minecraft:item",
                    "name":"minecraft:rabbit",
                    "functions": [
                        {
                            "function":"set_count",
                            "count": {
                                "min": 1,
                                "max": 3
                            }
                        }
                    ]
                },
                {
                    "type": "minecraft:item",
                    "name": "minecraft:cooked_rabbit",
                    "functions": [
                        {
                            "function":"set_count",
                            "count": {
                                "min": 1,
                                "max": 3
                            }
                        }
                    ]
                }
            ]
        }
    ]
}