{
    "pools":[
        {
            "rolls":4,
            "entries":[
                {
                    "type":"minecraft:tag",
                    "name":"minecraft:wool",
                    "expand": true,
                    "functions": [
                        {
                            "function": "minecraft:set_count",
                            "count": {
                                "min": 1,
                                "max": 3
                            }
                        }
                    ]
                }
            ]
        },
        {
            "rolls":4,
            "entries":[
                {
                    "type":"minecraft:tag",
                    "name":"ctov:dyes",
                    "expand": true,
                    "functions": [
                        {
                            "function": "minecraft:set_count",
                            "count": {
                                "min": 1,
                                "max": 3
                            }
                        }
                    ]
                }
            ]
        },
        {
            "rolls":1,
            "entries":[
                {
                    "type":"minecraft:item",
                    "name":"minecraft:shears"
                }
            ]
        }
    ]
}