{
  "name": "kaisyn:village/coast/streets/avenue",
  "fallback": "kaisyn:village/coast/terminators/avenue",
  "elements": [
    {
      "weight": 1,
      "element": {
        "element_type": "minecraft:legacy_single_pool_element",
        "projection": "terrain_matching",
        "location": "kaisyn:village/coast/streets/avenue/avenue_01",
        "processors": "minecraft:empty"
      }
    },
    {
      "weight": 1,
      "element": {
        "element_type": "minecraft:legacy_single_pool_element",
        "projection": "terrain_matching",
        "location": "kaisyn:village/coast/streets/avenue/avenue_02",
        "processors": "minecraft:empty"
      }
    }
  ]
}
