{
  "structures": [
    {
      "structure": "gatkong:village_badlands",
      "weight": 1
    },
    {
      "structure": "gatkong:village_forest",
      "weight": 1
    },
    {
      "structure": "gatkong:village_frozen",
      "weight": 1
    },
    {
      "structure": "gatkong:village_jungle",
      "weight": 1
    },
    {
      "structure": "gatkong:village_mountains",
      "weight": 1
    },
    {
      "structure": "gatkong:village_ocean",
      "weight": 1
    },
    {
      "structure": "gatkong:village_swamp",
      "weight": 1
    }
  ],
  "placement": {
    "salt": 10387312,
    "spacing": 34,
    "separation": 8,
    "type": "minecraft:random_spread"
  }
}