{
  "display": {
    "icon": {
      "item": "minecraft:emerald_block"
    },
    "title": "Make it green!",
    "description": {
      "text": "Place 10 emerald blocks ",
      "extra": [
        {
          "text": "Hypno",
          "color": "dark_gray",
          "italic": true
        }
      ]
    },
    "frame": "challenge"
  },
  "parent": "hermitcraft:hypno/build_a_temple",
  "criteria": {
    "have_saplings": {
      "trigger": "minecraft:tick",
      "conditions": {
        "player": [
          {
            "condition": "minecraft:entity_properties",
            "entity": "this",
            "predicate": {
              "player": {
                "stats": [
                  {
                    "type": "minecraft:used",
                    "stat": "minecraft:emerald_block",
                    "value": {
                      "min": 10
                    }
                  }
                ]
              }
            }
          }
        ]
      }
    }
  }
}