{
  "display": {
    "icon": {
      "item": "minecraft:player_head",
      "nbt": "{display:{Name:\"{\\\"text\\\":\\\"\\\"}\"},SkullOwner:{Id:[I;872420418,-577025874,-1746908758,-165470989],Properties:{textures:[{Value:\"eyJ0ZXh0dXJlcyI6eyJTS0lOIjp7InVybCI6Imh0dHA6Ly90ZXh0dXJlcy5taW5lY3JhZnQubmV0L3RleHR1cmUvZWJhZDE1M2NjNGEzNWY0NzE1Y2UzZjY5YTAxZmRlZTA1MWE1YzFhN2UwMTZkZmRkZTRmZmZmNWZiMTQzNzgxIn19fQ==\"}]}}}"
    },
    "title": "Hypno",
    "description": "Hypno's Challenges",
    "show_toast": false,
    "announce_to_chat": false
  },
  "parent": "hermitcraft:root",
  "criteria": {
    "empty": {
      "trigger": "minecraft:location"
    }
  }
}
