{
  "display": {
    "icon": {
      "item": "minecraft:jungle_sapling"
    },
    "title": "To The Jungle!",
    "description": {
      "text": "Clear a space for the temple! ",
      "extra": [
        {
          "text": "Hypno",
          "color": "dark_gray",
          "italic": true
        }
      ]
    }
  },
  "parent": "hermitcraft:hypno/root",
  "criteria": {
    "have_saplings": {
      "trigger": "minecraft:inventory_changed",
      "conditions": {
        "items": [
          {
            "items": [
              "minecraft:jungle_sapling"
            ],
            "count": {
              "min": 30
            }
          }
        ]
      }
    }
  }
}