{
  "display": {
    "icon": {
      "item": "minecraft:cooked_chicken"
    },
    "title": "Cluck Cluck",
    "description": {
      "text": "Only chicken will do ",
      "extra": [
        {
          "text": "TinFoilChef",
          "color": "dark_gray",
          "italic": true
        }
      ]
    },
    "frame": "challenge"
  },
  "parent": "hermitcraft:tfc/lord_of_the_grind",
  "criteria": {
    "eat_chicken": {
      "trigger": "minecraft:tick",
      "conditions": {
        "player": [
          {
            "condition": "minecraft:entity_properties",
            "entity": "this",
            "predicate": {
              "player": {
                "stats": [
                  {
                    "type": "minecraft:used",
                    "stat": "minecraft:cooked_chicken",
                    "value": {
                      "min": 64
                    }
                  }
                ]
              }
            }
          }
        ]
      }
    }
  }
}