{
  "display": {
    "icon": {
      "item": "minecraft:diamond_ore"
    },
    "title": "Lord Of The Grind",
    "description": {
      "text": "Branch for diamonds ",
      "extra": [
        {
          "text": "TinFoilChef",
          "color": "dark_gray",
          "italic": true
        }
      ]
    },
    "frame": "goal"
  },
  "parent": "hermitcraft:tfc/mining_king",
  "criteria": {
    "mine_diamonds": {
      "trigger": "minecraft:tick",
      "conditions": {
        "player": [
          {
            "condition": "minecraft:entity_properties",
            "entity": "this",
            "predicate": {
              "player": {
                "stats": [
                  {
                    "type": "minecraft:mined",
                    "stat": "minecraft:diamond_ore",
                    "value": {
                      "min": 500
                    }
                  }
                ]
              }
            }
          }
        ]
      }
    }
  }
}