{
  "display": {
    "icon": {
      "item": "minecraft:obsidian"
    },
    "title": "The Mining King",
    "description": {
      "text": "No one mines like TFC ",
      "extra": [
        {
          "text": "TinFoilChef",
          "color": "dark_gray",
          "italic": true
        }
      ]
    }
  },
  "parent": "hermitcraft:tfc/root",
  "criteria": {
    "mine_obsidian": {
      "trigger": "minecraft:tick",
      "conditions": {
        "player": [
          {
            "condition": "minecraft:entity_properties",
            "entity": "this",
            "predicate": {
              "player": {
                "stats": [
                  {
                    "type": "minecraft:mined",
                    "stat": "minecraft:obsidian",
                    "value": {
                      "min": 500
                    }
                  }
                ]
              }
            }
          }
        ]
      }
    }
  }
}
