{
  "display": {
    "icon": {
      "item": "minecraft:player_head",
      "nbt": "{display:{Name:\"{\\\"text\\\":\\\"\\\"}\"},SkullOwner:{Id:[I;917984732,-787722591,-1877332192,-427301333],Properties:{textures:[{Value:\"eyJ0ZXh0dXJlcyI6eyJTS0lOIjp7InVybCI6Imh0dHA6Ly90ZXh0dXJlcy5taW5lY3JhZnQubmV0L3RleHR1cmUvZDg0MGRhNDgwMTkzOTc3ZjQ5YzZmOWU2YTRiNzNjZTlkOWY1MTRhYTgzNGQ3ZDA0ZjhiZTJmNzAwYTMzZjA3YSJ9fX0=\"}]}}}"
    },
    "title": "TinFoilChef",
    "description": "TinFoilChef's Challenges",
    "show_toast": false,
    "announce_to_chat": false
  },
  "parent": "hermitcraft:root",
  "criteria": {
    "empty": {
      "trigger": "minecraft:location"
    }
  }
}
