{
    "display": {
        "icon": {
            "item": "minecraft:oak_fence"
        },
        "title": {"translate":"Leader of the Animals"},
        "description": {"translate":"Attach a lead to every mob that can be leashed"},
		"frame": "challenge"
    },
    "parent": "blazeandcave:animal/you_lead_ill_follow",
	"rewards": {
		"experience": 50,
		"function": "bc_rewards:animal/leader_of_the_animals"
    },		
    "criteria": {
		"bee": {
			"trigger": "minecraft:player_interacted_with_entity",
			"conditions": {
				"item": {
					"item": "minecraft:lead"
				},
				"entity": [
					{
						"condition": "minecraft:entity_properties",
						"entity": "this",
						"predicate": {
							"type": "minecraft:bee"
						}
					}
				]
			}
		},
		"cat": {
			"trigger": "minecraft:player_interacted_with_entity",
			"conditions": {
				"item": {
					"item": "minecraft:lead"
				},
				"entity": [
					{
						"condition": "minecraft:entity_properties",
						"entity": "this",
						"predicate": {
							"type": "minecraft:cat"
						}
					}
				]
			}
		},
		"chicken": {
			"trigger": "minecraft:player_interacted_with_entity",
			"conditions": {
				"item": {
					"item": "minecraft:lead"
				},
				"entity": [
					{
						"condition": "minecraft:entity_properties",
						"entity": "this",
						"predicate": {
							"type": "minecraft:chicken"
						}
					}
				]
			}
		},
		"cow": {
			"trigger": "minecraft:player_interacted_with_entity",
			"conditions": {
				"item": {
					"item": "minecraft:lead"
				},
				"entity": [
					{
						"condition": "minecraft:entity_properties",
						"entity": "this",
						"predicate": {
							"type": "minecraft:cow"
						}
					}
				]
			}
		},
		"dolphin": {
			"trigger": "minecraft:player_interacted_with_entity",
			"conditions": {
				"item": {
					"item": "minecraft:lead"
				},
				"entity": [
					{
						"condition": "minecraft:entity_properties",
						"entity": "this",
						"predicate": {
							"type": "minecraft:dolphin"
						}
					}
				]
			}
		},
		"donkey": {
			"trigger": "minecraft:player_interacted_with_entity",
			"conditions": {
				"item": {
					"item": "minecraft:lead"
				},
				"entity": [
					{
						"condition": "minecraft:entity_properties",
						"entity": "this",
						"predicate": {
							"type": "minecraft:donkey"
						}
					}
				]
			}
		},
		"fox": {
			"trigger": "minecraft:player_interacted_with_entity",
			"conditions": {
				"item": {
					"item": "minecraft:lead"
				},
				"entity": [
					{
						"condition": "minecraft:entity_properties",
						"entity": "this",
						"predicate": {
							"type": "minecraft:fox"
						}
					}
				]
			}
		},
		"hoglin": {
			"trigger": "minecraft:player_interacted_with_entity",
			"conditions": {
				"item": {
					"item": "minecraft:lead"
				},
				"entity": [
					{
						"condition": "minecraft:entity_properties",
						"entity": "this",
						"predicate": {
							"type": "minecraft:hoglin"
						}
					}
				]
			}
		},
		"horse": {
			"trigger": "minecraft:player_interacted_with_entity",
			"conditions": {
				"item": {
					"item": "minecraft:lead"
				},
				"entity": [
					{
						"condition": "minecraft:entity_properties",
						"entity": "this",
						"predicate": {
							"type": "minecraft:horse"
						}
					}
				]
			}
		},
		"skeleton_horse": {
			"trigger": "minecraft:player_interacted_with_entity",
			"conditions": {
				"item": {
					"item": "minecraft:lead"
				},
				"entity": [
					{
						"condition": "minecraft:entity_properties",
						"entity": "this",
						"predicate": {
							"type": "minecraft:skeleton_horse"
						}
					}
				]
			}
		},
		"iron_golem": {
			"trigger": "minecraft:player_interacted_with_entity",
			"conditions": {
				"item": {
					"item": "minecraft:lead"
				},
				"entity": [
					{
						"condition": "minecraft:entity_properties",
						"entity": "this",
						"predicate": {
							"type": "minecraft:iron_golem"
						}
					}
				]
			}
		},
		"llama": {
			"trigger": "minecraft:player_interacted_with_entity",
			"conditions": {
				"item": {
					"item": "minecraft:lead"
				},
				"entity": [
					{
						"condition": "minecraft:entity_properties",
						"entity": "this",
						"predicate": {
							"type": "minecraft:llama"
						}
					}
				]
			}
		},
		"trader_llama": {
			"trigger": "minecraft:player_interacted_with_entity",
			"conditions": {
				"item": {
					"item": "minecraft:lead"
				},
				"entity": [
					{
						"condition": "minecraft:entity_properties",
						"entity": "this",
						"predicate": {
							"type": "minecraft:trader_llama"
						}
					}
				]
			}
		},
		"mooshroom": {
			"trigger": "minecraft:player_interacted_with_entity",
			"conditions": {
				"item": {
					"item": "minecraft:lead"
				},
				"entity": [
					{
						"condition": "minecraft:entity_properties",
						"entity": "this",
						"predicate": {
							"type": "minecraft:mooshroom"
						}
					}
				]
			}
		},
		"mule": {
			"trigger": "minecraft:player_interacted_with_entity",
			"conditions": {
				"item": {
					"item": "minecraft:lead"
				},
				"entity": [
					{
						"condition": "minecraft:entity_properties",
						"entity": "this",
						"predicate": {
							"type": "minecraft:mule"
						}
					}
				]
			}
		},
		"ocelot": {
			"trigger": "minecraft:player_interacted_with_entity",
			"conditions": {
				"item": {
					"item": "minecraft:lead"
				},
				"entity": [
					{
						"condition": "minecraft:entity_properties",
						"entity": "this",
						"predicate": {
							"type": "minecraft:ocelot"
						}
					}
				]
			}
		},
		"parrot": {
			"trigger": "minecraft:player_interacted_with_entity",
			"conditions": {
				"item": {
					"item": "minecraft:lead"
				},
				"entity": [
					{
						"condition": "minecraft:entity_properties",
						"entity": "this",
						"predicate": {
							"type": "minecraft:parrot"
						}
					}
				]
			}
		},
		"pig": {
			"trigger": "minecraft:player_interacted_with_entity",
			"conditions": {
				"item": {
					"item": "minecraft:lead"
				},
				"entity": [
					{
						"condition": "minecraft:entity_properties",
						"entity": "this",
						"predicate": {
							"type": "minecraft:pig"
						}
					}
				]
			}
		},
		"polar_bear": {
			"trigger": "minecraft:player_interacted_with_entity",
			"conditions": {
				"item": {
					"item": "minecraft:lead"
				},
				"entity": [
					{
						"condition": "minecraft:entity_properties",
						"entity": "this",
						"predicate": {
							"type": "minecraft:polar_bear"
						}
					}
				]
			}
		},
		"rabbit": {
			"trigger": "minecraft:player_interacted_with_entity",
			"conditions": {
				"item": {
					"item": "minecraft:lead"
				},
				"entity": [
					{
						"condition": "minecraft:entity_properties",
						"entity": "this",
						"predicate": {
							"type": "minecraft:rabbit"
						}
					}
				]
			}
		},
		"sheep": {
			"trigger": "minecraft:player_interacted_with_entity",
			"conditions": {
				"item": {
					"item": "minecraft:lead"
				},
				"entity": [
					{
						"condition": "minecraft:entity_properties",
						"entity": "this",
						"predicate": {
							"type": "minecraft:sheep"
						}
					}
				]
			}
		},
		"snow_golem": {
			"trigger": "minecraft:player_interacted_with_entity",
			"conditions": {
				"item": {
					"item": "minecraft:lead"
				},
				"entity": [
					{
						"condition": "minecraft:entity_properties",
						"entity": "this",
						"predicate": {
							"type": "minecraft:snow_golem"
						}
					}
				]
			}
		},
		"strider": {
			"trigger": "minecraft:player_interacted_with_entity",
			"conditions": {
				"item": {
					"item": "minecraft:lead"
				},
				"entity": [
					{
						"condition": "minecraft:entity_properties",
						"entity": "this",
						"predicate": {
							"type": "minecraft:strider"
						}
					}
				]
			}
		},
		"wolf": {
			"trigger": "minecraft:player_interacted_with_entity",
			"conditions": {
				"item": {
					"item": "minecraft:lead"
				},
				"entity": [
					{
						"condition": "minecraft:entity_properties",
						"entity": "this",
						"predicate": {
							"type": "minecraft:wolf"
						}
					}
				]
			}
		},
		"zoglin": {
			"trigger": "minecraft:player_interacted_with_entity",
			"conditions": {
				"item": {
					"item": "minecraft:lead"
				},
				"entity": [
					{
						"condition": "minecraft:entity_properties",
						"entity": "this",
						"predicate": {
							"type": "minecraft:zoglin"
						}
					}
				]
			}
		}
    }
}