{
  "display": {
    "icon": {
      "item": "minecraft:stone"
    },
    "title": "Dwarven Mine",
    "description": {
      "text": "Go big, go underground! ",
      "extra": [
        {
          "text": "Welsknight",
          "color": "dark_gray",
          "italic": true
        }
      ]
    }
  },
  "parent": "hermitcraft:wels/root",
  "criteria": {
    "mine_stone": {
      "trigger": "minecraft:tick",
      "conditions": {
        "player": [
          {
            "condition": "minecraft:entity_properties",
            "entity": "this",
            "predicate": {
              "player": {
                "stats": [
                  {
                    "type": "minecraft:mined",
                    "stat": "minecraft:stone",
                    "value": {
                      "min": 10000
                    }
                  }
                ]
              }
            }
          }
        ]
      }
    }
  }
}
