{
  "display": {
    "icon": {
      "item": "minecraft:ender_pearl"
    },
    "title": "Ender Ender",
    "description": {
      "text": "Slay all the endermen ",
      "extra": [
        {
          "text": "Welsknight",
          "color": "dark_gray",
          "italic": true
        }
      ]
    },
    "frame": "goal"
  },
  "parent": "hermitcraft:wels/dwarven_mine",
  "criteria": {
    "kill_endermen": {
      "trigger": "minecraft:tick",
      "conditions": {
        "player": [
          {
            "condition": "minecraft:entity_properties",
            "entity": "this",
            "predicate": {
              "player": {
                "stats": [
                  {
                    "type": "minecraft:killed",
                    "stat": "minecraft:enderman",
                    "value": {
                      "min": 1000
                    }
                  }
                ]
              }
            }
          }
        ]
      }
    }
  }
}
