{
  "display": {
    "icon": {
      "item": "minecraft:player_head",
      "nbt": "{display:{Name:\"{\\\"text\\\":\\\"\\\"}\"},SkullOwner:{Id:[I;-733428284,-535542370,-1608928981,-1630377116],Properties:{textures:[{Value:\"eyJ0ZXh0dXJlcyI6eyJTS0lOIjp7InVybCI6Imh0dHA6Ly90ZXh0dXJlcy5taW5lY3JhZnQubmV0L3RleHR1cmUvMWRmMmYxNDI2ZmE0N2Y3MjEwMzdmNjE2MDBlODg5N2VkYWQ2MTFmMWRkYmZkMGUyMjI5ZmNiNzJkNjYyYzUzMyJ9fX0=\"}]}}}"
    },
    "title": "Welsknight",
    "description": "Welsknight's Challenges",
    "show_toast": false,
    "announce_to_chat": false
  },
  "parent": "hermitcraft:root",
  "criteria": {
    "empty": {
      "trigger": "minecraft:location"
    }
  }
}
