{
  "display": {
    "icon": {
      "item": "minecraft:diamond_horse_armor"
    },
    "title": "White Knight",
    "description": {
      "text": "Embrace the iron and ride the horse! ",
      "extra": [
        {
          "text": "Welsknight",
          "color": "dark_gray",
          "italic": true
        }
      ]
    },
    "frame": "challenge"
  },
  "parent": "hermitcraft:wels/ender_ender",
  "criteria": {
    "be_a_white_knight": {
      "trigger": "minecraft:tick",
      "conditions": {
        "player": [
          {
            "condition": "minecraft:entity_properties",
            "entity": "this",
            "predicate": {
              "equipment": {
                "head": {
                  "items": [
                    "minecraft:iron_helmet"
                  ]
                },
                "chest": {
                  "items": [
                    "minecraft:iron_chestplate"
                  ]
                },
                "legs": {
                  "items": [
                    "minecraft:iron_leggings"
                  ]
                },
                "feet": {
                  "items": [
                    "minecraft:iron_boots"
                  ]
                }
              },
              "vehicle": {
                "type": "minecraft:horse",
                "nbt": "{Variant:0}"
              }
            }
          }
        ]
      }
    },
    "be_a_white_knight2": {
      "trigger": "minecraft:tick",
      "conditions": {
        "player": [
          {
            "condition": "minecraft:entity_properties",
            "entity": "this",
            "predicate": {
              "equipment": {
                "head": {
                  "items": [
                    "minecraft:iron_helmet"
                  ]
                },
                "chest": {
                  "items": [
                    "minecraft:iron_chestplate"
                  ]
                },
                "legs": {
                  "items": [
                    "minecraft:iron_leggings"
                  ]
                },
                "feet": {
                  "items": [
                    "minecraft:iron_boots"
                  ]
                }
              },
              "vehicle": {
                "type": "minecraft:horse",
                "nbt": "{Variant:256}"
              }
            }
          }
        ]
      }
    }
  },
  "requirements": [
    [
      "be_a_white_knight2",
      "be_a_white_knight"
    ]
  ]
}