{
  "name": "gatkong:village/frozen/decor",
  "fallback": "minecraft:empty",
  "elements": [
    {
      "weight": 4,
      "element": {
        "location": "gatkong:village/frozen/frozen_lamp_post_01",
        "processors": "minecraft:empty",
        "projection": "rigid",
        "element_type": "minecraft:legacy_single_pool_element"
      }
    },
    {
      "weight": 4,
      "element": {
        "location": "gatkong:village/frozen/frozen_lamp_post_02",
        "processors": "minecraft:empty",
        "projection": "rigid",
        "element_type": "minecraft:legacy_single_pool_element"
      }
    },
    {
      "weight": 1,
      "element": {
        "location": "gatkong:village/frozen/frozen_lamp_post_03",
        "processors": "minecraft:empty",
        "projection": "rigid",
        "element_type": "minecraft:legacy_single_pool_element"
      }
    },
    {
      "weight": 4,
      "element": {
        "feature": "minecraft:spruce",
        "projection": "rigid",
        "element_type": "minecraft:feature_pool_element"
      }
    },
    {
      "weight": 4,
      "element": {
        "feature": "minecraft:pile_snow",
        "projection": "rigid",
        "element_type": "minecraft:feature_pool_element"
      }
    },
    {
      "weight": 1,
      "element": {
        "feature": "minecraft:pile_ice",
        "projection": "rigid",
        "element_type": "minecraft:feature_pool_element"
      }
    },
    {
      "weight": 9,
      "element": {
        "element_type": "minecraft:empty_pool_element"
      }
    }
  ]
}