{
  "display": {
    "icon": {
      "item": "minecraft:redstone_torch"
    },
    "title": "Redstone Pro",
    "description": {
      "text": "All the redstone ",
      "extra": [
        {
          "text": "Etho",
          "color": "dark_gray",
          "italic": true
        }
      ]
    },
    "frame": "challenge"
  },
  "parent": "hermitcraft:etho/dragon_slayer",
  "criteria": {
    "redstone": {
      "trigger": "minecraft:inventory_changed",
      "conditions": {
        "items": [
          {
            "items": [
              "minecraft:redstone"
            ]
          }
        ]
      }
    },
    "redstone_torch": {
      "trigger": "minecraft:inventory_changed",
      "conditions": {
        "items": [
          {
            "items": [
              "minecraft:redstone_torch"
            ]
          }
        ]
      }
    },
    "redstone_block": {
      "trigger": "minecraft:inventory_changed",
      "conditions": {
        "items": [
          {
            "items": [
              "minecraft:redstone_block"
            ]
          }
        ]
      }
    },
    "repeater": {
      "trigger": "minecraft:inventory_changed",
      "conditions": {
        "items": [
          {
            "items": [
              "minecraft:repeater"
            ]
          }
        ]
      }
    },
    "comparator": {
      "trigger": "minecraft:inventory_changed",
      "conditions": {
        "items": [
          {
            "items": [
              "minecraft:comparator"
            ]
          }
        ]
      }
    },
    "piston": {
      "trigger": "minecraft:inventory_changed",
      "conditions": {
        "items": [
          {
            "items": [
              "minecraft:piston"
            ]
          }
        ]
      }
    },
    "sticky_piston": {
      "trigger": "minecraft:inventory_changed",
      "conditions": {
        "items": [
          {
            "items": [
              "minecraft:sticky_piston"
            ]
          }
        ]
      }
    },
    "observer": {
      "trigger": "minecraft:inventory_changed",
      "conditions": {
        "items": [
          {
            "items": [
              "minecraft:observer"
            ]
          }
        ]
      }
    },
    "hopper": {
      "trigger": "minecraft:inventory_changed",
      "conditions": {
        "items": [
          {
            "items": [
              "minecraft:hopper"
            ]
          }
        ]
      }
    },
    "have_dispenser": {
      "trigger": "minecraft:inventory_changed",
      "conditions": {
        "items": [
          {
            "items": [
              "minecraft:dispenser"
            ]
          }
        ]
      }
    },
    "dropper": {
      "trigger": "minecraft:inventory_changed",
      "conditions": {
        "items": [
          {
            "items": [
              "minecraft:dropper"
            ]
          }
        ]
      }
    },
    "target": {
      "trigger": "minecraft:inventory_changed",
      "conditions": {
        "items": [
          {
            "items": [
              "minecraft:target"
            ]
          }
        ]
      }
    },
    "lever": {
      "trigger": "minecraft:inventory_changed",
      "conditions": {
        "items": [
          {
            "items": [
              "minecraft:lever"
            ]
          }
        ]
      }
    },
    "lightning_rod": {
      "trigger": "minecraft:inventory_changed",
      "conditions": {
        "items": [
          {
            "items": [
              "minecraft:lightning_rod"
            ]
          }
        ]
      }
    },
    "daylight_detector": {
      "trigger": "minecraft:inventory_changed",
      "conditions": {
        "items": [
          {
            "items": [
              "minecraft:daylight_detector"
            ]
          }
        ]
      }
    },
    "tripwire_hook": {
      "trigger": "minecraft:inventory_changed",
      "conditions": {
        "items": [
          {
            "items": [
              "minecraft:tripwire_hook"
            ]
          }
        ]
      }
    },
    "trapped_chest": {
      "trigger": "minecraft:inventory_changed",
      "conditions": {
        "items": [
          {
            "items": [
              "minecraft:trapped_chest"
            ]
          }
        ]
      }
    },
    "tnt": {
      "trigger": "minecraft:inventory_changed",
      "conditions": {
        "items": [
          {
            "items": [
              "minecraft:tnt"
            ]
          }
        ]
      }
    },
    "redstone_lamp": {
      "trigger": "minecraft:inventory_changed",
      "conditions": {
        "items": [
          {
            "items": [
              "minecraft:redstone_lamp"
            ]
          }
        ]
      }
    },
    "note_block": {
      "trigger": "minecraft:inventory_changed",
      "conditions": {
        "items": [
          {
            "items": [
              "minecraft:note_block"
            ]
          }
        ]
      }
    },
    "stone_pressure_plate": {
      "trigger": "minecraft:inventory_changed",
      "conditions": {
        "items": [
          {
            "items": [
              "minecraft:stone_pressure_plate"
            ]
          }
        ]
      }
    },
    "polished_blackstone_pressure_plate": {
      "trigger": "minecraft:inventory_changed",
      "conditions": {
        "items": [
          {
            "items": [
              "minecraft:polished_blackstone_pressure_plate"
            ]
          }
        ]
      }
    },
    "polished_blackstone_button": {
      "trigger": "minecraft:inventory_changed",
      "conditions": {
        "items": [
          {
            "items": [
              "minecraft:polished_blackstone_button"
            ]
          }
        ]
      }
    },
    "stone_button": {
      "trigger": "minecraft:inventory_changed",
      "conditions": {
        "items": [
          {
            "items": [
              "minecraft:stone_button"
            ]
          }
        ]
      }
    },
    "wooden_button": {
      "trigger": "minecraft:inventory_changed",
      "conditions": {
        "items": [
          {
            "tag": "minecraft:wooden_buttons"
          }
        ]
      }
    },
    "wooden_pressure_plate": {
      "trigger": "minecraft:inventory_changed",
      "conditions": {
        "items": [
          {
            "tag": "minecraft:wooden_pressure_plates"
          }
        ]
      }
    }
  }
}