{
  "display": {
    "icon": {
      "item": "minecraft:player_head",
      "nbt": "{display:{Name:\"{\\\"text\\\":\\\"\\\"}\"},SkullOwner:{Id:[I;-1974516363,148917655,-2136898526,-147485499],Properties:{textures:[{Value:\"eyJ0ZXh0dXJlcyI6eyJTS0lOIjp7InVybCI6Imh0dHA6Ly90ZXh0dXJlcy5taW5lY3JhZnQubmV0L3RleHR1cmUvZmY3NzQ3ZWEzNDA5ODliOThhODIyMjk0OGFmNDU0NTRiZWU5MDliOWFkODMwYjJhMDFkY2Y5MTE3YzgzYTMzYSJ9fX0=\"}]}}}"
    },
    "title": "Etho",
    "description": "Etho's Challenges",
    "show_toast": false,
    "announce_to_chat": false
  },
  "parent": "hermitcraft:root",
  "criteria": {
    "empty": {
      "trigger": "minecraft:location"
    }
  }
}
