{
    "pools":[
        {
            "rolls":1,
            "entries":[
                {
                    "type": "minecraft:loot_table",
                    "name": "ctov:village/common/generic"
                }
            ]
        },
        {
            "rolls":1,
            "entries":[
                {
                    "type":"minecraft:item",
                    "name":"minecraft:cocoa_beans",
                    "functions": [
                        {
                            "function":"set_count",
                            "count": {
                                "min": 1,
                                "max": 3
                            }
                        }
                    ]
                }
            ]
        },
        {
            "rolls":2,
            "entries":[
                {
                    "type":"minecraft:item",
                    "name":"minecraft:jungle_log",
                    "functions": [
                        {
                            "function":"set_count",
                            "count": {
                                "min": 1,
                                "max": 3
                            }
                        }
                    ]
                },
                {
                    "type":"minecraft:item",
                    "name":"minecraft:jungle_sapling",
                    "functions": [
                        {
                            "function":"set_count",
                            "count": {
                                "min": 1,
                                "max": 3
                            }
                        }
                    ]
                }
            ]
        }
    ]
}