{
  "display": {
    "icon": {
      "item": "minecraft:emerald_ore"
    },
    "title": "King of Emeralds",
    "description": {
      "text": "Get to the hills! ",
      "extra": [
        {
          "text": "iJevin",
          "color": "dark_gray",
          "italic": true
        }
      ]
    },
    "frame": "challenge"
  },
  "parent": "hermitcraft:ijevin/pink_death",
  "criteria": {
    "mine_emeralds": {
      "trigger": "minecraft:tick",
      "conditions": {
        "player": [
          {
            "condition": "minecraft:entity_properties",
            "entity": "this",
            "predicate": {
              "player": {
                "stats": [
                  {
                    "type": "minecraft:mined",
                    "stat": "minecraft:emerald_ore",
                    "value": {
                      "min": 47
                    }
                  }
                ]
              }
            }
          }
        ]
      }
    }
  }
}
