{
  "display": {
    "icon": {
      "item": "minecraft:pink_wool"
    },
    "title": "Pink Death",
    "description": {
      "text": "Collect wool until you die! ",
      "extra": [
        {
          "text": "iJevin",
          "color": "dark_gray",
          "italic": true
        }
      ]
    },
    "frame": "goal"
  },
  "parent": "hermitcraft:ijevin/you_are_what_you_kill",
  "criteria": {
    "obtain_1000_white_wool": {
      "trigger": "minecraft:tick",
      "conditions": {
        "player": [
          {
            "condition": "minecraft:entity_properties",
            "entity": "this",
            "predicate": {
              "player": {
                "stats": [
                  {
                    "type": "minecraft:picked_up",
                    "stat": "minecraft:white_wool",
                    "value": {
                      "min": 1000
                    }
                  }
                ]
              }
            }
          }
        ]
      }
    },
    "obtain_1000_light_blue_wool": {
      "trigger": "minecraft:tick",
      "conditions": {
        "player": [
          {
            "condition": "minecraft:entity_properties",
            "entity": "this",
            "predicate": {
              "player": {
                "stats": [
                  {
                    "type": "minecraft:picked_up",
                    "stat": "minecraft:light_blue_wool",
                    "value": {
                      "min": 1000
                    }
                  }
                ]
              }
            }
          }
        ]
      }
    },
    "obtain_1000_magenta_wool": {
      "trigger": "minecraft:tick",
      "conditions": {
        "player": [
          {
            "condition": "minecraft:entity_properties",
            "entity": "this",
            "predicate": {
              "player": {
                "stats": [
                  {
                    "type": "minecraft:picked_up",
                    "stat": "minecraft:magenta_wool",
                    "value": {
                      "min": 1000
                    }
                  }
                ]
              }
            }
          }
        ]
      }
    },
    "obtain_1000_yellow_wool": {
      "trigger": "minecraft:tick",
      "conditions": {
        "player": [
          {
            "condition": "minecraft:entity_properties",
            "entity": "this",
            "predicate": {
              "player": {
                "stats": [
                  {
                    "type": "minecraft:picked_up",
                    "stat": "minecraft:yellow_wool",
                    "value": {
                      "min": 1000
                    }
                  }
                ]
              }
            }
          }
        ]
      }
    },
    "obtain_1000_lime_wool": {
      "trigger": "minecraft:tick",
      "conditions": {
        "player": [
          {
            "condition": "minecraft:entity_properties",
            "entity": "this",
            "predicate": {
              "player": {
                "stats": [
                  {
                    "type": "minecraft:picked_up",
                    "stat": "minecraft:lime_wool",
                    "value": {
                      "min": 1000
                    }
                  }
                ]
              }
            }
          }
        ]
      }
    },
    "obtain_1000_pink_wool": {
      "trigger": "minecraft:tick",
      "conditions": {
        "player": [
          {
            "condition": "minecraft:entity_properties",
            "entity": "this",
            "predicate": {
              "player": {
                "stats": [
                  {
                    "type": "minecraft:picked_up",
                    "stat": "minecraft:pink_wool",
                    "value": {
                      "min": 1000
                    }
                  }
                ]
              }
            }
          }
        ]
      }
    },
    "obtain_1000_gray_wool": {
      "trigger": "minecraft:tick",
      "conditions": {
        "player": [
          {
            "condition": "minecraft:entity_properties",
            "entity": "this",
            "predicate": {
              "player": {
                "stats": [
                  {
                    "type": "minecraft:picked_up",
                    "stat": "minecraft:gray_wool",
                    "value": {
                      "min": 1000
                    }
                  }
                ]
              }
            }
          }
        ]
      }
    },
    "obtain_1000_light_gray_wool": {
      "trigger": "minecraft:tick",
      "conditions": {
        "player": [
          {
            "condition": "minecraft:entity_properties",
            "entity": "this",
            "predicate": {
              "player": {
                "stats": [
                  {
                    "type": "minecraft:picked_up",
                    "stat": "minecraft:light_gray_wool",
                    "value": {
                      "min": 1000
                    }
                  }
                ]
              }
            }
          }
        ]
      }
    },
    "obtain_1000_cyan_wool": {
      "trigger": "minecraft:tick",
      "conditions": {
        "player": [
          {
            "condition": "minecraft:entity_properties",
            "entity": "this",
            "predicate": {
              "player": {
                "stats": [
                  {
                    "type": "minecraft:picked_up",
                    "stat": "minecraft:cyan_wool",
                    "value": {
                      "min": 1000
                    }
                  }
                ]
              }
            }
          }
        ]
      }
    },
    "obtain_1000_purple_wool": {
      "trigger": "minecraft:tick",
      "conditions": {
        "player": [
          {
            "condition": "minecraft:entity_properties",
            "entity": "this",
            "predicate": {
              "player": {
                "stats": [
                  {
                    "type": "minecraft:picked_up",
                    "stat": "minecraft:purple_wool",
                    "value": {
                      "min": 1000
                    }
                  }
                ]
              }
            }
          }
        ]
      }
    },
    "obtain_1000_blue_wool": {
      "trigger": "minecraft:tick",
      "conditions": {
        "player": [
          {
            "condition": "minecraft:entity_properties",
            "entity": "this",
            "predicate": {
              "player": {
                "stats": [
                  {
                    "type": "minecraft:picked_up",
                    "stat": "minecraft:blue_wool",
                    "value": {
                      "min": 1000
                    }
                  }
                ]
              }
            }
          }
        ]
      }
    },
    "obtain_1000_brown_wool": {
      "trigger": "minecraft:tick",
      "conditions": {
        "player": [
          {
            "condition": "minecraft:entity_properties",
            "entity": "this",
            "predicate": {
              "player": {
                "stats": [
                  {
                    "type": "minecraft:picked_up",
                    "stat": "minecraft:brown_wool",
                    "value": {
                      "min": 1000
                    }
                  }
                ]
              }
            }
          }
        ]
      }
    },
    "obtain_1000_green_wool": {
      "trigger": "minecraft:tick",
      "conditions": {
        "player": [
          {
            "condition": "minecraft:entity_properties",
            "entity": "this",
            "predicate": {
              "player": {
                "stats": [
                  {
                    "type": "minecraft:picked_up",
                    "stat": "minecraft:green_wool",
                    "value": {
                      "min": 1000
                    }
                  }
                ]
              }
            }
          }
        ]
      }
    },
    "obtain_1000_red_wool": {
      "trigger": "minecraft:tick",
      "conditions": {
        "player": [
          {
            "condition": "minecraft:entity_properties",
            "entity": "this",
            "predicate": {
              "player": {
                "stats": [
                  {
                    "type": "minecraft:picked_up",
                    "stat": "minecraft:red_wool",
                    "value": {
                      "min": 1000
                    }
                  }
                ]
              }
            }
          }
        ]
      }
    },
    "obtain_1000_black_wool": {
      "trigger": "minecraft:tick",
      "conditions": {
        "player": [
          {
            "condition": "minecraft:entity_properties",
            "entity": "this",
            "predicate": {
              "player": {
                "stats": [
                  {
                    "type": "minecraft:picked_up",
                    "stat": "minecraft:black_wool",
                    "value": {
                      "min": 1000
                    }
                  }
                ]
              }
            }
          }
        ]
      }
    },
    "obtain_1000_orange_wool": {
      "trigger": "minecraft:tick",
      "conditions": {
        "player": [
          {
            "condition": "minecraft:entity_properties",
            "entity": "this",
            "predicate": {
              "player": {
                "stats": [
                  {
                    "type": "minecraft:picked_up",
                    "stat": "minecraft:orange_wool",
                    "value": {
                      "min": 1000
                    }
                  }
                ]
              }
            }
          }
        ]
      }
    }
  },
  "requirements": [
    [
      "obtain_1000_white_wool",
      "obtain_1000_yellow_wool",
      "obtain_1000_red_wool",
      "obtain_1000_black_wool",
      "obtain_1000_brown_wool",
      "obtain_1000_blue_wool",
      "obtain_1000_light_blue_wool",
      "obtain_1000_light_gray_wool",
      "obtain_1000_gray_wool",
      "obtain_1000_cyan_wool",
      "obtain_1000_green_wool",
      "obtain_1000_lime_wool",
      "obtain_1000_orange_wool",
      "obtain_1000_pink_wool",
      "obtain_1000_magenta_wool",
      "obtain_1000_purple_wool"
    ]
  ]
}