{
  "display": {
    "icon": {
      "item": "minecraft:player_head",
      "nbt": "{display:{Name:\"{\\\"text\\\":\\\"\\\"}\"},SkullOwner:{Id:[I;573717299,1713851841,-2065124375,1129161715],Properties:{textures:[{Value:\"eyJ0ZXh0dXJlcyI6eyJTS0lOIjp7InVybCI6Imh0dHA6Ly90ZXh0dXJlcy5taW5lY3JhZnQubmV0L3RleHR1cmUvYzc1YjFmZTVjYjllN2ZjYzNlODM5NjJjM2QyZDg3ZTFlMDI3YzU5OTFhYjdhZGRiNDViNWE5Y2JhZmZkYjM4MyJ9fX0=\"}]}}}"
    },
    "title": "iJevin",
    "description": "iJevin's Challenges",
    "show_toast": false,
    "announce_to_chat": false
  },
  "parent": "hermitcraft:root",
  "criteria": {
    "empty": {
      "trigger": "minecraft:location"
    }
  }
}
