{
  "display": {
    "icon": {
      "item": "minecraft:slime_ball"
    },
    "title": "You are what you kill",
    "description": {
      "text": "apparently... ",
      "extra": [
        {
          "text": "iJevin",
          "color": "dark_gray",
          "italic": true
        }
      ]
    }
  },
  "parent": "hermitcraft:ijevin/root",
  "criteria": {
    "killed_1000_slimes": {
      "trigger": "minecraft:tick",
      "conditions": {
        "player": [
          {
            "condition": "minecraft:entity_properties",
            "entity": "this",
            "predicate": {
              "player": {
                "stats": [
                  {
                    "type": "minecraft:killed",
                    "stat": "minecraft:slime",
                    "value": {
                      "min": 1000
                    }
                  }
                ]
              }
            }
          }
        ]
      }
    }
  }
}
