{
	"__comment": "Made by Mickey Joe Alpha",
	"textures": {
		"particle": "block/acacia_door_bottom",
		"front": "block/acacia_door_bottom",
		"hinged": "block/door_side_hinged_bottom_1",
		"side": "block/door_side_bottom_1",
		"bottom": "block/door_bottom_1",
		"top": "block/door_top_1"
	},
	"elements": [ 	 
		{
			"__comment": "Element",
			"from": [ 0, 0, 0 ],
			"to": [ 3, 3, 16 ],
			"faces": {
				"down": { "uv": [ 16, 6, 0, 3 ], "texture": "#bottom", "cullface": "down", "rotation": 270 },
				"up": { "uv": [ 0, 3, 16, 6 ], "texture": "#top", "rotation": 270 },
				"north": { "uv": [ 3, 13, 6, 16 ], "texture": "#side", "cullface": "north" },
				"south": { "uv": [ 3, 13, 6, 16 ], "texture": "#hinged", "cullface": "south" },
				"west": { "uv": [ 16, 13, 0, 16 ], "texture": "#front", "cullface": "west" },
				"east": { "uv": [ 0, 13, 16, 16 ], "texture": "#front" }
			}
		},
		{
			"__comment": "Element",
			"from": [ 0, 15, 0 ],
			"to": [ 3, 16, 16 ],
			"faces": {
				"down": { "uv": [ 0, 3, 16, 6 ], "texture": "#bottom", "rotation": 90 },
				"north": { "uv": [ 3, 0, 6, 1 ], "texture": "#side", "cullface": "north" },
				"south": { "uv": [ 3, 0, 6, 1 ], "texture": "#hinged", "cullface": "south" },
				"west": { "uv": [ 16, 0, 0, 1 ], "texture": "#front", "cullface": "west" },
				"east": { "uv": [ 0, 0, 16, 1 ], "texture": "#front" }
			}
		},
		{
			"__comment": "Element",
			"from": [ 0, 3, 0 ],
			"to": [ 3, 15, 3 ],
			"faces": {
				"north": { "uv": [ 3, 1, 6, 13 ], "texture": "#side", "cullface": "north" },
				"south": { "uv": [ 2, 3, 14, 6 ], "texture": "#top", "rotation": 90 },
				"west": { "uv": [ 16, 1, 13, 13 ], "texture": "#front", "cullface": "west" },
				"east": { "uv": [ 13, 1, 16, 13 ], "texture": "#front" }
			}
		},
		{
			"__comment": "Element",
			"from": [ 0, 3, 13 ],
			"to": [ 3, 15, 16 ],
			"faces": {
				"north": { "uv": [ 2, 3, 14, 6 ], "texture": "#bottom", "rotation": 90 },
				"south": { "uv": [ 3, 1, 6, 13 ], "texture": "#hinged", "cullface": "south" },
				"west": { "uv": [ 3, 1, 0, 13 ], "texture": "#front", "cullface": "west" },
				"east": { "uv": [ 0, 1, 3, 13 ], "texture": "#front" }
			}
		},
		{
			"__comment": "Element",
			"from": [ 0, 3, 9 ],
			"to": [ 3, 15, 11 ],
			"faces": {
				"north": { "uv": [ 2, 3, 14, 6 ], "texture": "#bottom", "rotation": 90 },
				"south": { "uv": [ 2, 3, 14, 6 ], "texture": "#top", "rotation": 90 },
				"west": { "uv": [ 7, 1, 5, 13 ], "texture": "#front", "cullface": "west" },
				"east": { "uv": [ 5, 1, 7, 13 ], "texture": "#front" }
			}
		},
		{
			"__comment": "Element",
			"from": [ 0, 3, 5 ],
			"to": [ 3, 15, 7 ],
			"faces": {
				"north": { "uv": [ 2, 3, 14, 6 ], "texture": "#bottom", "rotation": 90 },
				"south": { "uv": [ 2, 3, 14, 6 ], "texture": "#top", "rotation": 90 },
				"west": { "uv": [ 11, 1, 9, 13 ], "texture": "#front", "cullface": "west" },
				"east": { "uv": [ 9, 1, 11, 13 ], "texture": "#front" }
			}
		},
		{
			"__comment": "Element",
			"from": [ -0.875, 15, 1 ],
			"to": [ 3.875, 16, 2 ],
			"faces": {
				"down": { "uv": [ 15, 1, 14, 0 ], "texture": "#front", "rotation": 180 },
				"north": { "uv": [ 14, 0, 15, 1 ], "texture": "#front" },
				"south": { "uv": [ 14, 0, 15, 1 ], "texture": "#front" },
				"west": { "uv": [ 14, 0, 15, 1 ], "texture": "#front" },
				"east": { "uv": [ 14, 0, 15, 1 ], "texture": "#front" }
			}
		}
	]
}