{
	"__comment": "Made by Mickey Joe Alpha",
	"textures": {
		"particle": "block/acacia_door_top",
		"front": "block/acacia_door_top",
		"hinged": "block/door_side_hinged_top_1",
		"side": "block/door_side_top_1",
		"top": "block/door_top_1",
		"bottom": "block/door_bottom_1"
	},
	"elements": [ 	 
		{
			"__comment": "Element",
			"from": [ 0, 0, 0 ],
			"to": [ 3, 1, 16 ],
			"faces": {
				"up": { "uv": [ 16, 3, 0, 6 ], "texture": "#top", "rotation": 90 },
				"north": { "uv": [ 3, 15, 6, 16 ], "texture": "#side", "cullface": "north" },
				"south": { "uv": [ 3, 15, 6, 16 ], "texture": "#hinged", "cullface": "south" },
				"west": { "uv": [ 16, 15, 0, 16 ], "texture": "#front", "cullface": "west" },
				"east": { "uv": [ 0, 15, 16, 16 ], "texture": "#front" }
			}
		},
		{
			"__comment": "Element",
			"from": [ 0, 13, 0 ],
			"to": [ 3, 16, 16 ],
			"faces": {
				"down": { "uv": [ 16, 3, 0, 6 ], "texture": "#bottom", "rotation": 90 },
				"up": { "uv": [ 0, 3, 16, 6 ], "texture": "#top", "cullface": "up", "rotation": 270 },
				"north": { "uv": [ 3, 0, 6, 3 ], "texture": "#side", "cullface": "north" },
				"south": { "uv": [ 3, 0, 6, 3 ], "texture": "#hinged", "cullface": "south" },
				"west": { "uv": [ 16, 0, 0, 3 ], "texture": "#front", "cullface": "west" },
				"east": { "uv": [ 0, 0, 16, 3 ], "texture": "#front" }
			}
		},
		{
			"__comment": "Element",
			"from": [ 0, 1, 0 ],
			"to": [ 3, 13, 3 ],
			"faces": {
				"north": { "uv": [ 3, 3, 6, 15 ], "texture": "#side", "cullface": "north" },
				"south": { "uv": [ 2, 3, 14, 6 ], "texture": "#top", "rotation": 90 },
				"west": { "uv": [ 16, 3, 13, 15 ], "texture": "#front", "cullface": "west" },
				"east": { "uv": [ 13, 3, 16, 15 ], "texture": "#front" }
			}
		},
		{
			"__comment": "Element",
			"from": [ 0, 1, 13 ],
			"to": [ 3, 13, 16 ],
			"faces": {
				"north": { "uv": [ 2, 3, 14, 6 ], "texture": "#bottom", "rotation": 90 },
				"south": { "uv": [ 3, 3, 6, 15 ], "texture": "#hinged", "cullface": "south" },
				"west": { "uv": [ 3, 3, 0, 15 ], "texture": "#front", "cullface": "west" },
				"east": { "uv": [ 0, 3, 3, 15 ], "texture": "#front" }
			}
		},
		{
			"__comment": "Element",
			"from": [ 0, 1, 9 ],
			"to": [ 3, 13, 11 ],
			"faces": {
				"north": { "uv": [ 2, 3, 14, 6 ], "texture": "#bottom", "rotation": 90 },
				"south": { "uv": [ 2, 3, 14, 6 ], "texture": "#top", "rotation": 90 },
				"west": { "uv": [ 7, 3, 5, 15 ], "texture": "#front", "cullface": "west" },
				"east": { "uv": [ 5, 3, 7, 15 ], "texture": "#front" }
			}
		},
		{
			"__comment": "Element",
			"from": [ 0, 1, 5 ],
			"to": [ 3, 13, 7 ],
			"faces": {
				"north": { "uv": [ 2, 3, 14, 6 ], "texture": "#bottom", "rotation": 90 },
				"south": { "uv": [ 2, 3, 14, 6 ], "texture": "#top", "rotation": 90 },
				"west": { "uv": [ 11, 3, 9, 15 ], "texture": "#front", "cullface": "west" },
				"east": { "uv": [ 9, 3, 11, 15 ], "texture": "#front" }
			}
		},
		{
			"__comment": "Element",
			"from": [ 3, 0, 1 ],
			"to": [ 3.875, 1, 4 ],
			"faces": {
				"down": { "uv": [ 12, 15, 15, 16 ], "texture": "#front", "cullface": "down", "rotation": 90 },
				"up": { "uv": [ 15, 15, 12, 16 ], "texture": "#front", "rotation": 90 },
				"north": { "uv": [ 14, 15, 15, 16 ], "texture": "#front" },
				"south": { "uv": [ 12, 15, 13, 16 ], "texture": "#front" },
				"east": { "uv": [ 15, 15, 12, 16 ], "texture": "#front", "rotation": 180 }
			}
		},
		{
			"__comment": "Element",
			"from": [ -0.875, 0, 1 ],
			"to": [ 0, 1, 4 ],
			"faces": {
				"down": { "uv": [ 12, 15, 15, 16 ], "texture": "#front", "rotation": 90 },
				"up": { "uv": [ 15, 15, 12, 16 ], "texture": "#front", "rotation": 90 },
				"north": { "uv": [ 14, 15, 15, 16 ], "texture": "#front" },
				"south": { "uv": [ 12, 15, 13, 16 ], "texture": "#front" },
				"west": { "uv": [ 15, 15, 12, 16 ], "texture": "#front" }
			}
		}
	]
}