{
	"__comment": "Made by Mickey Joe Alpha",
	"parent": "block/block",
	"textures": {
		"particle": "block/barrel_side",
		"top": "block/barrel_top",
		"bottom": "block/barrel_bottom",
		"inside": "block/barrel_top_open"
	},
	"elements": [ 	 
		{
			"__comment": "Box7",
			"from": [ 0, 1, 0 ],
			"to": [ 16, 11, 16 ],
			"faces": {
				"down": { "uv": [ 0, 0, 16, 16 ], "texture": "#bottom", "cullface": "down" },
				"up": { "uv": [ 2, 4, 14, 16 ], "texture": "#inside", "cullface": "up" },
				"north": { "uv": [ 0, 5, 16, 15 ], "texture": "#particle", "cullface": "north" },
				"south": { "uv": [ 0, 5, 16, 15 ], "texture": "#particle", "cullface": "south" },
				"west": { "uv": [ 0, 5, 16, 15 ], "texture": "#particle", "cullface": "west" },
				"east": { "uv": [ 0, 5, 16, 15 ], "texture": "#particle", "cullface": "east" }
			}
		},
		{
			"__comment": "Box8",
			"from": [ 0, 0, 0 ],
			"to": [ 16, 1, 1 ],
			"faces": {
				"down": { "uv": [ 0, 15, 16, 16 ], "texture": "#bottom", "cullface": "down" },
				"north": { "uv": [ 0, 15, 16, 16 ], "texture": "#particle", "cullface": "north" },
				"south": { "uv": [ 0, 15, 16, 16 ], "texture": "#bottom", "cullface": "down" },
				"west": { "uv": [ 0, 15, 1, 16 ], "texture": "#particle", "cullface": "west" },
				"east": { "uv": [ 15, 15, 16, 16 ], "texture": "#particle", "cullface": "east" }
			}
		},
		{
			"__comment": "Box9",
			"from": [ 0, 0, 15 ],
			"to": [ 16, 1, 16 ],
			"faces": {
				"down": { "uv": [ 0, 0, 16, 1 ], "texture": "#bottom", "cullface": "down" },
				"north": { "uv": [ 16, 0, 0, 1 ], "texture": "#bottom", "cullface": "down" },
				"south": { "uv": [ 0, 15, 16, 16 ], "texture": "#particle", "cullface": "south" },
				"west": { "uv": [ 15, 15, 16, 16 ], "texture": "#particle", "cullface": "west" },
				"east": { "uv": [ 0, 15, 1, 16 ], "texture": "#particle", "cullface": "east" }
			}
		},
		{
			"__comment": "Box10",
			"from": [ 0, 0, 1 ],
			"to": [ 1, 1, 15 ],
			"faces": {
				"down": { "uv": [ 0, 1, 1, 15 ], "texture": "#bottom", "cullface": "down" },
				"west": { "uv": [ 1, 15, 15, 16 ], "texture": "#particle", "cullface": "west" },
				"east": { "uv": [ 0, 1, 1, 15 ], "texture": "#bottom", "cullface": "down", "rotation": 270 }
			}
		},
		{
			"__comment": "Box11",
			"from": [ 15, 0, 1 ],
			"to": [ 16, 1, 15 ],
			"faces": {
				"down": { "uv": [ 15, 1, 16, 15 ], "texture": "#bottom", "cullface": "down" },
				"west": { "uv": [ 15, 1, 16, 15 ], "texture": "#bottom", "cullface": "down", "rotation": 90 },
				"east": { "uv": [ 1, 15, 15, 16 ], "texture": "#particle", "cullface": "east" }
			}
		},
		{
			"__comment": "Box12",
			"from": [ 0, 15, 0 ],
			"to": [ 16, 16, 1 ],
			"faces": {
				"up": { "uv": [ 0, 0, 16, 1 ], "texture": "#top", "cullface": "up" },
				"north": { "uv": [ 0, 0, 16, 1 ], "texture": "#particle", "cullface": "north" },
				"south": { "uv": [ 0, 0, 16, 1 ], "texture": "#top", "cullface": "up" },
				"west": { "uv": [ 0, 0, 1, 1 ], "texture": "#particle", "cullface": "west" },
				"east": { "uv": [ 15, 0, 16, 1 ], "texture": "#particle", "cullface": "east" }
			}
		},
		{
			"__comment": "Box13",
			"from": [ 0, 15, 1 ],
			"to": [ 1, 16, 15 ],
			"faces": {
				"up": { "uv": [ 0, 1, 1, 15 ], "texture": "#top", "cullface": "up" },
				"west": { "uv": [ 1, 0, 15, 1 ], "texture": "#particle", "cullface": "west" },
				"east": { "uv": [ 0, 1, 1, 15 ], "texture": "#top", "cullface": "up", "rotation": 90 }
			}
		},
		{
			"__comment": "Box14",
			"from": [ 15, 15, 1 ],
			"to": [ 16, 16, 15 ],
			"faces": {
				"up": { "uv": [ 15, 1, 16, 15 ], "texture": "#top", "cullface": "up" },
				"west": { "uv": [ 15, 1, 16, 15 ], "texture": "#top", "cullface": "up", "rotation": 270 },
				"east": { "uv": [ 1, 0, 15, 1 ], "texture": "#particle", "cullface": "east" }
			}
		},
		{
			"__comment": "Box15",
			"from": [ 0, 15, 15 ],
			"to": [ 16, 16, 16 ],
			"faces": {
				"up": { "uv": [ 0, 15, 16, 16 ], "texture": "#top", "cullface": "up" },
				"north": { "uv": [ 16, 15, 0, 16 ], "texture": "#top", "cullface": "up" },
				"south": { "uv": [ 0, 0, 16, 1 ], "texture": "#particle", "cullface": "south" },
				"west": { "uv": [ 15, 0, 16, 1 ], "texture": "#particle", "cullface": "west" },
				"east": { "uv": [ 0, 0, 1, 1 ], "texture": "#particle", "cullface": "east" }
			}
		},
		{
			"__comment": "Box11",
			"from": [ 0, 11, 0 ],
			"to": [ 16, 15, 2 ],
			"faces": {
				"up": { "uv": [ 0, 0, 16, 2 ], "texture": "#top" },
				"north": { "uv": [ 0, 1, 16, 5 ], "texture": "#particle", "cullface": "north" },
				"south": { "uv": [ 0, 0, 16, 4 ], "texture": "#inside", "cullface": "up" },
				"west": { "uv": [ 0, 1, 2, 5 ], "texture": "#particle", "cullface": "west" },
				"east": { "uv": [ 14, 1, 16, 5 ], "texture": "#particle", "cullface": "east" }
			}
		},
		{
			"__comment": "Box18",
			"from": [ 0, 11, 2 ],
			"to": [ 2, 15, 14 ],
			"faces": {
				"up": { "uv": [ 0, 2, 2, 14 ], "texture": "#top" },
				"west": { "uv": [ 2, 1, 14, 5 ], "texture": "#particle", "cullface": "west" },
				"east": { "uv": [ 2, 0, 14, 4 ], "texture": "#inside", "cullface": "up" }
			}
		},
		{
			"__comment": "Box19",
			"from": [ 14, 11, 2 ],
			"to": [ 16, 15, 14 ],
			"faces": {
				"up": { "uv": [ 14, 14, 16, 2 ], "texture": "#top" },
				"west": { "uv": [ 2, 0, 14, 4 ], "texture": "#inside", "cullface": "up" },
				"east": { "uv": [ 2, 1, 14, 5 ], "texture": "#particle", "cullface": "east" }
			}
		},
		{
			"__comment": "Box26",
			"from": [ 0, 11, 14 ],
			"to": [ 16, 15, 16 ],
			"faces": {
				"up": { "uv": [ 0, 14, 16, 16 ], "texture": "#top" },
				"north": { "uv": [ 16, 0, 0, 4 ], "texture": "#inside", "cullface": "up" },
				"south": { "uv": [ 0, 1, 16, 5 ], "texture": "#particle", "cullface": "south" },
				"west": { "uv": [ 14, 1, 16, 5 ], "texture": "#particle", "cullface": "west" },
				"east": { "uv": [ 0, 1, 2, 5 ], "texture": "#particle", "cullface": "east" }
			}
		},
		{
			"__comment": "Box38",
			"from": [ 6, 16.875, 5 ],
			"to": [ 8, 17.75, 7 ],
			"faces": {
				"up": { "uv": [ 3, 8, 5, 10 ], "texture": "#top", "cullface": "up" },
				"north": { "uv": [ 5, 8, 3, 9 ], "texture": "#top", "cullface": "up" },
				"south": { "uv": [ 3, 9, 5, 10 ], "texture": "#top", "cullface": "up" },
				"west": { "uv": [ 3, 8, 4, 10 ], "texture": "#top", "cullface": "up", "rotation": 270 },
				"east": { "uv": [ 4, 10, 5, 8 ], "texture": "#top", "cullface": "up", "rotation": 270 }
			}
		},
		{
			"__comment": "Box32",
			"from": [ 5, 16, -1 ],
			"to": [ 17, 17, 11 ],
			"faces": {
				"up": { "uv": [ 2, 2, 14, 14 ], "texture": "#top", "cullface": "up" },
				"north": { "uv": [ 2, 2, 14, 3 ], "texture": "#top", "cullface": "up" },
				"south": { "uv": [ 2, 13, 14, 14 ], "texture": "#top", "cullface": "up" },
				"west": { "uv": [ 2, 2, 3, 14 ], "texture": "#top", "cullface": "up", "rotation": 270 },
				"east": { "uv": [ 13, 2, 14, 14 ], "texture": "#top", "cullface": "up", "rotation": 90 }
			}
		}
	]
}