{
	"__comment": "Made by Mickey Joe Alpha",
	"textures": {
		"particle": "block/birch_door_top",
		"front": "block/birch_door_top",
		"hinged": "block/door_side_hinged_top_0",
		"side": "block/door_side_top_0",
		"top": "block/door_top_0"
	},
	"elements": [ 	 
		{
			"__comment": "Element",
			"from": [ 0, 0, 0 ],
			"to": [ 3, 16, 3 ],
			"faces": {
				"up": { "uv": [ 0, 9, 3, 12 ], "texture": "#top", "cullface": "up", "rotation": 90 },
				"north": { "uv": [ 9, 0, 12, 16 ], "texture": "#hinged", "cullface": "north" },
				"south": { "uv": [ 2, 0, 3, 16 ], "texture": "#front" },
				"west": { "uv": [ 0, 0, 3, 16 ], "texture": "#front", "cullface": "west" },
				"east": { "uv": [ 3, 0, 0, 16 ], "texture": "#front" }
			}
		},
		{
			"__comment": "Element",
			"from": [ 0, 0, 13 ],
			"to": [ 3, 16, 16 ],
			"faces": {
				"up": { "uv": [ 13, 9, 16, 12 ], "texture": "#top", "cullface": "up", "rotation": 90 },
				"north": { "uv": [ 13, 0, 14, 16 ], "texture": "#front" },
				"south": { "uv": [ 9, 0, 12, 16 ], "texture": "#side", "cullface": "south" },
				"west": { "uv": [ 13, 0, 16, 16 ], "texture": "#front", "cullface": "west" },
				"east": { "uv": [ 16, 0, 13, 16 ], "texture": "#front" }
			}
		},
		{
			"__comment": "Element",
			"from": [ 0, 13, 3 ],
			"to": [ 3, 16, 13 ],
			"faces": {
				"down": { "uv": [ 13, 2, 3, 3 ], "texture": "#front", "rotation": 90 },
				"up": { "uv": [ 3, 9, 13, 12 ], "texture": "#top", "cullface": "up", "rotation": 90 },
				"west": { "uv": [ 3, 0, 13, 3 ], "texture": "#front", "cullface": "west" },
				"east": { "uv": [ 13, 0, 3, 3 ], "texture": "#front" }
			}
		},
		{
			"__comment": "Element",
			"from": [ 1, 0, 3 ],
			"to": [ 2, 13, 13 ],
			"faces": {
				"west": { "uv": [ 3, 3, 13, 16 ], "texture": "#front", "cullface": "west" },
				"east": { "uv": [ 13, 3, 3, 16 ], "texture": "#front" }
			}
		},
		{
			"__comment": "Element",
			"from": [ -0.875, 0, 14 ],
			"to": [ 3.875, 2, 15 ],
			"faces": {
				"down": { "uv": [ 14, 15, 15, 16 ], "texture": "#front" },
				"up": { "uv": [ 14, 14, 15, 15 ], "texture": "#front" },
				"north": { "uv": [ 14, 14, 15, 16 ], "texture": "#front" },
				"south": { "uv": [ 14, 14, 15, 16 ], "texture": "#front" },
				"west": { "uv": [ 14, 14, 15, 16 ], "texture": "#front" },
				"east": { "uv": [ 14, 14, 15, 16 ], "texture": "#front" }
			}
		}
	]
}