{
	"__comment": "Made by Mickey Joe Alpha",
	"textures": {
		"front": "block/birch_door_bottom",
		"particle": "block/birch_door_bottom",
		"hinged": "block/door_side_hinged_bottom_0",
		"side": "block/door_side_bottom_0",
		"bottom": "block/door_bottom_0"
	},
	"elements": [ 	 
		{
			"__comment": "Element",
			"from": [ 0, 0, 13 ],
			"to": [ 3, 16, 16 ],
			"faces": {
				"down": { "uv": [ 0, 9, 3, 12 ], "texture": "#bottom", "cullface": "down", "rotation": 90 },
				"north": { "uv": [ 2, 0, 3, 16 ], "texture": "#front" },
				"south": { "uv": [ 9, 0, 12, 16 ], "texture": "#hinged", "cullface": "south" },
				"west": { "uv": [ 3, 0, 0, 16 ], "texture": "#front", "cullface": "west" },
				"east": { "uv": [ 0, 0, 3, 16 ], "texture": "#front" }
			}
		},
		{
			"__comment": "Element",
			"from": [ 0, 0, 0 ],
			"to": [ 3, 16, 3 ],
			"faces": {
				"down": { "uv": [ 13, 9, 16, 12 ], "texture": "#bottom", "cullface": "down", "rotation": 90 },
				"north": { "uv": [ 9, 0, 12, 16 ], "texture": "#side", "cullface": "north" },
				"south": { "uv": [ 13, 0, 14, 16 ], "texture": "#front" },
				"west": { "uv": [ 16, 0, 13, 16 ], "texture": "#front", "cullface": "west" },
				"east": { "uv": [ 13, 0, 16, 16 ], "texture": "#front" }
			}
		},
		{
			"__comment": "Element",
			"from": [ 0, 0, 3 ],
			"to": [ 3, 12, 13 ],
			"faces": {
				"down": { "uv": [ 3, 9, 13, 12 ], "texture": "#bottom", "cullface": "down", "rotation": 90 },
				"up": { "uv": [ 3, 4, 13, 5 ], "texture": "#front", "rotation": 270 },
				"west": { "uv": [ 13, 4, 3, 16 ], "texture": "#front", "cullface": "west" },
				"east": { "uv": [ 3, 4, 13, 16 ], "texture": "#front" }
			}
		},
		{
			"__comment": "Element",
			"from": [ 1, 12, 3 ],
			"to": [ 2, 16, 13 ],
			"faces": {
				"west": { "uv": [ 13, 0, 3, 4 ], "texture": "#front", "cullface": "west" },
				"east": { "uv": [ 3, 0, 13, 4 ], "texture": "#front" }
			}
		}
	]
}