{
	"__comment": "Made by Mickey Joe Alpha",
	"textures": {
		"particle": "block/birch_trapdoor",
		"front": "block/birch_trapdoor",
		"side": "block/trapdoor_side_1"
	},
	"elements": [ 	 
		{
			"__comment": "Box2",
			"from": [ 0, 0, 13 ],
			"to": [ 16, 3, 16 ],
			"faces": {
				"down": { "uv": [ 0, 0, 16, 3 ], "texture": "#front", "cullface": "down" },
				"up": { "uv": [ 0, 0, 16, 3 ], "texture": "#front", "rotation": 180 },
				"north": { "uv": [ 0, 2, 16, 3 ], "texture": "#front" },
				"south": { "uv": [ 0, 3, 16, 6 ], "texture": "#side", "cullface": "south" },
				"west": { "uv": [ 13, 3, 16, 6 ], "texture": "#side", "cullface": "west" },
				"east": { "uv": [ 0, 3, 3, 6 ], "texture": "#side", "cullface": "east" }
			}
		},
		{
			"__comment": "Box3",
			"from": [ 13, 0, 3 ],
			"to": [ 16, 3, 13 ],
			"faces": {
				"down": { "uv": [ 16, 13, 13, 3 ], "texture": "#front", "cullface": "down", "rotation": 180 },
				"up": { "uv": [ 0, 3, 3, 13 ], "texture": "#front", "rotation": 180 },
				"west": { "uv": [ 10, 9, 0, 6 ], "texture": "#side" },
				"east": { "uv": [ 3, 3, 13, 6 ], "texture": "#side", "cullface": "east" }
			}
		},
		{
			"__comment": "Box4",
			"from": [ 0, 0, 3 ],
			"to": [ 3, 3, 13 ],
			"faces": {
				"down": { "uv": [ 0, 3, 3, 13 ], "texture": "#front", "cullface": "down" },
				"up": { "uv": [ 13, 3, 16, 13 ], "texture": "#front", "rotation": 180 },
				"west": { "uv": [ 3, 3, 13, 6 ], "texture": "#side", "cullface": "west" },
				"east": { "uv": [ 0, 6, 10, 9 ], "texture": "#side" }
			}
		},
		{
			"__comment": "Box5",
			"from": [ 0, 0, 0 ],
			"to": [ 16, 3, 3 ],
			"faces": {
				"down": { "uv": [ 16, 16, 0, 13 ], "texture": "#front", "cullface": "down", "rotation": 180 },
				"up": { "uv": [ 0, 13, 16, 16 ], "texture": "#front", "rotation": 180 },
				"north": { "uv": [ 0, 3, 16, 6 ], "texture": "#side", "cullface": "north" },
				"south": { "uv": [ 0, 13, 16, 14 ], "texture": "#front" },
				"west": { "uv": [ 0, 3, 3, 6 ], "texture": "#side", "cullface": "west" },
				"east": { "uv": [ 13, 3, 16, 6 ], "texture": "#side", "cullface": "east" }
			}
		},
		{
			"__comment": "Box6",
			"from": [ 5, 0, 3 ],
			"to": [ 11, 3, 4 ],
			"faces": {
				"down": { "uv": [ 11, 12, 5, 13 ], "texture": "#front", "cullface": "down", "rotation": 180 },
				"up": { "uv": [ 5, 12, 11, 13 ], "texture": "#front", "rotation": 180 },
				"south": { "uv": [ 11, 12, 5, 13 ], "texture": "#front" },
				"west": { "uv": [ 10, 12, 11, 13 ], "texture": "#front" },
				"east": { "uv": [ 5, 12, 6, 13 ], "texture": "#front" }
			}
		},
		{
			"__comment": "Box7",
			"from": [ 6, 3, 1 ],
			"to": [ 10, 3.875, 2 ],
			"faces": {
				"up": { "uv": [ 6, 14, 10, 15 ], "texture": "#front", "rotation": 180 },
				"north": { "uv": [ 6, 14, 10, 15 ], "texture": "#front" },
				"south": { "uv": [ 10, 14, 6, 15 ], "texture": "#front" },
				"west": { "uv": [ 9, 14, 10, 15 ], "texture": "#front" },
				"east": { "uv": [ 6, 14, 7, 15 ], "texture": "#front" }
			}
		},
		{
			"__comment": "Box8",
			"from": [ 3, 1, 3 ],
			"to": [ 13, 2, 13 ],
			"faces": {
				"down": { "uv": [ 3, 3, 13, 13 ], "texture": "#front", "cullface": "down" },
				"up": { "uv": [ 3, 3, 13, 13 ], "texture": "#front", "rotation": 180 }
			}
		},
		{
			"__comment": "Box8",
			"from": [ 6, -1, 1 ],
			"to": [ 10, 0, 2 ],
			"faces": {
				"down": { "uv": [ 6, 14, 10, 15 ], "texture": "#front", "cullface": "down" },
				"north": { "uv": [ 10, 14, 6, 15 ], "texture": "#front", "cullface": "down" },
				"south": { "uv": [ 6, 14, 10, 15 ], "texture": "#front", "cullface": "down" },
				"west": { "uv": [ 6, 14, 7, 15 ], "texture": "#front", "cullface": "down" },
				"east": { "uv": [ 9, 14, 10, 15 ], "texture": "#front", "cullface": "down" }
			}
		}
	],
	"display": {
		"thirdperson_righthand": {
			"rotation":  [ 75, 45, 0 ],
			"translation":  [ 0, 2.5, 1.5 ],
			"scale":  [ 0.375, 0.375, 0.375 ]
		},
		"thirdperson_lefthand": {
			"rotation":  [ 75, 45, 0 ],
			"translation":  [ 0, 2.5, 1.5 ],
			"scale":  [ 0.375, 0.375, 0.375 ]
		},
		"firstperson_righthand": {
			"rotation":  [ 0, 45, 0 ],
			"translation":  [ 0, 3, 0 ],
			"scale":  [ 0.4, 0.4, 0.4 ]
		},
		"firstperson_lefthand": {
			"rotation":  [ 0, 45, 0 ],
			"translation":  [ 0, 3, 0 ],
			"scale":  [ 0.4, 0.4, 0.4 ]
		},
		"gui": {
			"rotation":  [ 30, 225, 0 ],
			"translation":  [ 0, 3, 0 ],
			"scale":  [ 0.625, 0.625, 0.625 ]
		},
		"head": {
			"rotation":  [ 90, 180, 0 ]
		},
		"ground": {
			"translation":  [ 0, 3, 0 ],
			"scale":  [ 0.25, 0.25, 0.25 ]
		},
		"fixed": {
			"translation":  [ 0, 3, 0 ],
			"scale":  [ 0.5, 0.5, 0.5 ]
		}
	}
}