{
	"__comment": "Made by Mickey Joe Alpha",
	"textures": {
		"particle": "block/dark_oak_planks",
		"texture": "block/dark_oak_planks",
		"end": "block/fence_end"
	},
	"elements": [ 	 
		{
			"__comment": "Center post",
			"from": [ 6, 0, 6 ],
			"to": [ 10, 16, 10 ],
			"faces": {
				"down": { "uv": [ 0, 4, 4, 8 ], "texture": "#end", "cullface": "down" },
				"up": { "uv": [ 0, 4, 4, 8 ], "texture": "#end", "cullface": "up" },
				"north": { "uv": [ 6, 0, 10, 16 ], "texture": "#texture" },
				"south": { "uv": [ 6, 0, 10, 16 ], "texture": "#texture" },
				"west": { "uv": [ 6, 0, 10, 16 ], "texture": "#texture" },
				"east": { "uv": [ 6, 0, 10, 16 ], "texture": "#texture" }
			}
		}
	]
}