{
	"__comment": "Made by Mickey Joe Alpha",
	"parent": "block/block",
	"textures": {
		"particle": "block/dark_oak_trapdoor",
		"front": "block/dark_oak_trapdoor",
		"side": "block/trapdoor_side_2"
	},
	"elements": [ 	 
		{
			"__comment": "Box1",
			"from": [ 0, 13, 14 ],
			"to": [ 16, 16, 16 ],
			"faces": {
				"down": { "uv": [ 16, 2, 0, 0 ], "texture": "#front", "rotation": 180 },
				"up": { "uv": [ 0, 0, 16, 2 ], "texture": "#front", "cullface": "up", "rotation": 180 },
				"north": { "uv": [ 0, 1, 16, 2 ], "texture": "#front" },
				"south": { "uv": [ 0, 0, 16, 3 ], "texture": "#side", "cullface": "south" },
				"west": { "uv": [ 14, 0, 16, 3 ], "texture": "#side", "cullface": "west" },
				"east": { "uv": [ 0, 0, 2, 3 ], "texture": "#side", "cullface": "east" }
			}
		},
		{
			"__comment": "Box2",
			"from": [ 14, 13, 2 ],
			"to": [ 16, 16, 14 ],
			"faces": {
				"down": { "uv": [ 16, 14, 14, 2 ], "texture": "#front", "rotation": 180 },
				"up": { "uv": [ 0, 2, 2, 14 ], "texture": "#front", "cullface": "up", "rotation": 180 },
				"west": { "uv": [ 2, 3, 14, 0 ], "texture": "#side" },
				"east": { "uv": [ 2, 0, 14, 3 ], "texture": "#side", "cullface": "east" }
			}
		},
		{
			"__comment": "Box3",
			"from": [ 6, 13, 2 ],
			"to": [ 10, 16, 14 ],
			"faces": {
				"down": { "uv": [ 10, 14, 6, 2 ], "texture": "#front", "rotation": 180 },
				"up": { "uv": [ 6, 2, 10, 14 ], "texture": "#front", "cullface": "up", "rotation": 180 },
				"west": { "uv": [ 2, 3, 14, 0 ], "texture": "#side" },
				"east": { "uv": [ 2, 0, 14, 3 ], "texture": "#side" }
			}
		},
		{
			"__comment": "Box4",
			"from": [ 0, 13, 2 ],
			"to": [ 2, 16, 14 ],
			"faces": {
				"down": { "uv": [ 2, 14, 0, 2 ], "texture": "#front", "rotation": 180 },
				"up": { "uv": [ 14, 2, 16, 14 ], "texture": "#front", "cullface": "up", "rotation": 180 },
				"west": { "uv": [ 2, 0, 14, 3 ], "texture": "#side", "cullface": "west" },
				"east": { "uv": [ 2, 0, 14, 3 ], "texture": "#side" }
			}
		},
		{
			"__comment": "Box5",
			"from": [ 10, 13, 6 ],
			"to": [ 14, 16, 10 ],
			"faces": {
				"down": { "uv": [ 14, 10, 10, 6 ], "texture": "#front", "rotation": 180 },
				"up": { "uv": [ 2, 6, 6, 10 ], "texture": "#front", "cullface": "up", "rotation": 180 },
				"north": { "uv": [ 2, 3, 6, 2 ], "texture": "#side" },
				"south": { "uv": [ 14, 0, 10, 1 ], "texture": "#side" }
			}
		},
		{
			"__comment": "Box6",
			"from": [ 2, 13, 6 ],
			"to": [ 6, 16, 10 ],
			"faces": {
				"down": { "uv": [ 6, 10, 2, 6 ], "texture": "#front", "rotation": 180 },
				"up": { "uv": [ 10, 6, 14, 10 ], "texture": "#front", "cullface": "up", "rotation": 180 },
				"north": { "uv": [ 7, 3, 11, 2 ], "texture": "#side" },
				"south": { "uv": [ 6, 0, 2, 1 ], "texture": "#side" }
			}
		},
		{
			"__comment": "Box7",
			"from": [ 0, 13, 0 ],
			"to": [ 16, 16, 2 ],
			"faces": {
				"down": { "uv": [ 16, 16, 0, 14 ], "texture": "#front", "rotation": 180 },
				"up": { "uv": [ 0, 14, 16, 16 ], "texture": "#front", "cullface": "up", "rotation": 180 },
				"north": { "uv": [ 0, 0, 16, 3 ], "texture": "#side", "cullface": "north" },
				"south": { "uv": [ 16, 14, 0, 15 ], "texture": "#front" },
				"west": { "uv": [ 0, 0, 2, 3 ], "texture": "#side", "cullface": "west" },
				"east": { "uv": [ 14, 0, 16, 3 ], "texture": "#side", "cullface": "east" }
			}
		},
		{
			"__comment": "Box8",
			"from": [ 2, 14, 2 ],
			"to": [ 14, 15, 14 ],
			"faces": {
				"down": { "uv": [ 14, 14, 2, 2 ], "texture": "#front", "rotation": 180 },
				"up": { "uv": [ 2, 2, 14, 14 ], "texture": "#front", "cullface": "up", "rotation": 180 }
			}
		}
	]
}