{
	"__comment": "Made by Mickey Joe Alpha",
	"textures": {
		"particle": "block/dark_oak_door_bottom",
		"front": "block/dark_oak_door_bottom",
		"hinged": "block/door_side_hinged_bottom_1",
		"side": "block/door_side_bottom_1",
		"bottom": "block/door_bottom_1"
	},
	"elements": [ 	 
		{
			"__comment": "Element",
			"from": [ 1, 3, 3 ],
			"to": [ 2, 14, 13 ],
			"faces": {
				"west": { "uv": [ 13, 2, 3, 13 ], "texture": "#front", "cullface": "west" },
				"east": { "uv": [ 3, 2, 13, 13 ], "texture": "#front" }
			}
		},
		{
			"__comment": "Element",
			"from": [ 0, 0, 0 ],
			"to": [ 3, 3, 16 ],
			"faces": {
				"down": { "uv": [ 0, 0, 16, 3 ], "texture": "#bottom", "cullface": "down", "rotation": 90 },
				"up": { "uv": [ 0, 13, 16, 14 ], "texture": "#front", "rotation": 270 },
				"north": { "uv": [ 0, 13, 3, 16 ], "texture": "#side", "cullface": "north" },
				"south": { "uv": [ 0, 13, 3, 16 ], "texture": "#hinged", "cullface": "south" },
				"west": { "uv": [ 16, 13, 0, 16 ], "texture": "#front", "cullface": "west" },
				"east": { "uv": [ 0, 13, 16, 16 ], "texture": "#front" }
			}
		},
		{
			"__comment": "Element",
			"from": [ 0, 14, 0 ],
			"to": [ 3, 16, 16 ],
			"faces": {
				"down": { "uv": [ 0, 1, 16, 2 ], "texture": "#front", "rotation": 90 },
				"north": { "uv": [ 0, 0, 3, 2 ], "texture": "#side", "cullface": "north" },
				"south": { "uv": [ 0, 0, 3, 2 ], "texture": "#hinged", "cullface": "south" },
				"west": { "uv": [ 16, 0, 0, 2 ], "texture": "#front", "cullface": "west" },
				"east": { "uv": [ 0, 0, 16, 2 ], "texture": "#front" }
			}
		},
		{
			"__comment": "Element",
			"from": [ 0, 3, 13 ],
			"to": [ 3, 14, 16 ],
			"faces": {
				"north": { "uv": [ 3, 2, 2, 13 ], "texture": "#front" },
				"south": { "uv": [ 0, 2, 3, 13 ], "texture": "#hinged", "cullface": "south" },
				"west": { "uv": [ 3, 2, 0, 13 ], "texture": "#front", "cullface": "west" },
				"east": { "uv": [ 0, 2, 3, 13 ], "texture": "#front" }
			}
		},
		{
			"__comment": "Element",
			"from": [ 0, 3, 0 ],
			"to": [ 3, 14, 3 ],
			"faces": {
				"north": { "uv": [ 0, 2, 3, 13 ], "texture": "#side", "cullface": "north" },
				"south": { "uv": [ 13, 2, 14, 13 ], "texture": "#front" },
				"west": { "uv": [ 16, 2, 13, 13 ], "texture": "#front", "cullface": "west" },
				"east": { "uv": [ 13, 2, 16, 13 ], "texture": "#front" }
			}
		},
		{
			"__comment": "Element",
			"from": [ 0, 3, 6 ],
			"to": [ 3, 14, 10 ],
			"faces": {
				"north": { "uv": [ 9, 2, 10, 13 ], "texture": "#front" },
				"south": { "uv": [ 6, 2, 7, 13 ], "texture": "#front" },
				"west": { "uv": [ 10, 2, 6, 13 ], "texture": "#front", "cullface": "west" },
				"east": { "uv": [ 6, 2, 10, 13 ], "texture": "#front" }
			}
		},
		{
			"__comment": "Element",
			"from": [ -0.875, 15, 4 ],
			"to": [ 3.875, 16, 5 ],
			"faces": {
				"down": { "uv": [ 11, 0, 12, 1 ], "texture": "#front", "rotation": 180 },
				"north": { "uv": [ 11, 0, 12, 1 ], "texture": "#front" },
				"south": { "uv": [ 11, 0, 12, 1 ], "texture": "#front" },
				"west": { "uv": [ 11, 0, 12, 1 ], "texture": "#front" },
				"east": { "uv": [ 11, 0, 12, 1 ], "texture": "#front" }
			}
		}
	]
}