{
	"__comment": "Made by Mickey Joe Alpha",
	"parent": "block/block",
	"textures": {
		"particle": "block/furnace_side",
		"top": "block/furnace_top",
		"front": "block/dispenser_front",
		"bottom": "block/furnace_bottom",
		"inside": "block/furnace_misc"
	},
	"elements": [ 	 
		{
			"from": [ 0, 0, 0 ],
			"to": [ 16, 3, 16 ],
			"faces": {
				"down": { "uv": [ 0, 0, 16, 16 ], "texture": "#bottom", "cullface": "down" },
				"up": { "uv": [ 0, 0, 16, 16 ], "texture": "#inside", "cullface": "north" },
				"north": { "uv": [ 0, 13, 16, 16 ], "texture": "#front", "cullface": "north" },
				"south": { "uv": [ 0, 13, 16, 16 ], "texture": "#particle", "cullface": "south" },
				"west": { "uv": [ 0, 13, 16, 16 ], "texture": "#particle", "cullface": "west" },
				"east": { "uv": [ 0, 13, 16, 16 ], "texture": "#particle", "cullface": "east" }
			}
		},
		{
			"from": [ 0, 3, 0 ],
			"to": [ 6, 7, 4 ],
			"faces": {
				"north": { "uv": [ 10, 9, 16, 13 ], "texture": "#front", "cullface": "north" },
				"west": { "uv": [ 0, 9, 4, 13 ], "texture": "#particle", "cullface": "west" },
				"east": { "uv": [ 6, 0, 10, 4 ], "texture": "#inside", "cullface": "north", "rotation": 90 }
			}
		},
		{
			"from": [ 10, 3, 0 ],
			"to": [ 16, 7, 4 ],
			"faces": {
				"north": { "uv": [ 0, 9, 6, 13 ], "texture": "#front", "cullface": "north" },
				"west": { "uv": [ 6, 0, 10, 4 ], "texture": "#inside", "cullface": "north", "rotation": 270 },
				"east": { "uv": [ 12, 9, 16, 13 ], "texture": "#particle", "cullface": "east" }
			}
		},
		{
			"from": [ 0, 3, 4 ],
			"to": [ 16, 7, 16 ],
			"faces": {
				"north": { "uv": [ 7.5, 9.5, 8.5, 10.5 ], "texture": "#front", "cullface": "north" },
				"south": { "uv": [ 0, 9, 16, 13 ], "texture": "#particle", "cullface": "south" },
				"west": { "uv": [ 4, 9, 16, 13 ], "texture": "#particle", "cullface": "west" },
				"east": { "uv": [ 0, 9, 12, 13 ], "texture": "#particle", "cullface": "east" }
			}
		},
		{
			"from": [ 0, 7, 0 ],
			"to": [ 16, 16, 16 ],
			"faces": {
				"down": { "uv": [ 0, 0, 16, 16 ], "texture": "#inside", "cullface": "north", "rotation": 180 },
				"up": { "uv": [ 0, 0, 16, 16 ], "texture": "#top", "cullface": "up" },
				"north": { "uv": [ 0, 0, 16, 9 ], "texture": "#front", "cullface": "north" },
				"south": { "uv": [ 0, 0, 16, 9 ], "texture": "#particle", "cullface": "south" },
				"west": { "uv": [ 0, 0, 16, 9 ], "texture": "#particle", "cullface": "west" },
				"east": { "uv": [ 0, 0, 16, 9 ], "texture": "#particle", "cullface": "east" }
			}
		}
	]
}