{
	"__comment": "Made by Mickey Joe Alpha",
	"textures": {
		"particle": "block/furnace_side",
		"top": "block/dispenser_front_vertical",
		"bottom": "block/furnace_bottom",
		"inside": "block/furnace_misc"
	},
	"elements": [ 	 
		{
			"from": [ 0, 0, 0 ],
			"to": [ 16, 12, 16 ],
			"faces": {
				"down": { "uv": [ 0, 0, 16, 16 ], "texture": "#bottom", "cullface": "down" },
				"up": { "uv": [ 6, 6, 10, 10 ], "texture": "#top", "cullface": "up" },
				"north": { "uv": [ 0, 4, 16, 16 ], "texture": "#particle", "cullface": "north" },
				"south": { "uv": [ 0, 4, 16, 16 ], "texture": "#particle", "cullface": "south" },
				"west": { "uv": [ 0, 4, 16, 16 ], "texture": "#particle", "cullface": "west" },
				"east": { "uv": [ 0, 4, 16, 16 ], "texture": "#particle", "cullface": "east" }
			}
		},
		{
			"from": [ 0, 12, 0 ],
			"to": [ 16, 16, 6 ],
			"faces": {
				"up": { "uv": [ 0, 0, 16, 6 ], "texture": "#top", "cullface": "up" },
				"north": { "uv": [ 0, 0, 16, 4 ], "texture": "#particle", "cullface": "north" },
				"south": { "uv": [ 16, 12, 0, 16 ], "texture": "#inside", "cullface": "up", "rotation": 180 },
				"west": { "uv": [ 0, 0, 6, 4 ], "texture": "#particle", "cullface": "west" },
				"east": { "uv": [ 10, 0, 16, 4 ], "texture": "#particle", "cullface": "east" }
			}
		},
		{
			"from": [ 0, 12, 6 ],
			"to": [ 6, 16, 10 ],
			"faces": {
				"up": { "uv": [ 0, 6, 6, 10 ], "texture": "#top", "cullface": "up" },
				"west": { "uv": [ 6, 0, 10, 4 ], "texture": "#particle", "cullface": "west" },
				"east": { "uv": [ 10, 12, 6, 16 ], "texture": "#inside", "cullface": "up", "rotation": 180 }
			}
		},
		{
			"from": [ 10, 12, 6 ],
			"to": [ 16, 16, 10 ],
			"faces": {
				"up": { "uv": [ 10, 6, 16, 10 ], "texture": "#top", "cullface": "up" },
				"west": { "uv": [ 10, 0, 6, 4 ], "texture": "#inside", "cullface": "up" },
				"east": { "uv": [ 6, 0, 10, 4 ], "texture": "#particle", "cullface": "east" }
			}
		},
		{
			"from": [ 0, 12, 10 ],
			"to": [ 16, 16, 16 ],
			"faces": {
				"up": { "uv": [ 0, 10, 16, 16 ], "texture": "#top", "cullface": "up" },
				"north": { "uv": [ 16, 0, 0, 4 ], "texture": "#inside", "cullface": "up" },
				"south": { "uv": [ 0, 0, 16, 4 ], "texture": "#particle", "cullface": "south" },
				"west": { "uv": [ 10, 0, 16, 4 ], "texture": "#particle", "cullface": "west" },
				"east": { "uv": [ 0, 0, 6, 4 ], "texture": "#particle", "cullface": "east" }
			}
		}
	]
}