{
	"__comment": "Made by Mickey Joe Alpha",
	"textures": {
		"front": "block/iron_door_top",
		"particle": "block/iron_door_top",
		"hinged": "block/door_side_hinged_top_0",
		"side": "block/door_side_top_0",
		"top": "block/door_top_0",
		"bottom": "block/door_bottom_0"
	},
	"elements": [ 	 
		{
			"__comment": "Element",
			"from": [ 0, 0, 0 ],
			"to": [ 3, 5, 16 ],
			"faces": {
				"up": { "uv": [ 0, 3, 16, 6 ], "texture": "#top", "rotation": 270 },
				"north": { "uv": [ 3, 11, 6, 16 ], "texture": "#side", "cullface": "north" },
				"south": { "uv": [ 3, 11, 6, 16 ], "texture": "#hinged", "cullface": "south" },
				"west": { "uv": [ 16, 11, 0, 16 ], "texture": "#front", "cullface": "west" },
				"east": { "uv": [ 0, 11, 16, 16 ], "texture": "#front" }
			}
		},
		{
			"__comment": "Element",
			"from": [ 0, 13, 0 ],
			"to": [ 3, 16, 16 ],
			"faces": {
				"down": { "uv": [ 16, 3, 0, 6 ], "texture": "#bottom", "rotation": 270 },
				"up": { "uv": [ 0, 3, 16, 6 ], "texture": "#top", "cullface": "up", "rotation": 270 },
				"north": { "uv": [ 3, 0, 6, 3 ], "texture": "#side", "cullface": "north" },
				"south": { "uv": [ 3, 0, 6, 3 ], "texture": "#hinged", "cullface": "south" },
				"west": { "uv": [ 16, 0, 0, 3 ], "texture": "#front", "cullface": "west" },
				"east": { "uv": [ 0, 0, 16, 3 ], "texture": "#front" }
			}
		},
		{
			"__comment": "Element",
			"from": [ 0, 5, 7 ],
			"to": [ 3, 13, 9 ],
			"faces": {
				"north": { "uv": [ 3, 6, 11, 3 ], "texture": "#bottom", "rotation": 90 },
				"south": { "uv": [ 3, 6, 11, 3 ], "texture": "#top", "rotation": 90 },
				"west": { "uv": [ 9, 3, 7, 11 ], "texture": "#front", "cullface": "west" },
				"east": { "uv": [ 7, 3, 9, 11 ], "texture": "#front" }
			}
		},
		{
			"__comment": "Element",
			"from": [ 0, 5, 13 ],
			"to": [ 3, 13, 16 ],
			"faces": {
				"north": { "uv": [ 3, 6, 11, 3 ], "texture": "#bottom", "rotation": 90 },
				"south": { "uv": [ 3, 3, 6, 11 ], "texture": "#hinged", "cullface": "south" },
				"west": { "uv": [ 3, 3, 0, 11 ], "texture": "#front", "cullface": "west" },
				"east": { "uv": [ 0, 3, 3, 11 ], "texture": "#front" }
			}
		},
		{
			"__comment": "Element",
			"from": [ 0, 5, 0 ],
			"to": [ 3, 13, 3 ],
			"faces": {
				"north": { "uv": [ 3, 3, 6, 11 ], "texture": "#side", "cullface": "north" },
				"south": { "uv": [ 3, 6, 11, 3 ], "texture": "#top", "rotation": 90 },
				"west": { "uv": [ 16, 3, 13, 11 ], "texture": "#front", "cullface": "west" },
				"east": { "uv": [ 13, 3, 16, 11 ], "texture": "#front" }
			}
		},
		{
			"__comment": "Element",
			"from": [ 0, 8, 3 ],
			"to": [ 3, 10, 13 ],
			"faces": {
				"down": { "uv": [ 3, 3, 13, 6 ], "texture": "#bottom", "rotation": 270 },
				"up": { "uv": [ 3, 3, 13, 6 ], "texture": "#top", "rotation": 270 },
				"west": { "uv": [ 13, 6, 3, 8 ], "texture": "#front", "cullface": "west" },
				"east": { "uv": [ 3, 6, 13, 8 ], "texture": "#front" }
			}
		}
	]
}