{
	"__comment": "Made by Mickey Joe Alpha",
	"parent": "block/block",
	"textures": {
		"particle": "block/iron_trapdoor",
		"front": "block/iron_trapdoor",
		"side": "block/trapdoor_side_0"
	},
	"elements": [ 	 
		{
			"__comment": "Element",
			"from": [ 0, 13, 0 ],
			"to": [ 16, 16, 3 ],
			"faces": {
				"down": { "uv": [ 0, 13, 16, 16 ], "texture": "#front" },
				"up": { "uv": [ 16, 16, 0, 13 ], "texture": "#front", "cullface": "up" },
				"north": { "uv": [ 0, 6, 16, 9 ], "texture": "#side", "cullface": "north" },
				"south": { "uv": [ 0, 9, 16, 12 ], "texture": "#side" },
				"west": { "uv": [ 0, 6, 3, 9 ], "texture": "#side", "cullface": "west" },
				"east": { "uv": [ 13, 6, 16, 9 ], "texture": "#side", "cullface": "east" }
			}
		},
		{
			"__comment": "Element",
			"from": [ 0, 13, 13 ],
			"to": [ 16, 16, 16 ],
			"faces": {
				"down": { "uv": [ 0, 0, 16, 3 ], "texture": "#front" },
				"up": { "uv": [ 16, 3, 0, 0 ], "texture": "#front", "cullface": "up" },
				"north": { "uv": [ 0, 6, 16, 9 ], "texture": "#side" },
				"south": { "uv": [ 0, 6, 16, 9 ], "texture": "#side", "cullface": "south" },
				"west": { "uv": [ 13, 6, 16, 9 ], "texture": "#side", "cullface": "west" },
				"east": { "uv": [ 0, 6, 3, 9 ], "texture": "#side", "cullface": "east" }
			}
		},
		{
			"__comment": "Element",
			"from": [ 0, 13, 3 ],
			"to": [ 3, 16, 13 ],
			"faces": {
				"down": { "uv": [ 0, 3, 3, 13 ], "texture": "#front" },
				"up": { "uv": [ 16, 13, 13, 3 ], "texture": "#front", "cullface": "up" },
				"west": { "uv": [ 3, 6, 13, 9 ], "texture": "#side", "cullface": "west" },
				"east": { "uv": [ 13, 13, 16, 3 ], "texture": "#front", "rotation": 90 }
			}
		},
		{
			"__comment": "Element",
			"from": [ 13, 13, 3 ],
			"to": [ 16, 16, 13 ],
			"faces": {
				"down": { "uv": [ 13, 3, 16, 13 ], "texture": "#front" },
				"up": { "uv": [ 3, 13, 0, 3 ], "texture": "#front", "cullface": "up" },
				"west": { "uv": [ 16, 13, 13, 3 ], "texture": "#front", "rotation": 90 },
				"east": { "uv": [ 3, 6, 13, 9 ], "texture": "#side", "cullface": "east" }
			}
		},
		{
			"__comment": "Element",
			"from": [ 3, 13, 6 ],
			"to": [ 13, 16, 10 ],
			"faces": {
				"down": { "uv": [ 3, 6, 13, 10 ], "texture": "#front" },
				"up": { "uv": [ 13, 10, 3, 6 ], "texture": "#front", "cullface": "up" },
				"north": { "uv": [ 3, 6, 13, 9 ], "texture": "#side" },
				"south": { "uv": [ 3, 9, 13, 12 ], "texture": "#side" }
			}
		},
		{
			"__comment": "Element",
			"from": [ 6, 13, 3 ],
			"to": [ 10, 16, 13 ],
			"faces": {
				"down": { "uv": [ 6, 3, 10, 13 ], "texture": "#front" },
				"up": { "uv": [ 10, 13, 6, 3 ], "texture": "#front", "cullface": "up" },
				"west": { "uv": [ 13, 13, 16, 3 ], "texture": "#front", "rotation": 270 },
				"east": { "uv": [ 13, 13, 16, 3 ], "texture": "#front", "rotation": 90 }
			}
		}
	]
}