{
	"__comment": "Made by Mickey Joe Alpha",
	"parent": "block/block",
	"textures": {
		"particle": "block/jukebox_side",
		"top": "block/jukebox_top",
		"side": "block/jukebox_side"
	},
	"elements": [ 	 
		{
			"__comment": "Cube1",
			"from": [ 0, 0, 0 ],
			"to": [ 7, 16, 16 ],
			"faces": {
				"down": { "uv": [ 0, 0, 7, 16 ], "texture": "#side", "cullface": "down" },
				"up": { "uv": [ 0, 0, 7, 16 ], "texture": "#top", "cullface": "up" },
				"north": { "uv": [ 9, 0, 16, 16 ], "texture": "#side", "cullface": "north" },
				"south": { "uv": [ 0, 0, 7, 16 ], "texture": "#side", "cullface": "south" },
				"west": { "uv": [ 0, 0, 16, 16 ], "texture": "#side", "cullface": "west" },
				"east": { "uv": [ 9, 3, 10, 13 ], "texture": "#top", "cullface": "up" }
			}
		},
		{
			"__comment": "Cube2",
			"from": [ 9, 0, 0 ],
			"to": [ 16, 16, 16 ],
			"faces": {
				"down": { "uv": [ 9, 0, 16, 16 ], "texture": "#side", "cullface": "down" },
				"up": { "uv": [ 9, 0, 16, 16 ], "texture": "#top", "cullface": "up" },
				"north": { "uv": [ 0, 0, 7, 16 ], "texture": "#side", "cullface": "north" },
				"south": { "uv": [ 9, 0, 16, 16 ], "texture": "#side", "cullface": "south" },
				"west": { "uv": [ 6, 3, 7, 13 ], "texture": "#top", "cullface": "up" },
				"east": { "uv": [ 0, 0, 16, 16 ], "texture": "#side", "cullface": "east" }
			}
		},
		{
			"__comment": "Cube4",
			"from": [ 7, 0, 0 ],
			"to": [ 9, 16, 3 ],
			"faces": {
				"down": { "uv": [ 7, 13, 9, 16 ], "texture": "#side", "cullface": "down" },
				"up": { "uv": [ 7, 0, 9, 3 ], "texture": "#top", "cullface": "up" },
				"north": { "uv": [ 7, 0, 9, 16 ], "texture": "#side", "cullface": "north" },
				"south": { "uv": [ 7, 13, 9, 14 ], "texture": "#top", "cullface": "up", "rotation": 180 }
			}
		},
		{
			"__comment": "Cube5",
			"from": [ 7, 0, 13 ],
			"to": [ 9, 16, 16 ],
			"faces": {
				"down": { "uv": [ 7, 0, 9, 3 ], "texture": "#side", "cullface": "down" },
				"up": { "uv": [ 7, 13, 9, 16 ], "texture": "#top", "cullface": "up" },
				"north": { "uv": [ 7, 2, 9, 3 ], "texture": "#top", "cullface": "up" },
				"south": { "uv": [ 7, 0, 9, 16 ], "texture": "#side", "cullface": "south" }
			}
		},
		{
			"__comment": "Cube6",
			"from": [ 7, 0, 3 ],
			"to": [ 9, 15, 13 ],
			"faces": {
				"down": { "uv": [ 7, 3, 9, 13 ], "texture": "#side", "cullface": "down" },
				"up": { "uv": [ 7, 3, 9, 13 ], "texture": "#top", "cullface": "up" }
			}
		}
	]
}