{
	"__comment": "Made by Mickey Joe Alpha",
	"textures": {
		"particle": "block/jungle_door_top",
		"front": "block/jungle_door_top",
		"hinged": "block/door_side_hinged_top_0",
		"side": "block/door_side_top_0",
		"top": "block/door_top_0",
		"bottom": "block/door_bottom_0"
	},
	"elements": [ 	 
		{
			"__comment": "Element",
			"from": [ -0.875, 0, 4 ],
			"to": [ 3.875, 1, 5 ],
			"faces": {
				"down": { "uv": [ 11, 15, 12, 16 ], "texture": "#front", "rotation": 90 },
				"north": { "uv": [ 11, 15, 12, 16 ], "texture": "#front" },
				"south": { "uv": [ 11, 15, 12, 16 ], "texture": "#front" },
				"west": { "uv": [ 11, 15, 12, 16 ], "texture": "#front" },
				"east": { "uv": [ 11, 15, 12, 16 ], "texture": "#front" }
			}
		},
		{
			"__comment": "Element",
			"from": [ -0.875, 1, 2 ],
			"to": [ 3.875, 2, 5 ],
			"faces": {
				"down": { "uv": [ 11, 14, 14, 15 ], "texture": "#front", "rotation": 90 },
				"up": { "uv": [ 11, 14, 14, 15 ], "texture": "#front", "rotation": 270 },
				"north": { "uv": [ 13, 14, 14, 15 ], "texture": "#front" },
				"south": { "uv": [ 11, 14, 12, 15 ], "texture": "#front" },
				"west": { "uv": [ 14, 14, 11, 15 ], "texture": "#front" },
				"east": { "uv": [ 11, 14, 14, 15 ], "texture": "#front" }
			}
		},
		{
			"__comment": "Box11",
			"from": [ 0, 0, 0 ],
			"to": [ 3, 4, 16 ],
			"faces": {
				"up": { "uv": [ 0, 12, 16, 15 ], "texture": "#top", "rotation": 270 },
				"north": { "uv": [ 12, 12, 15, 16 ], "texture": "#side", "cullface": "north" },
				"south": { "uv": [ 12, 12, 15, 16 ], "texture": "#hinged", "cullface": "south" },
				"west": { "uv": [ 16, 12, 0, 16 ], "texture": "#front", "cullface": "west" },
				"east": { "uv": [ 0, 12, 16, 16 ], "texture": "#front" }
			}
		},
		{
			"__comment": "Box12",
			"from": [ 0, 4, 9 ],
			"to": [ 3, 5, 16 ],
			"faces": {
				"up": { "uv": [ 0, 12, 7, 15 ], "texture": "#top", "rotation": 270 },
				"north": { "uv": [ 6, 12, 7, 15 ], "texture": "#top", "rotation": 90 },
				"south": { "uv": [ 12, 11, 15, 12 ], "texture": "#hinged", "cullface": "south" },
				"west": { "uv": [ 7, 11, 0, 12 ], "texture": "#front", "cullface": "west" },
				"east": { "uv": [ 0, 11, 7, 12 ], "texture": "#front" }
			}
		},
		{
			"__comment": "Box13",
			"from": [ 0, 4, 0 ],
			"to": [ 3, 5, 7 ],
			"faces": {
				"up": { "uv": [ 9, 12, 16, 15 ], "texture": "#top", "rotation": 270 },
				"north": { "uv": [ 12, 11, 15, 12 ], "texture": "#side", "cullface": "north" },
				"south": { "uv": [ 9, 12, 10, 15 ], "texture": "#top", "rotation": 270 },
				"west": { "uv": [ 16, 11, 9, 12 ], "texture": "#front", "cullface": "west" },
				"east": { "uv": [ 9, 11, 16, 12 ], "texture": "#front" }
			}
		},
		{
			"__comment": "Box14",
			"from": [ 0, 5, 10 ],
			"to": [ 3, 6, 16 ],
			"faces": {
				"north": { "uv": [ 3, 12, 4, 15 ], "texture": "#bottom", "rotation": 90 },
				"south": { "uv": [ 12, 10, 15, 11 ], "texture": "#hinged", "cullface": "south" },
				"west": { "uv": [ 6, 10, 0, 11 ], "texture": "#front", "cullface": "west" },
				"east": { "uv": [ 0, 10, 6, 11 ], "texture": "#front" }
			}
		},
		{
			"__comment": "Box15",
			"from": [ 0, 5, 0 ],
			"to": [ 3, 6, 6 ],
			"faces": {
				"north": { "uv": [ 12, 10, 15, 11 ], "texture": "#side", "cullface": "north" },
				"south": { "uv": [ 14, 12, 15, 15 ], "texture": "#bottom", "rotation": 270 },
				"west": { "uv": [ 16, 10, 10, 11 ], "texture": "#front", "cullface": "west" },
				"east": { "uv": [ 10, 10, 16, 11 ], "texture": "#front" }
			}
		},
		{
			"__comment": "Box16",
			"from": [ 0, 6, 0 ],
			"to": [ 3, 8, 16 ],
			"faces": {
				"down": { "uv": [ 16, 12, 0, 15 ], "texture": "#bottom", "rotation": 270 },
				"up": { "uv": [ 16, 12, 0, 15 ], "texture": "#top", "rotation": 270 },
				"north": { "uv": [ 12, 8, 15, 10 ], "texture": "#side", "cullface": "north" },
				"south": { "uv": [ 12, 8, 15, 10 ], "texture": "#hinged", "cullface": "south" },
				"west": { "uv": [ 16, 8, 0, 10 ], "texture": "#front", "cullface": "west" },
				"east": { "uv": [ 0, 8, 16, 10 ], "texture": "#front" }
			}
		},
		{
			"__comment": "Box17",
			"from": [ 1, 8, 9 ],
			"to": [ 2, 12, 10 ],
			"faces": {
				"north": { "uv": [ 6, 4, 7, 8 ], "texture": "#front" },
				"south": { "uv": [ 6, 4, 7, 8 ], "texture": "#front" },
				"west": { "uv": [ 6, 4, 7, 8 ], "texture": "#front", "cullface": "west" },
				"east": { "uv": [ 6, 4, 7, 8 ], "texture": "#front" }
			}
		},
		{
			"__comment": "Box18",
			"from": [ 1, 8, 6 ],
			"to": [ 2, 12, 7 ],
			"faces": {
				"north": { "uv": [ 9, 4, 10, 8 ], "texture": "#front" },
				"south": { "uv": [ 9, 4, 10, 8 ], "texture": "#front" },
				"west": { "uv": [ 9, 4, 10, 8 ], "texture": "#front", "cullface": "west" },
				"east": { "uv": [ 9, 4, 10, 8 ], "texture": "#front" }
			}
		},
		{
			"__comment": "Box19",
			"from": [ 0, 8, 12 ],
			"to": [ 3, 11, 16 ],
			"faces": {
				"north": { "uv": [ 1, 12, 4, 15 ], "texture": "#bottom", "rotation": 270 },
				"south": { "uv": [ 12, 5, 15, 8 ], "texture": "#hinged", "cullface": "south" },
				"west": { "uv": [ 4, 5, 0, 8 ], "texture": "#front", "cullface": "west" },
				"east": { "uv": [ 0, 5, 4, 8 ], "texture": "#front" }
			}
		},
		{
			"__comment": "Box20",
			"from": [ 0, 8, 0 ],
			"to": [ 3, 11, 4 ],
			"faces": {
				"north": { "uv": [ 12, 5, 15, 8 ], "texture": "#side", "cullface": "north" },
				"south": { "uv": [ 12, 12, 15, 15 ], "texture": "#bottom", "rotation": 90 },
				"west": { "uv": [ 16, 5, 12, 8 ], "texture": "#front", "cullface": "west" },
				"east": { "uv": [ 12, 5, 16, 8 ], "texture": "#front" }
			}
		},
		{
			"__comment": "Box21",
			"from": [ 0, 11, 11 ],
			"to": [ 3, 12, 16 ],
			"faces": {
				"down": { "uv": [ 0, 15, 5, 12 ], "texture": "#bottom", "rotation": 90 },
				"north": { "uv": [ 4, 12, 5, 15 ], "texture": "#bottom", "rotation": 90 },
				"south": { "uv": [ 12, 4, 15, 5 ], "texture": "#hinged", "cullface": "south" },
				"west": { "uv": [ 5, 4, 0, 5 ], "texture": "#front", "cullface": "west" },
				"east": { "uv": [ 0, 4, 5, 5 ], "texture": "#front" }
			}
		},
		{
			"__comment": "Box22",
			"from": [ 0, 11, 0 ],
			"to": [ 3, 12, 5 ],
			"faces": {
				"down": { "uv": [ 11, 15, 16, 12 ], "texture": "#bottom", "rotation": 90 },
				"north": { "uv": [ 12, 4, 15, 5 ], "texture": "#side", "cullface": "north" },
				"south": { "uv": [ 11, 12, 12, 15 ], "texture": "#bottom", "rotation": 90 },
				"west": { "uv": [ 16, 4, 11, 5 ], "texture": "#front", "cullface": "west" },
				"east": { "uv": [ 11, 4, 16, 5 ], "texture": "#front" }
			}
		},
		{
			"__comment": "Box23",
			"from": [ 0, 13, 0 ],
			"to": [ 3, 16, 16 ],
			"faces": {
				"down": { "uv": [ 0, 12, 16, 15 ], "texture": "#bottom", "rotation": 270 },
				"up": { "uv": [ 0, 12, 16, 15 ], "texture": "#top", "cullface": "up", "rotation": 270 },
				"north": { "uv": [ 12, 0, 15, 3 ], "texture": "#side", "cullface": "north" },
				"south": { "uv": [ 12, 0, 15, 3 ], "texture": "#hinged", "cullface": "south" },
				"west": { "uv": [ 16, 0, 0, 3 ], "texture": "#front", "cullface": "west" },
				"east": { "uv": [ 0, 0, 16, 3 ], "texture": "#front" }
			}
		},
		{
			"__comment": "Box24",
			"from": [ 0, 12, 9 ],
			"to": [ 3, 13, 16 ],
			"faces": {
				"down": { "uv": [ 1, 15, 8, 12 ], "texture": "#bottom", "rotation": 90 },
				"north": { "uv": [ 6, 12, 7, 15 ], "texture": "#bottom", "rotation": 90 },
				"south": { "uv": [ 12, 3, 15, 4 ], "texture": "#hinged", "cullface": "south" },
				"west": { "uv": [ 7, 3, 0, 4 ], "texture": "#front", "cullface": "west" },
				"east": { "uv": [ 0, 3, 7, 4 ], "texture": "#front" }
			}
		},
		{
			"__comment": "Box25",
			"from": [ 0, 12, 0 ],
			"to": [ 3, 13, 7 ],
			"faces": {
				"down": { "uv": [ 8, 15, 15, 12 ], "texture": "#bottom", "rotation": 90 },
				"north": { "uv": [ 12, 3, 15, 4 ], "texture": "#side", "cullface": "north" },
				"south": { "uv": [ 9, 12, 10, 15 ], "texture": "#bottom", "rotation": 270 },
				"west": { "uv": [ 16, 3, 9, 4 ], "texture": "#front", "cullface": "west" },
				"east": { "uv": [ 9, 3, 16, 4 ], "texture": "#front" }
			}
		}
	]
}