{
	"__comment": "Made by Mickey Joe Alpha",
	"textures": {
		"particle": "block/jungle_trapdoor",
		"front": "block/jungle_trapdoor",
		"side": "block/trapdoor_side_1"
	},
	"elements": [ 	 
		{
			"__comment": "Box1",
			"from": [ 0, 0, 13 ],
			"to": [ 16, 3, 16 ],
			"faces": {
				"down": { "uv": [ 0, 0, 16, 3 ], "texture": "#front", "cullface": "down" },
				"up": { "uv": [ 16, 3, 0, 0 ], "texture": "#front" },
				"north": { "uv": [ 0, 12, 16, 15 ], "texture": "#side" },
				"south": { "uv": [ 16, 12, 0, 9 ], "texture": "#side", "cullface": "south" },
				"west": { "uv": [ 0, 9, 3, 12 ], "texture": "#side", "cullface": "west", "rotation": 180 },
				"east": { "uv": [ 13, 9, 16, 12 ], "texture": "#side", "cullface": "east", "rotation": 180 }
			}
		},
		{
			"__comment": "Box2",
			"from": [ 0, 0, 12 ],
			"to": [ 5, 3, 13 ],
			"faces": {
				"down": { "uv": [ 0, 3, 5, 4 ], "texture": "#front", "cullface": "down" },
				"up": { "uv": [ 16, 3, 11, 4 ], "texture": "#front" },
				"north": { "uv": [ 5, 12, 0, 15 ], "texture": "#side" },
				"west": { "uv": [ 3, 9, 4, 12 ], "texture": "#side", "cullface": "west", "rotation": 180 },
				"east": { "uv": [ 2, 12, 3, 15 ], "texture": "#side", "rotation": 180 }
			}
		},
		{
			"__comment": "Box3",
			"from": [ 11, 0, 12 ],
			"to": [ 16, 3, 13 ],
			"faces": {
				"down": { "uv": [ 11, 3, 16, 4 ], "texture": "#front", "cullface": "down" },
				"up": { "uv": [ 5, 3, 0, 4 ], "texture": "#front" },
				"north": { "uv": [ 16, 12, 11, 15 ], "texture": "#side" },
				"west": { "uv": [ 13, 12, 14, 15 ], "texture": "#side", "rotation": 180 },
				"east": { "uv": [ 12, 9, 13, 12 ], "texture": "#side", "cullface": "east", "rotation": 180 }
			}
		},
		{
			"__comment": "Box4",
			"from": [ 0, 0, 11 ],
			"to": [ 4, 3, 12 ],
			"faces": {
				"down": { "uv": [ 0, 4, 4, 5 ], "texture": "#front", "cullface": "down" },
				"up": { "uv": [ 16, 4, 12, 5 ], "texture": "#front" },
				"north": { "uv": [ 6, 12, 2, 15 ], "texture": "#side" },
				"west": { "uv": [ 4, 9, 5, 12 ], "texture": "#side", "cullface": "west", "rotation": 180 },
				"east": { "uv": [ 4, 12, 5, 15 ], "texture": "#side", "rotation": 180 }
			}
		},
		{
			"__comment": "Box5",
			"from": [ 12, 0, 11 ],
			"to": [ 16, 3, 12 ],
			"faces": {
				"down": { "uv": [ 12, 4, 16, 5 ], "texture": "#front", "cullface": "down" },
				"up": { "uv": [ 4, 4, 0, 5 ], "texture": "#front" },
				"north": { "uv": [ 10, 12, 11, 15 ], "texture": "#side", "rotation": 180 },
				"west": { "uv": [ 11, 12, 12, 15 ], "texture": "#side", "rotation": 180 },
				"east": { "uv": [ 11, 9, 12, 12 ], "texture": "#side", "cullface": "east", "rotation": 180 }
			}
		},
		{
			"__comment": "Box6",
			"from": [ 0, 0, 9 ],
			"to": [ 3, 3, 11 ],
			"faces": {
				"down": { "uv": [ 0, 5, 3, 7 ], "texture": "#front", "cullface": "down" },
				"up": { "uv": [ 16, 7, 13, 5 ], "texture": "#front" },
				"west": { "uv": [ 5, 9, 7, 12 ], "texture": "#side", "cullface": "west", "rotation": 180 },
				"east": { "uv": [ 5, 12, 7, 15 ], "texture": "#side", "rotation": 180 }
			}
		},
		{
			"__comment": "Box7",
			"from": [ 13, 0, 9 ],
			"to": [ 16, 3, 11 ],
			"faces": {
				"down": { "uv": [ 13, 5, 16, 7 ], "texture": "#front", "cullface": "down" },
				"up": { "uv": [ 3, 7, 0, 5 ], "texture": "#front" },
				"west": { "uv": [ 9, 12, 11, 15 ], "texture": "#side", "rotation": 180 },
				"east": { "uv": [ 9, 9, 11, 12 ], "texture": "#side", "cullface": "east", "rotation": 180 }
			}
		},
		{
			"__comment": "Box8",
			"from": [ 0, 0, 7 ],
			"to": [ 16, 3, 9 ],
			"faces": {
				"down": { "uv": [ 16, 9, 0, 7 ], "texture": "#front", "cullface": "down", "rotation": 180 },
				"up": { "uv": [ 16, 9, 0, 7 ], "texture": "#front" },
				"north": { "uv": [ 16, 12, 0, 15 ], "texture": "#side" },
				"south": { "uv": [ 0, 12, 16, 15 ], "texture": "#side" },
				"west": { "uv": [ 7, 9, 9, 12 ], "texture": "#side", "cullface": "west", "rotation": 180 },
				"east": { "uv": [ 7, 9, 9, 12 ], "texture": "#side", "cullface": "east", "rotation": 180 }
			}
		},
		{
			"__comment": "Box9",
			"from": [ 0, 0, 5 ],
			"to": [ 4, 3, 7 ],
			"faces": {
				"down": { "uv": [ 0, 9, 4, 11 ], "texture": "#front", "cullface": "down" },
				"up": { "uv": [ 16, 11, 12, 9 ], "texture": "#front" },
				"west": { "uv": [ 9, 9, 11, 12 ], "texture": "#side", "cullface": "west", "rotation": 180 },
				"east": { "uv": [ 9, 12, 11, 15 ], "texture": "#side", "rotation": 180 }
			}
		},
		{
			"__comment": "Box10",
			"from": [ 12, 0, 5 ],
			"to": [ 16, 3, 7 ],
			"faces": {
				"down": { "uv": [ 12, 9, 16, 11 ], "texture": "#front", "cullface": "down" },
				"up": { "uv": [ 4, 11, 0, 9 ], "texture": "#front" },
				"west": { "uv": [ 5, 15, 7, 12 ], "texture": "#side", "rotation": 180 },
				"east": { "uv": [ 5, 9, 7, 12 ], "texture": "#side", "cullface": "east", "rotation": 180 }
			}
		},
		{
			"__comment": "Box11",
			"from": [ 0, 0, 4 ],
			"to": [ 5, 3, 5 ],
			"faces": {
				"down": { "uv": [ 0, 11, 5, 12 ], "texture": "#front", "cullface": "down" },
				"up": { "uv": [ 16, 11, 11, 12 ], "texture": "#front" },
				"south": { "uv": [ 1, 12, 6, 15 ], "texture": "#side" },
				"west": { "uv": [ 11, 9, 12, 12 ], "texture": "#side", "cullface": "west", "rotation": 180 },
				"east": { "uv": [ 5, 12, 6, 15 ], "texture": "#side", "rotation": 180 }
			}
		},
		{
			"__comment": "Box12",
			"from": [ 11, 0, 4 ],
			"to": [ 16, 3, 5 ],
			"faces": {
				"down": { "uv": [ 11, 11, 16, 12 ], "texture": "#front", "cullface": "down" },
				"up": { "uv": [ 5, 11, 0, 12 ], "texture": "#front" },
				"south": { "uv": [ 10, 12, 15, 15 ], "texture": "#side" },
				"west": { "uv": [ 10, 12, 11, 15 ], "texture": "#side", "rotation": 180 },
				"east": { "uv": [ 4, 9, 5, 12 ], "texture": "#side", "cullface": "east", "rotation": 180 }
			}
		},
		{
			"__comment": "Box13",
			"from": [ 0, 0, 0 ],
			"to": [ 16, 3, 4 ],
			"faces": {
				"down": { "uv": [ 0, 12, 16, 16 ], "texture": "#front", "cullface": "down" },
				"up": { "uv": [ 16, 16, 0, 12 ], "texture": "#front" },
				"north": { "uv": [ 16, 12, 0, 9 ], "texture": "#side", "cullface": "north" },
				"south": { "uv": [ 0, 12, 16, 15 ], "texture": "#side" },
				"west": { "uv": [ 12, 9, 16, 12 ], "texture": "#side", "cullface": "west", "rotation": 180 },
				"east": { "uv": [ 0, 9, 4, 12 ], "texture": "#side", "cullface": "east", "rotation": 180 }
			}
		},
		{
			"__comment": "Box14",
			"from": [ 5, -0.875, 1 ],
			"to": [ 11, 0, 2 ],
			"faces": {
				"down": { "uv": [ 5, 14, 11, 15 ], "texture": "#front", "cullface": "down" },
				"north": { "uv": [ 11, 15, 5, 14 ], "texture": "#front", "cullface": "down" },
				"south": { "uv": [ 5, 15, 11, 14 ], "texture": "#front", "cullface": "down" },
				"west": { "uv": [ 5, 14, 6, 15 ], "texture": "#front", "cullface": "down", "rotation": 180 },
				"east": { "uv": [ 10, 14, 11, 15 ], "texture": "#front", "cullface": "down", "rotation": 180 }
			}
		},
		{
			"__comment": "Box15",
			"from": [ 6, 1, 4 ],
			"to": [ 7, 2, 13 ],
			"faces": {
				"down": { "uv": [ 6, 3, 7, 12 ], "texture": "#front", "cullface": "down" },
				"up": { "uv": [ 6, 3, 7, 12 ], "texture": "#front", "rotation": 180 },
				"west": { "uv": [ 6, 3, 7, 12 ], "texture": "#front", "rotation": 90 },
				"east": { "uv": [ 6, 3, 7, 12 ], "texture": "#front", "rotation": 270 }
			}
		},
		{
			"__comment": "Box16",
			"from": [ 9, 1, 4 ],
			"to": [ 10, 2, 13 ],
			"faces": {
				"down": { "uv": [ 9, 3, 10, 12 ], "texture": "#front", "cullface": "down" },
				"up": { "uv": [ 9, 3, 10, 12 ], "texture": "#front", "rotation": 180 },
				"west": { "uv": [ 9, 3, 10, 12 ], "texture": "#front", "rotation": 90 },
				"east": { "uv": [ 9, 3, 10, 12 ], "texture": "#front", "rotation": 270 }
			}
		},
		{
			"__comment": "Box17",
			"from": [ 5, 3, 1 ],
			"to": [ 11, 3.875, 2 ],
			"faces": {
				"up": { "uv": [ 11, 14, 5, 15 ], "texture": "#front" },
				"north": { "uv": [ 5, 14, 11, 15 ], "texture": "#front" },
				"south": { "uv": [ 11, 14, 5, 15 ], "texture": "#front" },
				"west": { "uv": [ 10, 14, 11, 15 ], "texture": "#front" },
				"east": { "uv": [ 5, 14, 6, 15 ], "texture": "#front" }
			}
		}
	],
	"display": {
		"thirdperson_righthand": {
			"rotation":  [ 75, 45, 0 ],
			"translation":  [ 0, 2.5, 1.5 ],
			"scale":  [ 0.375, 0.375, 0.375 ]
		},
		"thirdperson_lefthand": {
			"rotation":  [ 75, 45, 0 ],
			"translation":  [ 0, 2.5, 1.5 ],
			"scale":  [ 0.375, 0.375, 0.375 ]
		},
		"firstperson_righthand": {
			"rotation":  [ 0, 45, 0 ],
			"translation":  [ 0, 3, 0 ],
			"scale":  [ 0.4, 0.4, 0.4 ]
		},
		"firstperson_lefthand": {
			"rotation":  [ 0, 45, 0 ],
			"translation":  [ 0, 3, 0 ],
			"scale":  [ 0.4, 0.4, 0.4 ]
		},
		"gui": {
			"rotation":  [ 30, 225, 0 ],
			"translation":  [ 0, 3, 0 ],
			"scale":  [ 0.625, 0.625, 0.625 ]
		},
		"head": {
			"rotation":  [ 90, 180, 0 ]
		},
		"ground": {
			"translation":  [ 0, 3, 0 ],
			"scale":  [ 0.25, 0.25, 0.25 ]
		},
		"fixed": {
			"translation":  [ 0, 3, 0 ],
			"scale":  [ 0.5, 0.5, 0.5 ]
		}
	}
}