{
	"__comment": "Made by Mickey Joe Alpha",
	"parent": "block/block",
	"textures": {
		"particle": "block/loom_side",
		"top": "block/loom_top",
		"front": "block/loom_front",
		"side": "block/loom_side",
		"bottom": "block/loom_bottom",
		"inside": "block/loom_inside"
	},
	"elements": [ 	 
		{
			"__comment": "Box1",
			"from": [ 0, 5, 0 ],
			"to": [ 16, 8, 16 ],
			"faces": {
				"down": { "uv": [ 16, 10, 0, 11 ], "texture": "#front", "cullface": "north" },
				"up": { "uv": [ 0, 0, 16, 16 ], "texture": "#inside", "cullface": "north" },
				"north": { "uv": [ 0, 8, 16, 11 ], "texture": "#front", "cullface": "north" },
				"south": { "uv": [ 0, 8, 16, 11 ], "texture": "#side", "cullface": "south" },
				"west": { "uv": [ 0, 8, 16, 11 ], "texture": "#side", "cullface": "west" },
				"east": { "uv": [ 0, 8, 16, 11 ], "texture": "#side", "cullface": "east" }
			}
		},
		{
			"__comment": "Box2",
			"from": [ 0, 0, 0 ],
			"to": [ 16, 2, 16 ],
			"faces": {
				"down": { "uv": [ 0, 0, 16, 16 ], "texture": "#bottom", "cullface": "down", "rotation": 180 },
				"up": { "uv": [ 0, 14, 16, 15 ], "texture": "#front", "cullface": "north", "rotation": 180 },
				"north": { "uv": [ 0, 14, 16, 16 ], "texture": "#front", "cullface": "north" },
				"south": { "uv": [ 0, 14, 16, 16 ], "texture": "#side", "cullface": "south" },
				"west": { "uv": [ 0, 14, 16, 16 ], "texture": "#side", "cullface": "west" },
				"east": { "uv": [ 0, 14, 16, 16 ], "texture": "#side", "cullface": "east" }
			}
		},
		{
			"__comment": "Box3",
			"from": [ 0, 2, 1 ],
			"to": [ 16, 5, 16 ],
			"faces": {
				"north": { "uv": [ 0, 11, 16, 14 ], "texture": "#front", "cullface": "north" },
				"south": { "uv": [ 0, 11, 16, 14 ], "texture": "#side", "cullface": "south" },
				"west": { "uv": [ 1, 11, 16, 14 ], "texture": "#side", "cullface": "west" },
				"east": { "uv": [ 0, 11, 15, 14 ], "texture": "#side", "cullface": "east" }
			}
		},
		{
			"__comment": "Box4",
			"from": [ 0, 2, 0 ],
			"to": [ 1, 5, 1 ],
			"faces": {
				"north": { "uv": [ 15, 11, 16, 14 ], "texture": "#front", "cullface": "north" },
				"west": { "uv": [ 15, 11, 16, 14 ], "texture": "#front", "cullface": "west" },
				"east": { "uv": [ 15, 11, 16, 14 ], "texture": "#front", "cullface": "north" }
			}
		},
		{
			"__comment": "Box5",
			"from": [ 15, 2, 0 ],
			"to": [ 16, 5, 1 ],
			"faces": {
				"north": { "uv": [ 0, 11, 1, 14 ], "texture": "#front", "cullface": "north" },
				"west": { "uv": [ 0, 11, 1, 14 ], "texture": "#front", "cullface": "north" },
				"east": { "uv": [ 0, 11, 1, 14 ], "texture": "#front", "cullface": "east" }
			}
		},
		{
			"__comment": "Box6",
			"from": [ 0, 8, 1 ],
			"to": [ 16, 10, 16 ],
			"faces": {
				"north": { "uv": [ 0, 13, 16, 15 ], "texture": "#inside", "cullface": "north", "rotation": 180 },
				"south": { "uv": [ 0, 6, 16, 8 ], "texture": "#side", "cullface": "south" },
				"west": { "uv": [ 1, 6, 16, 8 ], "texture": "#side", "cullface": "west" },
				"east": { "uv": [ 0, 6, 15, 8 ], "texture": "#side", "cullface": "east" }
			}
		},
		{
			"__comment": "Box7",
			"from": [ 0, 10, 0 ],
			"to": [ 16, 15, 16 ],
			"faces": {
				"down": { "uv": [ 16, 16, 0, 0 ], "texture": "#inside", "cullface": "north", "rotation": 180 },
				"up": { "uv": [ 0, 0, 16, 16 ], "texture": "#inside", "cullface": "up" },
				"north": { "uv": [ 0, 1, 16, 6 ], "texture": "#front", "cullface": "north" },
				"south": { "uv": [ 0, 1, 16, 6 ], "texture": "#side", "cullface": "south" },
				"west": { "uv": [ 0, 1, 16, 6 ], "texture": "#side", "cullface": "west" },
				"east": { "uv": [ 0, 1, 16, 6 ], "texture": "#side", "cullface": "east" }
			}
		},
		{
			"__comment": "Box8",
			"from": [ 15, 8, 0 ],
			"to": [ 16, 10, 1 ],
			"faces": {
				"north": { "uv": [ 0, 6, 1, 8 ], "texture": "#front", "cullface": "north" },
				"west": { "uv": [ 0, 6, 1, 8 ], "texture": "#front", "cullface": "north" },
				"east": { "uv": [ 15, 6, 16, 8 ], "texture": "#side", "cullface": "east" }
			}
		},
		{
			"__comment": "Box9",
			"from": [ 0, 8, 0 ],
			"to": [ 1, 10, 1 ],
			"faces": {
				"north": { "uv": [ 15, 6, 16, 8 ], "texture": "#front", "cullface": "north" },
				"west": { "uv": [ 0, 6, 1, 8 ], "texture": "#side", "cullface": "west" },
				"east": { "uv": [ 15, 6, 16, 8 ], "texture": "#front", "cullface": "north" }
			}
		},
		{
			"__comment": "PlaneZ10",
			"from": [ 14, 8, -0.001 ],
			"to": [ 15, 10, -0.000000549 ],
			"faces": {
				"north": { "uv": [ 1, 6, 2, 8 ], "texture": "#front", "cullface": "north" }
			}
		},
		{
			"__comment": "PlaneZ11",
			"from": [ 12, 8, -0.001 ],
			"to": [ 13, 10, -0.000000549 ],
			"faces": {
				"north": { "uv": [ 3, 6, 4, 8 ], "texture": "#front", "cullface": "north" }
			}
		},
		{
			"__comment": "PlaneZ12",
			"from": [ 10, 8, -0.001 ],
			"to": [ 11, 10, -0.000000549 ],
			"faces": {
				"north": { "uv": [ 5, 6, 6, 8 ], "texture": "#front", "cullface": "north" }
			}
		},
		{
			"__comment": "PlaneZ13",
			"from": [ 8, 8, -0.001 ],
			"to": [ 9, 10, -0.000000549 ],
			"faces": {
				"north": { "uv": [ 7, 6, 8, 8 ], "texture": "#front", "cullface": "north" }
			}
		},
		{
			"__comment": "PlaneZ14",
			"from": [ 6, 8, -0.001 ],
			"to": [ 7, 10, -0.000000549 ],
			"faces": {
				"north": { "uv": [ 9, 6, 10, 8 ], "texture": "#front", "cullface": "north" }
			}
		},
		{
			"__comment": "PlaneZ15",
			"from": [ 4, 8, -0.001 ],
			"to": [ 5, 10, -0.000000549 ],
			"faces": {
				"north": { "uv": [ 11, 6, 12, 8 ], "texture": "#front", "cullface": "north" }
			}
		},
		{
			"__comment": "PlaneZ16",
			"from": [ 2, 8, -0.001 ],
			"to": [ 3, 10, -0.000000549 ],
			"faces": {
				"north": { "uv": [ 13, 6, 14, 8 ], "texture": "#front", "cullface": "north" }
			}
		},
		{
			"__comment": "Box17",
			"from": [ 0, 15, 12 ],
			"to": [ 16, 16, 16 ],
			"faces": {
				"up": { "uv": [ 0, 12, 16, 16 ], "texture": "#top", "cullface": "up" },
				"north": { "uv": [ 0, 12, 16, 13 ], "texture": "#inside", "cullface": "up", "rotation": 180 },
				"south": { "uv": [ 0, 0, 16, 1 ], "texture": "#side", "cullface": "south" },
				"west": { "uv": [ 12, 0, 16, 1 ], "texture": "#side", "cullface": "west" },
				"east": { "uv": [ 0, 0, 4, 1 ], "texture": "#side", "cullface": "east" }
			}
		},
		{
			"__comment": "Box18",
			"from": [ 15, 15, 0 ],
			"to": [ 16, 16, 12 ],
			"faces": {
				"up": { "uv": [ 15, 0, 16, 12 ], "texture": "#top", "cullface": "up" },
				"north": { "uv": [ 0, 0, 1, 1 ], "texture": "#front", "cullface": "north" },
				"west": { "uv": [ 15, 0, 16, 12 ], "texture": "#top", "cullface": "up", "rotation": 270 },
				"east": { "uv": [ 4, 0, 16, 1 ], "texture": "#side", "cullface": "east" }
			}
		},
		{
			"__comment": "Box19",
			"from": [ 0, 15, 0 ],
			"to": [ 1, 16, 12 ],
			"faces": {
				"up": { "uv": [ 0, 0, 1, 12 ], "texture": "#top", "cullface": "up" },
				"north": { "uv": [ 15, 0, 16, 1 ], "texture": "#front", "cullface": "north" },
				"west": { "uv": [ 0, 0, 12, 1 ], "texture": "#side", "cullface": "west" },
				"east": { "uv": [ 0, 0, 1, 12 ], "texture": "#top", "cullface": "up", "rotation": 90 }
			}
		},
		{
			"__comment": "Box20",
			"from": [ 1, 15, 0 ],
			"to": [ 15, 16, 1 ],
			"faces": {
				"up": { "uv": [ 1, 0, 15, 1 ], "texture": "#top", "cullface": "up" },
				"north": { "uv": [ 1, 0, 15, 1 ], "texture": "#front", "cullface": "north" },
				"south": { "uv": [ 15, 0, 1, 1 ], "texture": "#inside", "cullface": "up", "rotation": 180 }
			}
		},
		{
			"__comment": "Box21",
			"from": [ 1, 15, 6 ],
			"to": [ 15, 16, 8 ],
			"faces": {
				"up": { "uv": [ 1, 6, 15, 8 ], "texture": "#top", "cullface": "up" },
				"north": { "uv": [ 1, 6, 15, 7 ], "texture": "#inside", "cullface": "up", "rotation": 180 },
				"south": { "uv": [ 1, 7, 15, 8 ], "texture": "#inside", "cullface": "up" }
			}
		},
		{
			"__comment": "PlaneY23",
			"from": [ 14, 16, 1 ],
			"to": [ 15, 16.001, 12 ],
			"faces": {
				"up": { "uv": [ 14, 0, 15, 11 ], "texture": "#top", "cullface": "up" }
			}
		},
		{
			"__comment": "PlaneY24",
			"from": [ 12, 16, 1 ],
			"to": [ 13, 16.001, 12 ],
			"faces": {
				"up": { "uv": [ 12, 0, 13, 11 ], "texture": "#top", "cullface": "up" }
			}
		},
		{
			"__comment": "PlaneY25",
			"from": [ 10, 16, 1 ],
			"to": [ 11, 16.001, 12 ],
			"faces": {
				"up": { "uv": [ 10, 0, 11, 11 ], "texture": "#top", "cullface": "up" }
			}
		},
		{
			"__comment": "PlaneY26",
			"from": [ 8, 16, 1 ],
			"to": [ 9, 16.001, 12 ],
			"faces": {
				"up": { "uv": [ 8, 0, 9, 11 ], "texture": "#top", "cullface": "up" }
			}
		},
		{
			"__comment": "PlaneY28",
			"from": [ 6, 16, 1 ],
			"to": [ 7, 16.001, 12 ],
			"faces": {
				"up": { "uv": [ 6, 0, 7, 11 ], "texture": "#top", "cullface": "up" }
			}
		},
		{
			"__comment": "PlaneY29",
			"from": [ 4, 16, 1 ],
			"to": [ 5, 16.001, 12 ],
			"faces": {
				"up": { "uv": [ 4, 0, 5, 11 ], "texture": "#top", "cullface": "up" }
			}
		},
		{
			"__comment": "PlaneY30",
			"from": [ 2, 16, 1 ],
			"to": [ 3, 16.001, 12 ],
			"faces": {
				"up": { "uv": [ 2, 0, 3, 11 ], "texture": "#top", "cullface": "up" }
			}
		}
	]
}