{
	"credit": "Made with Blockbench",
	"ambientocclusion": false,
	"textures": {
		"0": "block/rail",
		"1": "#rail",
		"particle": "#rail"
	},
	"elements": [
		{
			"from": [12, 0, 0],
			"to": [14, 1.5, 16],
			"faces": {
				"north": {"uv": [14, 0, 12, 2], "texture": "#0", "cullface": "north"},
				"east": {"uv": [12, 0, 14, 16], "rotation": 270, "texture": "#0"},
				"south": {"uv": [12, 14, 14, 16], "texture": "#0", "cullface": "south"},
				"west": {"uv": [12, 0, 14, 16], "rotation": 270, "texture": "#0"},
				"up": {"uv": [12, 0, 14, 16], "texture": "#0"},
				"down": {"uv": [12, 0, 14, 16], "texture": "#0", "cullface": "down"}
			}
		},
		{
			"from": [2, 0, 0],
			"to": [4, 1.5, 16],
			"faces": {
				"north": {"uv": [4, 0, 2, 2], "texture": "#0", "cullface": "north"},
				"east": {"uv": [2, 0, 4, 16], "rotation": 90, "texture": "#0"},
				"south": {"uv": [2, 14, 4, 16], "texture": "#0", "cullface": "south"},
				"west": {"uv": [2, 0, 4, 16], "rotation": 90, "texture": "#0"},
				"up": {"uv": [2, 0, 4, 16], "texture": "#0"},
				"down": {"uv": [2, 0, 4, 16], "texture": "#0", "cullface": "down"}
			}
		},
		{
			"from": [14, 0, 5],
			"to": [15, 1, 7],
			"faces": {
				"north": {"uv": [14, 1, 15, 2], "texture": "#0"},
				"east": {"uv": [14, 1, 15, 3], "rotation": 90, "texture": "#0"},
				"south": {"uv": [14, 2, 15, 3], "texture": "#0"},
				"down": {"uv": [14, 13, 15, 15], "texture": "#0", "cullface": "down"}
			}
		},
		{
			"from": [14, 0, 1],
			"to": [15, 1, 3],
			"faces": {
				"north": {"uv": [14, 1, 15, 2], "texture": "#0"},
				"east": {"uv": [14, 1, 15, 3], "rotation": 90, "texture": "#0"},
				"south": {"uv": [14, 2, 15, 3], "texture": "#0"},
				"down": {"uv": [14, 13, 15, 15], "texture": "#0", "cullface": "down"}
			}
		},
		{
			"from": [1, 0, 5],
			"to": [2, 1, 7],
			"faces": {
				"north": {"uv": [1, 1, 2, 2], "texture": "#0"},
				"south": {"uv": [1, 2, 2, 3], "texture": "#0"},
				"west": {"uv": [1, 1, 2, 3], "rotation": 270, "texture": "#0"},
				"down": {"uv": [1, 13, 2, 15], "texture": "#0", "cullface": "down"}
			}
		},
		{
			"from": [1, 0, 1],
			"to": [2, 1, 3],
			"faces": {
				"north": {"uv": [1, 1, 2, 2], "texture": "#0"},
				"south": {"uv": [1, 2, 2, 3], "texture": "#0"},
				"west": {"uv": [1, 1, 2, 3], "rotation": 270, "texture": "#0"},
				"down": {"uv": [1, 13, 2, 15], "texture": "#0", "cullface": "down"}
			}
		},
		{
			"from": [4, 0, 13],
			"to": [12, 1, 15],
			"faces": {
				"north": {"uv": [12, 13, 4, 14], "texture": "#0"},
				"south": {"uv": [4, 14, 12, 15], "texture": "#0"},
				"down": {"uv": [4, 1, 12, 3], "texture": "#0", "cullface": "down"}
			}
		},
		{
			"from": [4, 0, 9],
			"to": [12, 1, 11],
			"faces": {
				"north": {"uv": [12, 9, 4, 10], "texture": "#0"},
				"south": {"uv": [4, 10, 12, 11], "texture": "#0"},
				"down": {"uv": [4, 5, 12, 7], "texture": "#0", "cullface": "down"}
			}
		},
		{
			"from": [4, 0, 5],
			"to": [12, 1, 7],
			"faces": {
				"north": {"uv": [12, 5, 4, 6], "texture": "#0"},
				"south": {"uv": [4, 6, 12, 7], "texture": "#0"},
				"down": {"uv": [4, 9, 12, 11], "texture": "#0", "cullface": "down"}
			}
		},
		{
			"from": [4, 0, 1],
			"to": [12, 1, 3],
			"faces": {
				"north": {"uv": [12, 1, 4, 2], "texture": "#0"},
				"south": {"uv": [4, 2, 12, 3], "texture": "#0"},
				"down": {"uv": [4, 13, 12, 15], "texture": "#0", "cullface": "down"}
			}
		},
		{
			"from": [14, 0, 13],
			"to": [15, 1, 15],
			"faces": {
				"north": {"uv": [14, 1, 15, 2], "texture": "#0"},
				"east": {"uv": [14, 1, 15, 3], "rotation": 90, "texture": "#0"},
				"south": {"uv": [14, 2, 15, 3], "texture": "#0"},
				"down": {"uv": [14, 13, 15, 15], "texture": "#0", "cullface": "down"}
			}
		},
		{
			"from": [14, 0, 9],
			"to": [15, 1, 11],
			"faces": {
				"north": {"uv": [14, 1, 15, 2], "texture": "#0"},
				"east": {"uv": [14, 1, 15, 3], "rotation": 90, "texture": "#0"},
				"south": {"uv": [14, 2, 15, 3], "texture": "#0"},
				"down": {"uv": [14, 13, 15, 15], "texture": "#0", "cullface": "down"}
			}
		},
		{
			"from": [1, 0, 13],
			"to": [2, 1, 15],
			"faces": {
				"north": {"uv": [1, 1, 2, 2], "texture": "#0"},
				"south": {"uv": [1, 2, 2, 3], "texture": "#0"},
				"west": {"uv": [1, 1, 2, 3], "rotation": 270, "texture": "#0"},
				"down": {"uv": [1, 13, 2, 15], "texture": "#0", "cullface": "down"}
			}
		},
		{
			"from": [1, 0, 9],
			"to": [2, 1, 11],
			"faces": {
				"north": {"uv": [1, 1, 2, 2], "texture": "#0"},
				"south": {"uv": [1, 2, 2, 3], "texture": "#0"},
				"west": {"uv": [1, 1, 2, 3], "rotation": 270, "texture": "#0"},
				"down": {"uv": [1, 13, 2, 15], "texture": "#0", "cullface": "down"}
			}
		},
		{
			"name": "type",
			"from": [0, 1, 0],
			"to": [16, 1, 16],
			"faces": {
				"up": {"uv": [0, 0, 16, 16], "texture": "#1"},
				"down": {"uv": [0, 0, 16, 16], "texture": "#1"}
			}
		}
	]
}