{
	"credit": "Made with Blockbench",
	"ambientocclusion": false,
	"textures": {
		"line": "block/redstone_dust_line_3",
		"particle": "block/redstone_dust_line_3",
		"overlay": "block/redstone_dust_overlay"
	},
	"elements": [
		{
			"from": [0, 0.25, 0],
			"to": [16, 0.25, 16],
			"shade": false,
			"faces": {
				"up": {"uv": [0, 0, 16, 16], "texture": "#line", "tintindex": 0}
			}
		},
		{
			"from": [0, 0.25, 0],
			"to": [16, 0.25, 16],
			"shade": false,
			"faces": {
				"up": {"uv": [0, 0, 16, 16], "texture": "#overlay"}
			}
		}
	]
}