{
	"__comment": "Made by Mickey Joe Alpha",
	"parent": "block/block",
	"textures": {
		"particle": "block/smithing_table_front",
		"bottom": "block/smithing_table_bottom",
		"front": "block/smithing_table_front",
		"side": "block/smithing_table_side",
		"top": "block/smithing_table_top"
	},
	"elements": [ 	 
		{
			"__comment": "Box1",
			"from": [ 0, 12, 0 ],
			"to": [ 16, 16, 16 ],
			"faces": {
				"down": { "uv": [ 0, 0, 16, 16 ], "texture": "#bottom", "rotation": 270 },
				"up": { "uv": [ 0, 0, 16, 16 ], "texture": "#top", "cullface": "up" },
				"north": { "uv": [ 0, 0, 16, 4 ], "texture": "#front", "cullface": "north" },
				"south": { "uv": [ 0, 0, 16, 4 ], "texture": "#front", "cullface": "south" },
				"west": { "uv": [ 0, 0, 16, 4 ], "texture": "#side", "cullface": "west" },
				"east": { "uv": [ 0, 0, 16, 4 ], "texture": "#side", "cullface": "east" }
			}
		},
		{
			"__comment": "Box2",
			"from": [ 10, 4, 0 ],
			"to": [ 11, 11, 1 ],
			"faces": {
				"down": { "uv": [ 5, 11, 6, 12 ], "texture": "#front", "cullface": "north" },
				"up": { "uv": [ 5, 5, 6, 6 ], "texture": "#front", "cullface": "north" },
				"north": { "uv": [ 5, 5, 6, 12 ], "texture": "#front", "cullface": "north" },
				"west": { "uv": [ 5, 5, 6, 12 ], "texture": "#front", "cullface": "north" },
				"east": { "uv": [ 5, 5, 6, 12 ], "texture": "#front", "cullface": "north" }
			}
		},
		{
			"__comment": "Box3",
			"from": [ 12, 4, 0 ],
			"to": [ 13, 10, 1 ],
			"faces": {
				"down": { "uv": [ 3, 11, 4, 12 ], "texture": "#front", "cullface": "north" },
				"up": { "uv": [ 3, 6, 4, 7 ], "texture": "#front", "cullface": "north" },
				"north": { "uv": [ 3, 6, 4, 12 ], "texture": "#front", "cullface": "north" },
				"west": { "uv": [ 3, 6, 4, 12 ], "texture": "#front", "cullface": "north" },
				"east": { "uv": [ 3, 6, 4, 12 ], "texture": "#front", "cullface": "north" }
			}
		},
		{
			"__comment": "Box4",
			"from": [ 6, 9, 0 ],
			"to": [ 8, 10, 1 ],
			"faces": {
				"down": { "uv": [ 10, 6, 8, 7 ], "texture": "#front", "cullface": "north" },
				"up": { "uv": [ 10, 6, 8, 7 ], "texture": "#front", "cullface": "north" },
				"north": { "uv": [ 8, 6, 10, 7 ], "texture": "#front", "cullface": "north" },
				"west": { "uv": [ 9, 6, 10, 7 ], "texture": "#front", "cullface": "north" },
				"east": { "uv": [ 8, 6, 9, 7 ], "texture": "#front", "cullface": "north" }
			}
		},
		{
			"__comment": "Box5",
			"from": [ 3, 9, 0 ],
			"to": [ 5, 10, 1 ],
			"faces": {
				"down": { "uv": [ 13, 6, 11, 7 ], "texture": "#front", "cullface": "north" },
				"up": { "uv": [ 13, 6, 11, 7 ], "texture": "#front", "cullface": "north" },
				"north": { "uv": [ 11, 6, 13, 7 ], "texture": "#front", "cullface": "north" },
				"west": { "uv": [ 12, 6, 13, 7 ], "texture": "#front", "cullface": "north" },
				"east": { "uv": [ 11, 6, 12, 7 ], "texture": "#front", "cullface": "north" }
			}
		},
		{
			"__comment": "Box6",
			"from": [ 7, 7, 0 ],
			"to": [ 8, 9, 1 ],
			"faces": {
				"down": { "uv": [ 8, 8, 9, 9 ], "texture": "#front", "cullface": "north" },
				"north": { "uv": [ 8, 7, 9, 9 ], "texture": "#front", "cullface": "north" },
				"west": { "uv": [ 8, 7, 9, 9 ], "texture": "#front", "cullface": "north" },
				"east": { "uv": [ 8, 7, 9, 9 ], "texture": "#front", "cullface": "north" }
			}
		},
		{
			"__comment": "Box7",
			"from": [ 3, 7, 0 ],
			"to": [ 4, 9, 1 ],
			"faces": {
				"down": { "uv": [ 12, 8, 13, 9 ], "texture": "#front", "cullface": "north" },
				"north": { "uv": [ 12, 7, 13, 9 ], "texture": "#front", "cullface": "north" },
				"west": { "uv": [ 12, 7, 13, 9 ], "texture": "#front", "cullface": "north" },
				"east": { "uv": [ 12, 7, 13, 9 ], "texture": "#front", "cullface": "north" }
			}
		},
		{
			"__comment": "Box8",
			"from": [ 6, 5, 0 ],
			"to": [ 7, 7, 1 ],
			"faces": {
				"down": { "uv": [ 9, 10, 10, 11 ], "texture": "#front", "cullface": "north" },
				"up": { "uv": [ 9, 9, 10, 10 ], "texture": "#front", "cullface": "north" },
				"north": { "uv": [ 9, 9, 10, 11 ], "texture": "#front", "cullface": "north" },
				"west": { "uv": [ 9, 9, 10, 11 ], "texture": "#front", "cullface": "north" },
				"east": { "uv": [ 9, 9, 10, 11 ], "texture": "#front", "cullface": "north" }
			}
		},
		{
			"__comment": "Box9",
			"from": [ 4, 5, 0 ],
			"to": [ 5, 7, 1 ],
			"faces": {
				"down": { "uv": [ 11, 10, 12, 11 ], "texture": "#front", "cullface": "north" },
				"up": { "uv": [ 11, 9, 12, 10 ], "texture": "#front", "cullface": "north" },
				"north": { "uv": [ 11, 9, 12, 11 ], "texture": "#front", "cullface": "north" },
				"west": { "uv": [ 11, 9, 12, 11 ], "texture": "#front", "cullface": "north" },
				"east": { "uv": [ 11, 9, 12, 11 ], "texture": "#front", "cullface": "north" }
			}
		},
		{
			"__comment": "Box10",
			"from": [ 5, 3, 0 ],
			"to": [ 6, 5, 1 ],
			"faces": {
				"down": { "uv": [ 10, 12, 11, 13 ], "texture": "#front", "cullface": "north" },
				"up": { "uv": [ 10, 11, 11, 12 ], "texture": "#front", "cullface": "north" },
				"north": { "uv": [ 10, 11, 11, 13 ], "texture": "#front", "cullface": "north" },
				"west": { "uv": [ 10, 11, 11, 13 ], "texture": "#front", "cullface": "north" },
				"east": { "uv": [ 10, 11, 11, 13 ], "texture": "#front", "cullface": "north" }
			}
		},
		{
			"__comment": "Box11",
			"from": [ -0.75, 7, 3 ],
			"to": [ 1.125, 10, 8 ],
			"faces": {
				"down": { "uv": [ 8, 8, 3, 9 ], "texture": "#side", "cullface": "west", "rotation": 90 },
				"up": { "uv": [ 3, 8, 8, 6 ], "texture": "#side", "cullface": "west", "rotation": 90 },
				"north": { "uv": [ 5, 6, 3, 9 ], "texture": "#side", "cullface": "west" },
				"south": { "uv": [ 8, 6, 6, 9 ], "texture": "#side", "cullface": "west" },
				"west": { "uv": [ 3, 6, 8, 9 ], "texture": "#side", "cullface": "west" }
			}
		},
		{
			"__comment": "Box12",
			"from": [ 0, 3, 5 ],
			"to": [ 1, 11, 6 ],
			"faces": {
				"down": { "uv": [ 5, 12, 6, 13 ], "texture": "#side", "cullface": "west" },
				"up": { "uv": [ 5, 5, 6, 6 ], "texture": "#side", "cullface": "west" },
				"north": { "uv": [ 5, 5, 6, 13 ], "texture": "#side", "cullface": "west" },
				"south": { "uv": [ 5, 5, 6, 13 ], "texture": "#side", "cullface": "west" },
				"west": { "uv": [ 5, 5, 6, 13 ], "texture": "#side", "cullface": "west" }
			}
		},
		{
			"__comment": "Box13",
			"from": [ 15, 7, 8 ],
			"to": [ 16.875, 10, 13 ],
			"faces": {
				"down": { "uv": [ 3, 8, 8, 9 ], "texture": "#side", "cullface": "east", "rotation": 90 },
				"up": { "uv": [ 8, 6, 3, 8 ], "texture": "#side", "cullface": "east", "rotation": 90 },
				"north": { "uv": [ 8, 6, 6, 9 ], "texture": "#side", "cullface": "east" },
				"south": { "uv": [ 5, 6, 3, 9 ], "texture": "#side", "cullface": "east" },
				"east": { "uv": [ 3, 6, 8, 9 ], "texture": "#side", "cullface": "east" }
			}
		},
		{
			"__comment": "Box14",
			"from": [ 15, 3, 10 ],
			"to": [ 16, 11, 11 ],
			"faces": {
				"down": { "uv": [ 5, 12, 6, 13 ], "texture": "#side", "cullface": "east" },
				"up": { "uv": [ 5, 5, 6, 6 ], "texture": "#side", "cullface": "east" },
				"north": { "uv": [ 5, 5, 6, 13 ], "texture": "#side", "cullface": "east" },
				"south": { "uv": [ 5, 5, 6, 13 ], "texture": "#side", "cullface": "east" },
				"east": { "uv": [ 5, 5, 6, 13 ], "texture": "#side", "cullface": "east" }
			}
		},
		{
			"__comment": "Box15",
			"from": [ 3, 4, 15 ],
			"to": [ 4, 10, 16 ],
			"faces": {
				"down": { "uv": [ 3, 11, 4, 12 ], "texture": "#front", "cullface": "south" },
				"up": { "uv": [ 3, 6, 4, 7 ], "texture": "#front", "cullface": "south" },
				"south": { "uv": [ 3, 6, 4, 12 ], "texture": "#front", "cullface": "south" },
				"west": { "uv": [ 3, 6, 4, 12 ], "texture": "#front", "cullface": "south" },
				"east": { "uv": [ 3, 6, 4, 12 ], "texture": "#front", "cullface": "south" }
			}
		},
		{
			"__comment": "Box16",
			"from": [ 5, 4, 15 ],
			"to": [ 6, 11, 16 ],
			"faces": {
				"down": { "uv": [ 5, 11, 6, 12 ], "texture": "#front", "cullface": "south" },
				"up": { "uv": [ 5, 5, 6, 6 ], "texture": "#front", "cullface": "south" },
				"south": { "uv": [ 5, 5, 6, 12 ], "texture": "#front", "cullface": "south" },
				"west": { "uv": [ 5, 5, 6, 12 ], "texture": "#front", "cullface": "south" },
				"east": { "uv": [ 5, 5, 6, 12 ], "texture": "#front", "cullface": "south" }
			}
		},
		{
			"__comment": "Box17",
			"from": [ 8, 9, 15 ],
			"to": [ 10, 10, 16 ],
			"faces": {
				"down": { "uv": [ 8, 6, 10, 7 ], "texture": "#front", "cullface": "south" },
				"up": { "uv": [ 8, 6, 10, 7 ], "texture": "#front", "cullface": "south" },
				"south": { "uv": [ 8, 6, 10, 7 ], "texture": "#front", "cullface": "south" },
				"west": { "uv": [ 8, 6, 9, 7 ], "texture": "#front", "cullface": "south" },
				"east": { "uv": [ 9, 6, 10, 7 ], "texture": "#front", "cullface": "south" }
			}
		},
		{
			"__comment": "Box18",
			"from": [ 11, 9, 15 ],
			"to": [ 13, 10, 16 ],
			"faces": {
				"down": { "uv": [ 11, 6, 13, 7 ], "texture": "#front", "cullface": "south" },
				"up": { "uv": [ 11, 6, 13, 7 ], "texture": "#front", "cullface": "south" },
				"south": { "uv": [ 11, 6, 13, 7 ], "texture": "#front", "cullface": "south" },
				"west": { "uv": [ 11, 6, 12, 7 ], "texture": "#front", "cullface": "south" },
				"east": { "uv": [ 12, 6, 13, 7 ], "texture": "#front", "cullface": "south" }
			}
		},
		{
			"__comment": "Box19",
			"from": [ 8, 7, 15 ],
			"to": [ 9, 9, 16 ],
			"faces": {
				"down": { "uv": [ 8, 15, 9, 16 ], "texture": "#front", "cullface": "south" },
				"south": { "uv": [ 8, 7, 9, 9 ], "texture": "#front", "cullface": "south" },
				"west": { "uv": [ 0, 7, 1, 9 ], "texture": "#front", "cullface": "south" },
				"east": { "uv": [ 15, 7, 16, 9 ], "texture": "#front", "cullface": "south" }
			}
		},
		{
			"__comment": "Box20",
			"from": [ 12, 7, 15 ],
			"to": [ 13, 9, 16 ],
			"faces": {
				"down": { "uv": [ 12, 15, 13, 16 ], "texture": "#front", "cullface": "south" },
				"south": { "uv": [ 12, 7, 13, 9 ], "texture": "#front", "cullface": "south" },
				"west": { "uv": [ 0, 7, 1, 9 ], "texture": "#front", "cullface": "south" },
				"east": { "uv": [ 15, 7, 16, 9 ], "texture": "#front", "cullface": "south" }
			}
		},
		{
			"__comment": "Box21",
			"from": [ 9, 5, 15 ],
			"to": [ 10, 7, 16 ],
			"faces": {
				"down": { "uv": [ 9, 10, 10, 11 ], "texture": "#front", "cullface": "south" },
				"up": { "uv": [ 9, 9, 10, 10 ], "texture": "#front", "cullface": "south" },
				"south": { "uv": [ 9, 9, 10, 11 ], "texture": "#front", "cullface": "south" },
				"west": { "uv": [ 9, 9, 10, 11 ], "texture": "#front", "cullface": "south" },
				"east": { "uv": [ 9, 9, 10, 11 ], "texture": "#front", "cullface": "south" }
			}
		},
		{
			"__comment": "Box22",
			"from": [ 11, 5, 15 ],
			"to": [ 12, 7, 16 ],
			"faces": {
				"down": { "uv": [ 11, 10, 12, 11 ], "texture": "#front", "cullface": "south" },
				"up": { "uv": [ 11, 9, 12, 10 ], "texture": "#front", "cullface": "south" },
				"south": { "uv": [ 11, 9, 12, 11 ], "texture": "#front", "cullface": "south" },
				"west": { "uv": [ 11, 9, 12, 11 ], "texture": "#front", "cullface": "south" },
				"east": { "uv": [ 11, 9, 12, 11 ], "texture": "#front", "cullface": "south" }
			}
		},
		{
			"__comment": "Box23",
			"from": [ 10, 3, 15 ],
			"to": [ 11, 5, 16 ],
			"faces": {
				"down": { "uv": [ 10, 12, 11, 13 ], "texture": "#front", "cullface": "south" },
				"up": { "uv": [ 10, 11, 11, 12 ], "texture": "#front", "cullface": "south" },
				"south": { "uv": [ 10, 11, 11, 13 ], "texture": "#front", "cullface": "south" },
				"west": { "uv": [ 10, 11, 11, 13 ], "texture": "#front", "cullface": "south" },
				"east": { "uv": [ 10, 11, 11, 13 ], "texture": "#front", "cullface": "south" }
			}
		},
		{
			"__comment": "Box24",
			"from": [ 1, 1, 1 ],
			"to": [ 15, 12, 15 ],
			"faces": {
				"north": { "uv": [ 1, 4, 15, 15 ], "texture": "#front", "cullface": "north" },
				"south": { "uv": [ 1, 4, 15, 15 ], "texture": "#front", "cullface": "south" },
				"west": { "uv": [ 1, 4, 15, 15 ], "texture": "#side", "cullface": "west" },
				"east": { "uv": [ 1, 4, 15, 15 ], "texture": "#side", "cullface": "east" }
			}
		},
		{
			"__comment": "Box25",
			"from": [ 0, 1, 0 ],
			"to": [ 2, 12, 2 ],
			"faces": {
				"north": { "uv": [ 14, 4, 16, 15 ], "texture": "#front", "cullface": "north" },
				"south": { "uv": [ 2, 4, 0, 15 ], "texture": "#side", "cullface": "west" },
				"west": { "uv": [ 0, 4, 2, 15 ], "texture": "#side", "cullface": "west" },
				"east": { "uv": [ 16, 4, 14, 15 ], "texture": "#front", "cullface": "north" }
			}
		},
		{
			"__comment": "Box26",
			"from": [ 14, 1, 0 ],
			"to": [ 16, 12, 2 ],
			"faces": {
				"north": { "uv": [ 0, 4, 2, 15 ], "texture": "#front", "cullface": "north" },
				"south": { "uv": [ 16, 4, 14, 15 ], "texture": "#side", "cullface": "east" },
				"west": { "uv": [ 2, 4, 0, 15 ], "texture": "#front", "cullface": "north" },
				"east": { "uv": [ 14, 4, 16, 15 ], "texture": "#side", "cullface": "east" }
			}
		},
		{
			"__comment": "Box27",
			"from": [ 0, 1, 14 ],
			"to": [ 2, 12, 16 ],
			"faces": {
				"north": { "uv": [ 16, 4, 14, 15 ], "texture": "#side", "cullface": "west" },
				"south": { "uv": [ 0, 4, 2, 15 ], "texture": "#front", "cullface": "south" },
				"west": { "uv": [ 14, 4, 16, 15 ], "texture": "#side", "cullface": "west" },
				"east": { "uv": [ 2, 4, 0, 15 ], "texture": "#front", "cullface": "south" }
			}
		},
		{
			"__comment": "Box28",
			"from": [ 14, 1, 14 ],
			"to": [ 16, 12, 16 ],
			"faces": {
				"north": { "uv": [ 2, 4, 0, 15 ], "texture": "#side", "cullface": "east" },
				"south": { "uv": [ 14, 4, 16, 15 ], "texture": "#front", "cullface": "south" },
				"west": { "uv": [ 16, 4, 14, 15 ], "texture": "#front", "cullface": "south" },
				"east": { "uv": [ 0, 4, 2, 15 ], "texture": "#side", "cullface": "east" }
			}
		},
		{
			"__comment": "Box33",
			"from": [ 0, 0, 0 ],
			"to": [ 16, 1, 16 ],
			"faces": {
				"down": { "uv": [ 0, 0, 16, 16 ], "texture": "#bottom", "cullface": "down" },
				"up": { "uv": [ 16, 0, 0, 16 ], "texture": "#bottom" },
				"north": { "uv": [ 0, 15, 16, 16 ], "texture": "#front", "cullface": "north" },
				"south": { "uv": [ 0, 15, 16, 16 ], "texture": "#front", "cullface": "south" },
				"west": { "uv": [ 0, 15, 16, 16 ], "texture": "#side", "cullface": "west" },
				"east": { "uv": [ 0, 15, 16, 16 ], "texture": "#side", "cullface": "east" }
			}
		}
	]
}