{
	"__comment": "Made by Mickey Joe Alpha",
	"parent": "block/block",
	"textures": {
		"particle": "block/spruce_trapdoor",
		"texture": "block/spruce_trapdoor",
		"end": "block/trapdoor_side_0",
		"side": "block/trapdoor_side_1"
	},
	"elements": [ 	 
		{
			"__comment": "Box1",
			"from": [ 0, 0, 13 ],
			"to": [ 16, 16, 16 ],
			"faces": {
				"down": { "uv": [ 16, 12, 0, 15 ], "texture": "#end", "cullface": "down" },
				"up": { "uv": [ 16, 15, 0, 12 ], "texture": "#end", "cullface": "up" },
				"north": { "uv": [ 0, 0, 16, 16 ], "texture": "#texture" },
				"south": { "uv": [ 0, 0, 16, 16 ], "texture": "#texture", "cullface": "south" },
				"west": { "uv": [ 0, 0, 16, 3 ], "texture": "#side", "cullface": "west", "rotation": 90 },
				"east": { "uv": [ 0, 0, 16, 3 ], "texture": "#side", "cullface": "east", "rotation": 270 }
			}
		}
	]
}