{
	"__comment": "Made by Mickey Joe Alpha",
	"textures": {
		"particle": "block/spruce_door_top",
		"front": "block/spruce_door_top",
		"hinged": "block/door_side_hinged_top_0",
		"side": "block/door_side_top_0",
		"top": "block/door_top_0"
	},
	"elements": [ 	 
		{
			"__comment": "Element",
			"from": [ 0, 0, 0 ],
			"to": [ 3, 16, 16 ],
			"faces": {
				"up": { "uv": [ 0, 6, 16, 9 ], "texture": "#top", "cullface": "up", "rotation": 270 },
				"north": { "uv": [ 6, 0, 9, 16 ], "texture": "#side", "cullface": "north" },
				"south": { "uv": [ 6, 0, 9, 16 ], "texture": "#hinged", "cullface": "south" },
				"west": { "uv": [ 16, 0, 0, 16 ], "texture": "#front", "cullface": "west" },
				"east": { "uv": [ 0, 0, 16, 16 ], "texture": "#front" }
			}
		}
	]
}