{
	"credit": "Made with Blockbench",
	"textures": {
		"0": "block/sugar_cane",
		"particle": "block/sugar_cane"
	},
	"elements": [
		{
			"from": [10, 0, 2],
			"to": [12, 16, 4],
			"faces": {
				"north": {"uv": [5, 0, 7, 16], "texture": "#0"},
				"east": {"uv": [5, 0, 7, 16], "texture": "#0"},
				"south": {"uv": [5, 0, 7, 16], "texture": "#0"},
				"west": {"uv": [5, 0, 7, 16], "texture": "#0"},
				"up": {"uv": [3, 14, 5, 16], "texture": "#0"},
				"down": {"uv": [3, 14, 5, 16], "texture": "#0"}
			}
		},
		{
			"from": [2, 0, 11],
			"to": [4, 16, 13],
			"faces": {
				"north": {"uv": [13, 0, 15, 16], "texture": "#0"},
				"east": {"uv": [13, 0, 15, 16], "texture": "#0"},
				"south": {"uv": [13, 0, 15, 16], "texture": "#0"},
				"west": {"uv": [13, 0, 15, 16], "texture": "#0"},
				"up": {"uv": [3, 14, 5, 16], "texture": "#0"},
				"down": {"uv": [3, 14, 5, 16], "texture": "#0"}
			}
		},
		{
			"from": [12, 0, 11],
			"to": [14, 16, 13],
			"faces": {
				"north": {"uv": [1, 0, 3, 16], "texture": "#0"},
				"east": {"uv": [1, 0, 3, 16], "texture": "#0"},
				"south": {"uv": [1, 0, 3, 16], "texture": "#0"},
				"west": {"uv": [1, 0, 3, 16], "texture": "#0"},
				"up": {"uv": [3, 14, 5, 16], "texture": "#0"},
				"down": {"uv": [3, 14, 5, 16], "texture": "#0"}
			}
		},
		{
			"from": [3, 0, 3],
			"to": [5, 16, 5],
			"faces": {
				"north": {"uv": [9, 0, 11, 16], "texture": "#0"},
				"east": {"uv": [9, 0, 11, 16], "texture": "#0"},
				"south": {"uv": [9, 0, 11, 16], "texture": "#0"},
				"west": {"uv": [9, 0, 11, 16], "texture": "#0"},
				"up": {"uv": [3, 14, 5, 16], "texture": "#0"},
				"down": {"uv": [3, 14, 5, 16], "texture": "#0"}
			}
		},
		{
			"from": [13, 0, 10],
			"to": [13, 14, 14],
			"rotation": {"angle": 0, "axis": "y", "origin": [13, 7, 12]},
			"faces": {
				"north": {"uv": [0, 0, 4, 14], "texture": "#0"},
				"east": {"uv": [4, 0, 0, 14], "texture": "#0"},
				"south": {"uv": [0, 0, 4, 14], "texture": "#0"},
				"west": {"uv": [0, 0, 4, 14], "texture": "#0"},
				"up": {"uv": [0, 0, 4, 14], "texture": "#0", "rotation": 270},
				"down": {"uv": [0, 0, 4, 14], "texture": "#0", "rotation": 90}
			}
		},
		{
			"from": [11, 2, 12],
			"to": [15, 16, 12],
			"faces": {
				"north": {"uv": [0, 0, 4, 14], "texture": "#0"},
				"east": {"uv": [0, 0, 4, 14], "texture": "#0"},
				"south": {"uv": [4, 0, 0, 14], "texture": "#0"},
				"west": {"uv": [0, 0, 4, 14], "texture": "#0"},
				"up": {"uv": [0, 0, 4, 14], "texture": "#0"},
				"down": {"uv": [0, 0, 4, 14], "texture": "#0"}
			}
		},
		{
			"from": [11, 0, 1],
			"to": [11, 14, 5],
			"rotation": {"angle": 0, "axis": "y", "origin": [11, 7, 3]},
			"faces": {
				"north": {"uv": [4, 0, 8, 14], "texture": "#0"},
				"east": {"uv": [8, 0, 4, 14], "texture": "#0"},
				"south": {"uv": [4, 0, 8, 14], "texture": "#0"},
				"west": {"uv": [4, 0, 8, 14], "texture": "#0"},
				"up": {"uv": [4, 0, 8, 14], "texture": "#0", "rotation": 270},
				"down": {"uv": [4, 0, 8, 14], "texture": "#0", "rotation": 90}
			}
		},
		{
			"from": [9, 2, 3],
			"to": [13, 16, 3],
			"faces": {
				"north": {"uv": [4, 0, 8, 14], "texture": "#0"},
				"east": {"uv": [4, 0, 8, 14], "texture": "#0"},
				"south": {"uv": [8, 0, 4, 14], "texture": "#0"},
				"west": {"uv": [4, 0, 8, 14], "texture": "#0"},
				"up": {"uv": [4, 0, 8, 14], "texture": "#0"},
				"down": {"uv": [4, 0, 8, 14], "texture": "#0"}
			}
		},
		{
			"from": [4, 2, 2],
			"to": [4, 16, 6],
			"rotation": {"angle": 0, "axis": "y", "origin": [4, 10, 4]},
			"faces": {
				"north": {"uv": [8, 2, 12, 16], "texture": "#0"},
				"east": {"uv": [12, 0, 8, 16], "texture": "#0"},
				"south": {"uv": [8, 0, 12, 16], "texture": "#0"},
				"west": {"uv": [8, 2, 12, 16], "texture": "#0"},
				"up": {"uv": [8, 0, 12, 16], "texture": "#0", "rotation": 270},
				"down": {"uv": [8, 0, 12, 16], "texture": "#0", "rotation": 90}
			}
		},
		{
			"from": [2, 0, 4],
			"to": [6, 16, 4],
			"faces": {
				"north": {"uv": [8, 0, 12, 16], "texture": "#0"},
				"east": {"uv": [8, 0, 12, 16], "texture": "#0"},
				"south": {"uv": [12, 0, 8, 16], "texture": "#0"},
				"west": {"uv": [8, 0, 12, 16], "texture": "#0"},
				"up": {"uv": [8, 0, 12, 16], "texture": "#0"},
				"down": {"uv": [8, 0, 12, 16], "texture": "#0"}
			}
		},
		{
			"from": [3, 2, 10],
			"to": [3, 16, 14],
			"rotation": {"angle": 0, "axis": "y", "origin": [3, 10, 12]},
			"faces": {
				"north": {"uv": [12, 0, 16, 14], "texture": "#0"},
				"east": {"uv": [16, 0, 12, 16], "texture": "#0"},
				"south": {"uv": [12, 0, 16, 16], "texture": "#0"},
				"west": {"uv": [12, 2, 16, 16], "texture": "#0"},
				"up": {"uv": [12, 0, 16, 16], "texture": "#0", "rotation": 270},
				"down": {"uv": [12, 0, 16, 16], "texture": "#0", "rotation": 90}
			}
		},
		{
			"from": [1, 0, 12],
			"to": [5, 16, 12],
			"faces": {
				"north": {"uv": [12, 0, 16, 16], "texture": "#0"},
				"east": {"uv": [12, 0, 16, 16], "texture": "#0"},
				"south": {"uv": [16, 0, 12, 16], "texture": "#0"},
				"west": {"uv": [12, 0, 16, 16], "texture": "#0"},
				"up": {"uv": [12, 0, 16, 16], "texture": "#0"},
				"down": {"uv": [12, 0, 16, 16], "texture": "#0"}
			}
		}
	]
}