{
	"credit": "Made with Blockbench",
	"ambientocclusion": false,
	"textures": {
		"0": "block/rail",
		"1": "#rail",
		"particle": "#rail"
	},
	"elements": [
		{
			"from": [2.001, 7.9001, 15.85],
			"to": [4.001, 9.4001, 19.85],
			"rotation": {"angle": 45, "axis": "x", "origin": [8, 8.43581, 8]},
			"faces": {
				"east": {"uv": [2, 0, 4, 3], "rotation": 90, "texture": "#0"},
				"south": {"uv": [2, 14, 4, 16], "texture": "#0", "cullface": "south"},
				"west": {"uv": [2, 0, 4, 3], "rotation": 90, "texture": "#0"},
				"up": {"uv": [2, 0, 4, 3], "texture": "#0"},
				"down": {"uv": [2, 12, 4, 16], "texture": "#0"}
			}
		},
		{
			"from": [2.001, 7.8999, -4.15],
			"to": [4.001, 9.3999, -0.15],
			"rotation": {"angle": 45, "axis": "x", "origin": [8, 8.43561, 8]},
			"faces": {
				"north": {"uv": [4, 0, 2, 2], "texture": "#0", "cullface": "up"},
				"east": {"uv": [2, 13, 4, 16], "rotation": 90, "texture": "#0"},
				"west": {"uv": [2, 13, 4, 16], "rotation": 90, "texture": "#0"},
				"up": {"uv": [2, 13, 4, 16], "texture": "#0"},
				"down": {"uv": [2, 0, 4, 4], "texture": "#0"}
			}
		},
		{
			"from": [2, 7.8999, -0.15],
			"to": [4, 9.3999, 15.85],
			"rotation": {"angle": 45, "axis": "x", "origin": [8, 8.43561, 8]},
			"faces": {
				"east": {"uv": [2, 0, 4, 16], "rotation": 90, "texture": "#0"},
				"west": {"uv": [2, 0, 4, 16], "rotation": 90, "texture": "#0"},
				"up": {"uv": [2, 0, 4, 16], "texture": "#0"},
				"down": {"uv": [2, 0, 4, 16], "texture": "#0"}
			}
		},
		{
			"from": [12.001, 7.8999, -4.15],
			"to": [14.001, 9.3999, -0.15],
			"rotation": {"angle": 45, "axis": "x", "origin": [8, 8.43561, 8]},
			"faces": {
				"north": {"uv": [14, 0, 12, 2], "texture": "#0", "cullface": "up"},
				"east": {"uv": [12, 13, 14, 16], "rotation": 270, "texture": "#0"},
				"west": {"uv": [12, 13, 14, 16], "rotation": 270, "texture": "#0"},
				"up": {"uv": [12, 13, 14, 16], "texture": "#0"},
				"down": {"uv": [12, 0, 14, 4], "texture": "#0"}
			}
		},
		{
			"from": [12.001, 7.9001, 15.85],
			"to": [14.001, 9.4001, 19.85],
			"rotation": {"angle": 45, "axis": "x", "origin": [8, 8.43581, 8]},
			"faces": {
				"east": {"uv": [12, 0, 14, 3], "rotation": 270, "texture": "#0"},
				"south": {"uv": [12, 14, 14, 16], "texture": "#0", "cullface": "south"},
				"west": {"uv": [12, 0, 14, 3], "rotation": 270, "texture": "#0"},
				"up": {"uv": [12, 0, 14, 3], "texture": "#0"},
				"down": {"uv": [12, 12, 14, 16], "texture": "#0"}
			}
		},
		{
			"from": [12, 7.8999, -0.15],
			"to": [14, 9.3999, 15.85],
			"rotation": {"angle": 45, "axis": "x", "origin": [8, 8.43561, 8]},
			"faces": {
				"east": {"uv": [12, 0, 14, 16], "rotation": 270, "texture": "#0"},
				"west": {"uv": [12, 0, 14, 16], "rotation": 270, "texture": "#0"},
				"up": {"uv": [12, 0, 14, 16], "texture": "#0"},
				"down": {"uv": [12, 0, 14, 16], "texture": "#0"}
			}
		},
		{
			"from": [1, 7.8999, 16.85],
			"to": [15, 8.8999, 18.85],
			"rotation": {"angle": 45, "axis": "x", "origin": [8, 8.43561, 8]},
			"faces": {
				"north": {"uv": [15, 1, 1, 2], "texture": "#0"},
				"east": {"uv": [1, 1, 2, 3], "rotation": 90, "texture": "#0"},
				"south": {"uv": [1, 2, 15, 3], "texture": "#0"},
				"west": {"uv": [14, 1, 15, 3], "rotation": 270, "texture": "#0"},
				"down": {"uv": [1, 13, 15, 15], "texture": "#0"}
			}
		},
		{
			"from": [1, 7.8999, 12.85],
			"to": [15, 8.8999, 14.85],
			"rotation": {"angle": 45, "axis": "x", "origin": [8, 8.43561, 8]},
			"faces": {
				"north": {"uv": [15, 1, 1, 2], "texture": "#0"},
				"east": {"uv": [1, 1, 2, 3], "rotation": 90, "texture": "#0"},
				"south": {"uv": [1, 2, 15, 3], "texture": "#0"},
				"west": {"uv": [14, 1, 15, 3], "rotation": 270, "texture": "#0"},
				"down": {"uv": [1, 1, 15, 3], "texture": "#0"}
			}
		},
		{
			"from": [1, 7.8999, 8.85],
			"to": [15, 8.8999, 10.85],
			"rotation": {"angle": 45, "axis": "x", "origin": [8, 8.43561, 8]},
			"faces": {
				"north": {"uv": [15, 1, 1, 2], "texture": "#0"},
				"east": {"uv": [1, 1, 2, 3], "rotation": 90, "texture": "#0"},
				"south": {"uv": [1, 2, 15, 3], "texture": "#0"},
				"west": {"uv": [14, 1, 15, 3], "rotation": 270, "texture": "#0"},
				"down": {"uv": [1, 5, 15, 7], "texture": "#0"}
			}
		},
		{
			"from": [1, 7.8999, 4.85],
			"to": [15, 8.8999, 6.85],
			"rotation": {"angle": 45, "axis": "x", "origin": [8, 8.43561, 8]},
			"faces": {
				"north": {"uv": [15, 1, 1, 2], "texture": "#0"},
				"east": {"uv": [1, 1, 2, 3], "rotation": 90, "texture": "#0"},
				"south": {"uv": [1, 2, 15, 3], "texture": "#0"},
				"west": {"uv": [14, 1, 15, 3], "rotation": 270, "texture": "#0"},
				"down": {"uv": [1, 9, 15, 11], "texture": "#0"}
			}
		},
		{
			"from": [1, 7.8999, -3.15],
			"to": [15, 8.8999, -1.15],
			"rotation": {"angle": 45, "axis": "x", "origin": [8, 8.43561, 8]},
			"faces": {
				"north": {"uv": [15, 1, 1, 2], "texture": "#0"},
				"east": {"uv": [1, 1, 2, 3], "rotation": 90, "texture": "#0"},
				"south": {"uv": [1, 2, 15, 3], "texture": "#0"},
				"west": {"uv": [14, 1, 15, 3], "rotation": 270, "texture": "#0"},
				"down": {"uv": [1, 1, 15, 3], "texture": "#0"}
			}
		},
		{
			"from": [1, 7.8999, 0.85],
			"to": [15, 8.8999, 2.85],
			"rotation": {"angle": 45, "axis": "x", "origin": [8, 8.43561, 8]},
			"faces": {
				"north": {"uv": [15, 1, 1, 2], "texture": "#0"},
				"east": {"uv": [1, 1, 2, 3], "rotation": 90, "texture": "#0"},
				"south": {"uv": [1, 2, 15, 3], "texture": "#0"},
				"west": {"uv": [14, 1, 15, 3], "rotation": 270, "texture": "#0"},
				"down": {"uv": [1, 13, 15, 15], "texture": "#0"}
			}
		},
		{
			"from": [0, 8.901, -4.15],
			"to": [16, 8.901, -0.15],
			"rotation": {"angle": 45, "axis": "x", "origin": [8, 8.43581, 8]},
			"faces": {
				"up": {"uv": [0, 12, 16, 16], "texture": "#1"},
				"down": {"uv": [0, 0, 16, 16], "texture": "#1"}
			}
		},
		{
			"from": [0, 8.8999, 15.85],
			"to": [16, 8.8999, 19.85],
			"rotation": {"angle": 45, "axis": "x", "origin": [8, 8.43561, 8]},
			"faces": {
				"up": {"uv": [0, 0, 16, 4], "texture": "#1"},
				"down": {"uv": [0, 0, 16, 16], "texture": "#1"}
			}
		},
		{
			"from": [0, 8.898, -0.15],
			"to": [16, 8.898, 15.85],
			"rotation": {"angle": 45, "axis": "x", "origin": [8, 8.43561, 8]},
			"faces": {
				"up": {"uv": [0, 0, 16, 16], "texture": "#1"},
				"down": {"uv": [0, 0, 16, 16], "texture": "#1"}
			}
		}
	]
}