{
	"credit": "Made with Blockbench",
	"ambientocclusion": false,
	"textures": {
		"0": "block/rail",
		"1": "#rail",
		"particle": "#rail"
	},
	"elements": [
		{
			"from": [11.999, 7.9001, -3.85],
			"to": [13.999, 9.4001, 0.15],
			"rotation": {"angle": -45, "axis": "x", "origin": [8, 8.43581, 8]},
			"faces": {
				"north": {"uv": [2, 14, 4, 16], "texture": "#0"},
				"east": {"uv": [2, 0, 4, 3], "texture": "#0", "rotation": 90},
				"west": {"uv": [2, 0, 4, 3], "texture": "#0", "rotation": 90},
				"up": {"uv": [2, 0, 4, 3], "texture": "#0", "rotation": 180},
				"down": {"uv": [2, 12, 4, 16], "texture": "#0", "rotation": 180}
			}
		},
		{
			"from": [11.999, 7.8999, 16.15],
			"to": [13.999, 9.3999, 20.15],
			"rotation": {"angle": -45, "axis": "x", "origin": [8, 8.43561, 8]},
			"faces": {
				"east": {"uv": [2, 13, 4, 16], "texture": "#0", "rotation": 90},
				"south": {"uv": [4, 0, 2, 2], "texture": "#0"},
				"west": {"uv": [2, 13, 4, 16], "texture": "#0", "rotation": 90},
				"up": {"uv": [2, 13, 4, 16], "texture": "#0", "rotation": 180},
				"down": {"uv": [2, 0, 4, 4], "texture": "#0", "rotation": 180}
			}
		},
		{
			"from": [12, 7.8999, 0.15],
			"to": [14, 9.3999, 16.15],
			"rotation": {"angle": -45, "axis": "x", "origin": [8, 8.43561, 8]},
			"faces": {
				"east": {"uv": [2, 0, 4, 16], "texture": "#0", "rotation": 90},
				"west": {"uv": [2, 0, 4, 16], "texture": "#0", "rotation": 90},
				"up": {"uv": [2, 0, 4, 16], "texture": "#0", "rotation": 180},
				"down": {"uv": [2, 0, 4, 16], "texture": "#0", "rotation": 180}
			}
		},
		{
			"from": [1.999, 7.8999, 16.15],
			"to": [3.999, 9.3999, 20.15],
			"rotation": {"angle": -45, "axis": "x", "origin": [8, 8.43561, 8]},
			"faces": {
				"east": {"uv": [12, 13, 14, 16], "texture": "#0", "rotation": 270},
				"south": {"uv": [14, 0, 12, 2], "texture": "#0"},
				"west": {"uv": [12, 13, 14, 16], "texture": "#0", "rotation": 270},
				"up": {"uv": [12, 13, 14, 16], "texture": "#0", "rotation": 180},
				"down": {"uv": [12, 0, 14, 4], "texture": "#0", "rotation": 180}
			}
		},
		{
			"from": [1.999, 7.9001, -3.85],
			"to": [3.999, 9.4001, 0.15],
			"rotation": {"angle": -45, "axis": "x", "origin": [8, 8.43581, 8]},
			"faces": {
				"north": {"uv": [12, 14, 14, 16], "texture": "#0"},
				"east": {"uv": [12, 0, 14, 3], "texture": "#0", "rotation": 270},
				"west": {"uv": [12, 0, 14, 3], "texture": "#0", "rotation": 270},
				"up": {"uv": [12, 0, 14, 3], "texture": "#0", "rotation": 180},
				"down": {"uv": [12, 12, 14, 16], "texture": "#0", "rotation": 180}
			}
		},
		{
			"from": [2, 7.8999, 0.15],
			"to": [4, 9.3999, 16.15],
			"rotation": {"angle": -45, "axis": "x", "origin": [8, 8.43561, 8]},
			"faces": {
				"east": {"uv": [12, 0, 14, 16], "texture": "#0", "rotation": 270},
				"west": {"uv": [12, 0, 14, 16], "texture": "#0", "rotation": 270},
				"up": {"uv": [12, 0, 14, 16], "texture": "#0", "rotation": 180},
				"down": {"uv": [12, 0, 14, 16], "texture": "#0", "rotation": 180}
			}
		},
		{
			"from": [1, 7.8999, -2.85],
			"to": [15, 8.8999, -0.85],
			"rotation": {"angle": -45, "axis": "x", "origin": [8, 8.43561, 8]},
			"faces": {
				"north": {"uv": [1, 2, 15, 3], "texture": "#0"},
				"east": {"uv": [14, 1, 15, 3], "texture": "#0", "rotation": 270},
				"south": {"uv": [15, 1, 1, 2], "texture": "#0"},
				"west": {"uv": [1, 1, 2, 3], "texture": "#0", "rotation": 90},
				"down": {"uv": [1, 13, 15, 15], "texture": "#0", "rotation": 180}
			}
		},
		{
			"from": [1, 7.8999, 1.15],
			"to": [15, 8.8999, 3.15],
			"rotation": {"angle": -45, "axis": "x", "origin": [8, 8.43561, 8]},
			"faces": {
				"north": {"uv": [1, 2, 15, 3], "texture": "#0"},
				"east": {"uv": [14, 1, 15, 3], "texture": "#0", "rotation": 270},
				"south": {"uv": [15, 1, 1, 2], "texture": "#0"},
				"west": {"uv": [1, 1, 2, 3], "texture": "#0", "rotation": 90},
				"down": {"uv": [1, 1, 15, 3], "texture": "#0", "rotation": 180}
			}
		},
		{
			"from": [1, 7.8999, 5.15],
			"to": [15, 8.8999, 7.15],
			"rotation": {"angle": -45, "axis": "x", "origin": [8, 8.43561, 8]},
			"faces": {
				"north": {"uv": [1, 2, 15, 3], "texture": "#0"},
				"east": {"uv": [14, 1, 15, 3], "texture": "#0", "rotation": 270},
				"south": {"uv": [15, 1, 1, 2], "texture": "#0"},
				"west": {"uv": [1, 1, 2, 3], "texture": "#0", "rotation": 90},
				"down": {"uv": [1, 5, 15, 7], "texture": "#0", "rotation": 180}
			}
		},
		{
			"from": [1, 7.8999, 9.15],
			"to": [15, 8.8999, 11.15],
			"rotation": {"angle": -45, "axis": "x", "origin": [8, 8.43561, 8]},
			"faces": {
				"north": {"uv": [1, 2, 15, 3], "texture": "#0"},
				"east": {"uv": [14, 1, 15, 3], "texture": "#0", "rotation": 270},
				"south": {"uv": [15, 1, 1, 2], "texture": "#0"},
				"west": {"uv": [1, 1, 2, 3], "texture": "#0", "rotation": 90},
				"down": {"uv": [1, 9, 15, 11], "texture": "#0", "rotation": 180}
			}
		},
		{
			"from": [1, 7.8999, 17.15],
			"to": [15, 8.8999, 19.15],
			"rotation": {"angle": -45, "axis": "x", "origin": [8, 8.43561, 8]},
			"faces": {
				"north": {"uv": [1, 2, 15, 3], "texture": "#0"},
				"east": {"uv": [14, 1, 15, 3], "texture": "#0", "rotation": 270},
				"south": {"uv": [15, 1, 1, 2], "texture": "#0"},
				"west": {"uv": [1, 1, 2, 3], "texture": "#0", "rotation": 90},
				"down": {"uv": [1, 1, 15, 3], "texture": "#0", "rotation": 180}
			}
		},
		{
			"from": [1, 7.8999, 13.15],
			"to": [15, 8.8999, 15.15],
			"rotation": {"angle": -45, "axis": "x", "origin": [8, 8.43561, 8]},
			"faces": {
				"north": {"uv": [1, 2, 15, 3], "texture": "#0"},
				"east": {"uv": [14, 1, 15, 3], "texture": "#0", "rotation": 270},
				"south": {"uv": [15, 1, 1, 2], "texture": "#0"},
				"west": {"uv": [1, 1, 2, 3], "texture": "#0", "rotation": 90},
				"down": {"uv": [1, 13, 15, 15], "texture": "#0", "rotation": 180}
			}
		},
		{
			"from": [0, 8.901, 16.15],
			"to": [16, 8.901, 20.15],
			"rotation": {"angle": -45, "axis": "x", "origin": [8, 8.43581, 8]},
			"faces": {
				"up": {"uv": [0, 12, 16, 16], "texture": "#1", "rotation": 180},
				"down": {"uv": [0, 0, 16, 16], "texture": "#1", "rotation": 180}
			}
		},
		{
			"from": [0, 8.8999, -3.85],
			"to": [16, 8.8999, 0.15],
			"rotation": {"angle": -45, "axis": "x", "origin": [8, 8.43561, 8]},
			"faces": {
				"up": {"uv": [0, 0, 16, 4], "texture": "#1", "rotation": 180},
				"down": {"uv": [0, 0, 16, 16], "texture": "#1", "rotation": 180}
			}
		},
		{
			"from": [0, 8.898, 0.15],
			"to": [16, 8.898, 16.15],
			"rotation": {"angle": -45, "axis": "x", "origin": [8, 8.43561, 8]},
			"faces": {
				"up": {"uv": [0, 0, 16, 16], "texture": "#1", "rotation": 180},
				"down": {"uv": [0, 0, 16, 16], "texture": "#1", "rotation": 180}
			}
		}
	]
}