{
	"textures": {
		"lit": "#lit",
		"wood": "block/wood",
		"iron": "block/iron_dark",
		"particle": "block/wood"
	},
	"elements": [ 	 
		{
			"__comment": "Element",
			"from": [ 7, 0, 7 ],
			"to": [ 9, 0.55, 9 ],
			"faces": {
				"down": { "uv": [ 7, 7, 9, 9 ], "texture": "#iron" },
				"up": { "uv": [ 7, 7, 9, 9 ], "texture": "#iron" },
				"north": { "uv": [ 7, 15.45, 9, 16 ], "texture": "#iron" },
				"south": { "uv": [ 7, 15.45, 9, 16 ], "texture": "#iron" },
				"west": { "uv": [ 7, 15.45, 9, 16 ], "texture": "#iron" },
				"east": { "uv": [ 7, 15.45, 9, 16 ], "texture": "#iron" }
			}
		},
		{
			"__comment": "Element",
			"from": [ 7.125, 0.5, 7.125 ],
			"to": [ 8.875, 6.5, 8.875 ],
			"faces": {
				"north": { "uv": [ 7.125, 9.5, 8.875, 15.5 ], "texture": "#wood" },
				"south": { "uv": [ 7.125, 9.5, 8.875, 15.5 ], "texture": "#wood" },
				"west": { "uv": [ 7.125, 9.5, 8.875, 15.5 ], "texture": "#wood" },
				"east": { "uv": [ 7.125, 9.5, 8.875, 15.5 ], "texture": "#wood" }
			}
		},
		{
			"__comment": "Element",
			"from": [ 7, 6.5, 7 ],
			"to": [ 9, 7.5, 9 ],
			"faces": {
				"down": { "uv": [ 7, 7, 9, 9 ], "texture": "#iron" },
				"up": { "uv": [ 7, 7, 9, 9 ], "texture": "#iron" },
				"north": { "uv": [ 7, 8.5, 9, 9.5 ], "texture": "#iron" },
				"south": { "uv": [ 7, 8.5, 9, 9.5 ], "texture": "#iron" },
				"west": { "uv": [ 7, 8.5, 9, 9.5 ], "texture": "#iron" },
				"east": { "uv": [ 7, 8.5, 9, 9.5 ], "texture": "#iron" }
			}
		},
		{
			"__comment": "Element",
			"from": [ 6.875, 7.5, 6.875 ],
			"to": [ 9.125, 8, 9.125 ],
			"faces": {
				"down": { "uv": [ 6.875, 6.875, 9.125, 9.125 ], "texture": "#iron" },
				"up": { "uv": [ 6.875, 6.875, 9.125, 9.125 ], "texture": "#iron" },
				"north": { "uv": [ 6.875, 8, 9.125, 8.5 ], "texture": "#iron" },
				"south": { "uv": [ 6.875, 8, 9.125, 8.5 ], "texture": "#iron" },
				"west": { "uv": [ 6.875, 8, 9.125, 8.5 ], "texture": "#iron" },
				"east": { "uv": [ 6.875, 8, 9.125, 8.5 ], "texture": "#iron" }
			}
		},
		{
			"__comment": "Element",
			"from": [ 7, 8, 7 ],
			"to": [ 9, 10, 9 ],
			"faces": {
				"up": { "uv": [ 7, 7, 9, 9 ], "texture": "#lit" },
				"north": { "uv": [ 7, 6, 9, 8 ], "texture": "#lit" },
				"south": { "uv": [ 7, 6, 9, 8 ], "texture": "#lit" },
				"west": { "uv": [ 7, 6, 9, 8 ], "texture": "#lit" },
				"east": { "uv": [ 7, 6, 9, 8 ], "texture": "#lit" }
			}
		},
		{
			"__comment": "Element",
			"from": [ 7, 4.5, 7 ],
			"to": [ 9, 5.5, 9 ],
			"faces": {
				"down": { "uv": [ 7, 7, 9, 9 ], "texture": "#iron" },
				"up": { "uv": [ 7, 7, 9, 9 ], "texture": "#iron" },
				"north": { "uv": [ 7, 10.5, 9, 11.5 ], "texture": "#iron" },
				"south": { "uv": [ 7, 10.5, 9, 11.5 ], "texture": "#iron" },
				"west": { "uv": [ 7, 10.5, 9, 11.5 ], "texture": "#iron" },
				"east": { "uv": [ 7, 10.5, 9, 11.5 ], "texture": "#iron" }
			}
		}
	],
	"display": {
		"thirdperson_righthand": {
			"translation":  [ 0, 1.4, 1 ],
			"scale":  [ 0.5, 0.5, 0.5 ]
		},
		"thirdperson_lefthand": {
			"translation":  [ 0, 1.4, 1 ],
			"scale":  [ 0.5, 0.5, 0.5 ]
		},
		"firstperson_righthand": {
			"rotation":  [ -30, 71, 0 ],
			"translation":  [ 1.13, 4, 1.13 ],
			"scale":  [ 0.5, 0.5, 0.5 ]
		},
		"firstperson_lefthand": {
			"rotation":  [ -30, 71, 0 ],
			"translation":  [ 1.13, 4, 1.13 ],
			"scale":  [ 0.5, 0.5, 0.5 ]
		},
		"gui": {
			"rotation":  [ 30, 45, 0 ],
			"translation":  [ 0, 3, 0 ],
			"scale":  [ 1.3, 1.3, 1.3 ]
		},
		"ground": {
			"translation":  [ 0, 3, 0 ],
			"scale":  [ 0.35, 0.35, 0.35 ]
		},
		"fixed": {
			"translation":  [ 0, 2, 0.6 ],
			"scale":  [ 0.8, 0.8, 0.8 ]
		}
	}
}