{
	"__comment": "Made by Mickey Joe Alpha",
    "ambientocclusion": false,
    "textures": {
        "particle": "block/vine_0",
        "vine": "block/vine_0"
    },
    "elements": [
        {   "from": [ 0, 15.2, 0 ],
            "to": [ 16, 15.2, 16 ],
            "shade": false,
            "faces": {
                "down":  { "uv": [ 0, 0, 16, 16 ], "texture": "#vine", "tintindex": 0 },
                "up":    { "uv": [ 0, 0, 16, 16 ], "texture": "#vine", "tintindex": 0 }
            }
        },
        {   "from": [ 15.2, 0, 0 ],
            "to": [ 15.2, 16, 16 ],
            "shade": false,
            "faces": {
                "west": { "uv": [ 0, 0, 16, 16 ], "texture": "#vine", "tintindex": 0 },
                "east": { "uv": [ 0, 0, 16, 16 ], "texture": "#vine", "tintindex": 0 }
            }
        },
        {   "from": [ 0.8, 0, 0 ],
            "to": [ 0.8, 16, 16 ],
            "shade": false,
            "faces": {
                "west": { "uv": [ 0, 0, 16, 16 ], "texture": "#vine", "tintindex": 0 },
                "east": { "uv": [ 0, 0, 16, 16 ], "texture": "#vine", "tintindex": 0 }
            }
        }
    ]
}
